[Licensing::Module] Trying to connect to existing licensing client channel...
[Licensing::IpcConnector] Successfully connected to: "LicenseClient-ryu" at "2026-06-10T15:07:42.7770894Z"
[Licensing::Client] Code 10 while verifying Licensing Client signature (process Id: 6760, path: "C:/Program Files/Unity Hub/UnityLicensingClient_V1/Unity.Licensing.Client.exe")
[Licensing::Module] LicensingClient has failed validation; ignoring
[Licensing::Client] Handshaking with LicensingClient:
  Version:                 1.17.4+4293ba1
  Session Id:              3aede68c939447e3a602b4f7ed226784
  Correlation Id:          a4ec32d7fa3ccb5e3ca9521351e72f06
  External correlation Id: 1482970046147664152
  Machine Id:              DmiLKw+t5DT3/hMBSqk+rgCMFBw=
[Licensing::Module] Successfully connected to LicensingClient on channel: "LicenseClient-ryu" (connect: 0.00s, validation: 0.01s, handshake: 0.04s)
[Licensing::IpcConnector] Successfully connected to: "LicenseClient-ryu-notifications" at "2026-06-10T15:07:42.833272Z"
[Licensing::Module] Error: Access token is unavailable; failed to update
[Licensing::Client] Successfully updated license
Built from '2022.3/respin/2022.3.62f2-4af31df585-v2' branch; Version is '2022.3.62f3 (96770f904ca7) revision 9860879'; Using compiler version '192829333'; Build Type 'Release'
OS: 'Windows 11  (10.0.26200) 64bit Professional' Language: 'ko' Physical Memory: 16300 MB
[Licensing::Client] Successfully resolved entitlement details
[Licensing::Module] Serial number assigned to: "14568691939415-UnityPersXXXX"
BatchMode: 1, IsHumanControllingUs: 0, StartBugReporterOnCrash: 0, Is64bit: 1, IsPro: 0
[Licensing::Client] Successfully resolved entitlement details

COMMAND LINE ARGUMENTS:
C:\Program Files\Unity\Hub\Editor\2022.3.62f3\Editor\Unity.exe
-batchmode
-nographics
-projectPath
C:\Users\ryu\Documents\Codex\2026-06-10\files-mentioned-by-the-user-3
-executeMethod
ProjectAPlus.Editor.ProjectAPlusAssetGenerator.RunAllStagesSmokeTest
-logFile
C:\Users\ryu\Documents\Codex\2026-06-10\files-mentioned-by-the-user-3\work\unity-all-stages-smoke.log
Successfully changed project path to: C:\Users\ryu\Documents\Codex\2026-06-10\files-mentioned-by-the-user-3
C:/Users/ryu/Documents/Codex/2026-06-10/files-mentioned-by-the-user-3
[UnityMemory] Configuration Parameters - Can be set up in boot.config
    "memorysetup-bucket-allocator-granularity=16"
    "memorysetup-bucket-allocator-bucket-count=8"
    "memorysetup-bucket-allocator-block-size=33554432"
    "memorysetup-bucket-allocator-block-count=8"
    "memorysetup-main-allocator-block-size=16777216"
    "memorysetup-thread-allocator-block-size=16777216"
    "memorysetup-gfx-main-allocator-block-size=16777216"
    "memorysetup-gfx-thread-allocator-block-size=16777216"
    "memorysetup-cache-allocator-block-size=4194304"
    "memorysetup-typetree-allocator-block-size=2097152"
    "memorysetup-profiler-bucket-allocator-granularity=16"
    "memorysetup-profiler-bucket-allocator-bucket-count=8"
    "memorysetup-profiler-bucket-allocator-block-size=33554432"
    "memorysetup-profiler-bucket-allocator-block-count=8"
    "memorysetup-profiler-allocator-block-size=16777216"
    "memorysetup-profiler-editor-allocator-block-size=1048576"
    "memorysetup-temp-allocator-size-main=16777216"
    "memorysetup-job-temp-allocator-block-size=2097152"
    "memorysetup-job-temp-allocator-block-size-background=1048576"
    "memorysetup-job-temp-allocator-reduction-small-platforms=262144"
    "memorysetup-allocator-temp-initial-block-size-main=262144"
    "memorysetup-allocator-temp-initial-block-size-worker=262144"
    "memorysetup-temp-allocator-size-background-worker=32768"
    "memorysetup-temp-allocator-size-job-worker=262144"
    "memorysetup-temp-allocator-size-preload-manager=33554432"
    "memorysetup-temp-allocator-size-nav-mesh-worker=65536"
    "memorysetup-temp-allocator-size-audio-worker=65536"
    "memorysetup-temp-allocator-size-cloud-worker=32768"
    "memorysetup-temp-allocator-size-gi-baking-worker=262144"
    "memorysetup-temp-allocator-size-gfx=262144"
Player connection [30300]  Target information:

Player connection [30300]  * "[IP] 192.168.45.15 [Port] 55504 [Flags] 2 [Guid] 3853482350 [EditorId] 3853482350 [Version] 1048832 [Id] WindowsEditor(7,DESKTOP-27JCNNG) [Debug] 1 [PackageName] WindowsEditor [ProjectName] Editor" 

Player connection [30300]  * "[IP] 10.121.44.238 [Port] 55504 [Flags] 2 [Guid] 3853482350 [EditorId] 3853482350 [Version] 1048832 [Id] WindowsEditor(7,DESKTOP-27JCNNG) [Debug] 1 [PackageName] WindowsEditor [ProjectName] Editor" 

Player connection [30300] Host joined multi-casting on [225.0.0.222:54997]...
Player connection [30300] Host joined alternative multi-casting on [225.0.0.222:34997]...
Input System module state changed to: Initialized.
[PhysX] Initialized MultithreadedTaskDispatcher with 16 workers.
[Package Manager] UpmClient::Connect -- Connected to IPC stream "Upm-26056" after 0.5 seconds.
[Package Manager] Restoring resolved packages state from cache
[Licensing::Client] Successfully resolved entitlement details
[Package Manager] Registered 7 packages:
  Built-in packages:
    com.unity.modules.audio@1.0.0 (location: C:\Users\ryu\Documents\Codex\2026-06-10\files-mentioned-by-the-user-3\Library\PackageCache\com.unity.modules.audio@1.0.0)
    com.unity.modules.imageconversion@1.0.0 (location: C:\Users\ryu\Documents\Codex\2026-06-10\files-mentioned-by-the-user-3\Library\PackageCache\com.unity.modules.imageconversion@1.0.0)
    com.unity.modules.jsonserialize@1.0.0 (location: C:\Users\ryu\Documents\Codex\2026-06-10\files-mentioned-by-the-user-3\Library\PackageCache\com.unity.modules.jsonserialize@1.0.0)
    com.unity.modules.physics2d@1.0.0 (location: C:\Users\ryu\Documents\Codex\2026-06-10\files-mentioned-by-the-user-3\Library\PackageCache\com.unity.modules.physics2d@1.0.0)
    com.unity.modules.ui@1.0.0 (location: C:\Users\ryu\Documents\Codex\2026-06-10\files-mentioned-by-the-user-3\Library\PackageCache\com.unity.modules.ui@1.0.0)
    com.unity.ugui@1.0.0 (location: C:\Users\ryu\Documents\Codex\2026-06-10\files-mentioned-by-the-user-3\Library\PackageCache\com.unity.ugui@1.0.0)
    com.unity.modules.imgui@1.0.0 (location: C:\Users\ryu\Documents\Codex\2026-06-10\files-mentioned-by-the-user-3\Library\PackageCache\com.unity.modules.imgui@1.0.0)
[Subsystems] No new subsystems found in resolved package list.
Package Manager log level set to [2]
[Package Manager] Done registering packages in 0.06 seconds
Artifact Garbage Collection - Removed 2 unused hashed content files
Refreshing native plugins compatible for Editor in 0.00 ms, found 0 plugins.
Preloading 0 native plugins for Editor in 0.00 ms.
Initialize engine version: 2022.3.62f3 (96770f904ca7)
[Subsystems] Discovering subsystems at path C:/Program Files/Unity/Hub/Editor/2022.3.62f3/Editor/Data/Resources/UnitySubsystems
[Subsystems] Discovering subsystems at path C:/Users/ryu/Documents/Codex/2026-06-10/files-mentioned-by-the-user-3/Assets
Forcing GfxDevice: Null
GfxDevice: creating device client; threaded=0; jobified=0
NullGfxDevice:
    Version:  NULL 1.0 [1.0]
    Renderer: Null Device
    Vendor:   Unity Technologies
[Licensing::Client] Successfully resolved entitlement details
Initialize mono
Mono path[0] = 'C:/Program Files/Unity/Hub/Editor/2022.3.62f3/Editor/Data/Managed'
Mono path[1] = 'C:/Program Files/Unity/Hub/Editor/2022.3.62f3/Editor/Data/MonoBleedingEdge/lib/mono/unityjit-win32'
Mono config path = 'C:/Program Files/Unity/Hub/Editor/2022.3.62f3/Editor/Data/MonoBleedingEdge/etc'
Using monoOptions --debugger-agent=transport=dt_socket,embedding=1,server=y,suspend=n,address=127.0.0.1:56056
Using cacheserver namespaces - metadata:defaultmetadata, artifacts:defaultartifacts
Using cacheserver namespaces - metadata:defaultmetadata, artifacts:defaultartifacts
ImportWorker Server TCP listen port: 0
Begin MonoManager ReloadAssembly
Registering precompiled unity dll's ...
Register platform support module: C:/Program Files/Unity/Hub/Editor/2022.3.62f3/Editor/Data/PlaybackEngines/WindowsStandaloneSupport/UnityEditor.WindowsStandalone.Extensions.dll
Registered in 0.009508 seconds.
- Loaded All Assemblies, in  0.372 seconds
Native extension for WindowsStandalone target not found
Mono: successfully reloaded assembly
- Finished resetting the current domain, in  0.266 seconds
Domain Reload Profiling: 637ms
	BeginReloadAssembly (114ms)
		ExecutionOrderSort (0ms)
		DisableScriptedObjects (0ms)
		BackupInstance (0ms)
		ReleaseScriptingObjects (0ms)
		CreateAndSetChildDomain (1ms)
	RebuildCommonClasses (35ms)
	RebuildNativeTypeToScriptingClass (10ms)
	initialDomainReloadingComplete (63ms)
	LoadAllAssembliesAndSetupDomain (147ms)
		LoadAssemblies (111ms)
		RebuildTransferFunctionScriptingTraits (0ms)
		AnalyzeDomain (145ms)
			TypeCache.Refresh (144ms)
				TypeCache.ScanAssembly (130ms)
			ScanForSourceGeneratedMonoScriptInfo (0ms)
			ResolveRequiredComponents (0ms)
	FinalizeReload (267ms)
		ReleaseScriptCaches (0ms)
		RebuildScriptCaches (0ms)
		SetupLoadedEditorAssemblies (213ms)
			LogAssemblyErrors (0ms)
			InitializePlatformSupportModulesInManaged (9ms)
			SetLoadedEditorAssemblies (7ms)
			RefreshPlugins (0ms)
			BeforeProcessingInitializeOnLoad (2ms)
			ProcessInitializeOnLoadAttributes (148ms)
			ProcessInitializeOnLoadMethodAttributes (46ms)
			AfterProcessingInitializeOnLoad (0ms)
			EditorAssembliesLoaded (0ms)
		ExecutionOrderSort2 (0ms)
		AwakeInstancesAfterBackupRestoration (0ms)
[Licensing::Client] Successfully resolved entitlement details
Application.AssetDatabase Initial Refresh Start
[ScriptCompilation] Requested script compilation because: Assetdatabase observed changes in script compilation related files
info: Microsoft.Hosting.Lifetime[14]
      Now listening on: http://localhost:80
info: Microsoft.Hosting.Lifetime[0]
      Application started. Press Ctrl+C to shut down.
info: Microsoft.Hosting.Lifetime[0]
      Hosting environment: Production
info: Microsoft.Hosting.Lifetime[0]
      Content root path: C:\Users\ryu\Documents\Codex\2026-06-10\files-mentioned-by-the-user-3\
info: Microsoft.AspNetCore.Hosting.Diagnostics[1]
      Request starting HTTP/2 POST http://ilpp/UnityILPP.PostProcessing/Ping application/grpc -
info: Microsoft.AspNetCore.Routing.EndpointMiddleware[0]
      Executing endpoint 'gRPC - /UnityILPP.PostProcessing/Ping'
info: Microsoft.AspNetCore.Routing.EndpointMiddleware[1]
      Executed endpoint 'gRPC - /UnityILPP.PostProcessing/Ping'
info: Microsoft.AspNetCore.Hosting.Diagnostics[2]
      Request finished HTTP/2 POST http://ilpp/UnityILPP.PostProcessing/Ping application/grpc - - 200 - application/grpc 39.9483ms
Starting: C:\Program Files\Unity\Hub\Editor\2022.3.62f3\Editor\Data\bee_backend.exe --ipc --defer-dag-verification --dagfile="Library/Bee/1900b0aE.dag" --continue-on-failure --profile="Library/Bee/backend1.traceevents" ScriptAssemblies
WorkingDir: C:/Users/ryu/Documents/Codex/2026-06-10/files-mentioned-by-the-user-3
DisplayProgressbar: Compiling Scripts
ExitCode: 0 Duration: 4s752ms
[118/121    4s] Csc Library/Bee/artifacts/1900b0aE.dag/Assembly-CSharp-Editor.dll (+2 others)
[119/121    0s] CopyFiles Library/ScriptAssemblies/Assembly-CSharp-Editor.pdb
[120/121    0s] CopyFiles Library/ScriptAssemblies/Assembly-CSharp-Editor.dll
*** Tundra build success (4.72 seconds), 3 items updated, 121 evaluated
AssetDatabase: script compilation time: 5.245636s
Begin MonoManager ReloadAssembly
Total cache size 2101952
Total cache size after purge 2101952
- Loaded All Assemblies, in  0.351 seconds
Refreshing native plugins compatible for Editor in 0.00 ms, found 0 plugins.
Preloading 0 native plugins for Editor in 0.00 ms.
Start importing Assets/ProjectAPlus/Editor/ProjectAPlusAssetGenerator.cs using Guid(baf1e1b45373d104d9790e6a753617ff) Importer(-1,00000000000000000000000000000000) [PhysX] Initialized MultithreadedTaskDispatcher with 16 workers.
 -> (artifact id: 'b738d42ffb93e988ef6d701376e12087') in 0.022778 seconds
Refreshing native plugins compatible for Editor in 0.00 ms, found 0 plugins.
Native extension for WindowsStandalone target not found
Mono: successfully reloaded assembly
- Finished resetting the current domain, in  0.347 seconds
Domain Reload Profiling: 695ms
	BeginReloadAssembly (161ms)
		ExecutionOrderSort (0ms)
		DisableScriptedObjects (8ms)
		BackupInstance (0ms)
		ReleaseScriptingObjects (0ms)
		CreateAndSetChildDomain (27ms)
	RebuildCommonClasses (33ms)
	RebuildNativeTypeToScriptingClass (10ms)
	initialDomainReloadingComplete (28ms)
	LoadAllAssembliesAndSetupDomain (116ms)
		LoadAssemblies (185ms)
		RebuildTransferFunctionScriptingTraits (0ms)
		AnalyzeDomain (12ms)
			TypeCache.Refresh (7ms)
				TypeCache.ScanAssembly (3ms)
			ScanForSourceGeneratedMonoScriptInfo (1ms)
			ResolveRequiredComponents (2ms)
	FinalizeReload (347ms)
		ReleaseScriptCaches (0ms)
		RebuildScriptCaches (0ms)
		SetupLoadedEditorAssemblies (223ms)
			LogAssemblyErrors (0ms)
			InitializePlatformSupportModulesInManaged (7ms)
			SetLoadedEditorAssemblies (5ms)
			RefreshPlugins (0ms)
			BeforeProcessingInitializeOnLoad (41ms)
			ProcessInitializeOnLoadAttributes (134ms)
			ProcessInitializeOnLoadMethodAttributes (23ms)
			AfterProcessingInitializeOnLoad (13ms)
			EditorAssembliesLoaded (0ms)
		ExecutionOrderSort2 (0ms)
		AwakeInstancesAfterBackupRestoration (11ms)
Refreshing native plugins compatible for Editor in 0.00 ms, found 0 plugins.
Preloading 0 native plugins for Editor in 0.00 ms.
Asset Pipeline Refresh (id=04739cd9ce509c543ac3dfd2a6e1370d): Total: 6.248 seconds - Initiated by InitialRefreshV2(ForceSynchronousImport)
	Summary:
		Imports: total=1 (actual=1, local cache=0, cache server=0)
		Asset DB Process Time: managed=3 ms, native=197 ms
		Asset DB Callback time: managed=57 ms, native=2 ms
		Scripting: domain reloads=1, domain reload time=723 ms, compile time=5247 ms, other=15 ms
		Project Asset Count: scripts=345, non-scripts=66
		Asset File Changes: new=0, changed=1, moved=0, deleted=0
		Scan Filter Count: 0
	InvokeBeforeRefreshCallbacks: 0.883ms
	ApplyChangesToAssetFolders: 0.014ms
	Scan: 41.928ms
	OnSourceAssetsModified: 2.452ms
	GetAllGuidsForCategorization: 0.072ms
	CategorizeAssets: 4.244ms
	ImportOutOfDateAssets: 377.535ms (-4899.699ms without children)
		ImportManagerImport: 28.142ms (5.122ms without children)
			ImportInProcess: 22.998ms
			UpdateCategorizedAssets: 0.022ms
		CompileScripts: 5247.168ms
		ReloadNativeAssets: 0.000ms
		UnloadImportedAssets: 1.373ms
		ReloadImportedAssets: 0.321ms
		EnsureUptoDateAssetsAreRegisteredWithGuidPM: 0.112ms
		InitializingProgressBar: 0.007ms
		PostProcessAllAssetNotificationsAddChangedAssets: 0.001ms
		OnDemandSchedulerStart: 0.110ms
	PostProcessAllAssets: 56.084ms
	Hotreload: 0.647ms
	GatherAllCurrentPrimaryArtifactRevisions: 0.000ms
	UnloadStreamsBegin: 0.243ms
	PersistCurrentRevisions: 0.066ms
	UnloadStreamsEnd: 0.005ms
	GenerateScriptTypeHashes: 0.042ms
	Untracked: 5763.450ms
Application.AssetDatabase Initial Refresh End
Scanning for USB devices : 5.203ms
Initializing Unity extensions:
[Licensing::Client] Successfully resolved entitlement details
[MODES] ModeService[none].Initialize
[MODES] ModeService[none].LoadModes
[MODES] Loading mode Default (0) for mode-current-id-files-mentioned-by-the-user-3
[PhysX] Initialized MultithreadedTaskDispatcher with 16 workers.
ProgressiveSceneManager::Cancel()
Unloading 3 Unused Serialized files (Serialized files now loaded: 0)
Unloading 14 unused Assets / (470.0 KB). Loaded Objects now: 752.
Memory consumption went from 78.9 MB to 78.5 MB.
Total: 2.879700 ms (FindLiveObjects: 0.059200 ms CreateObjectMapping: 0.009700 ms MarkObjects: 2.543000 ms  DeleteObjects: 0.267300 ms)

Opening scene 'Assets/ProjectAPlus/Scenes/BootScene.unity'
[PhysX] Initialized MultithreadedTaskDispatcher with 16 workers.
Unloading 0 Unused Serialized files (Serialized files now loaded: 0)
Loaded scene 'Assets/ProjectAPlus/Scenes/BootScene.unity'
	Deserialize:            1.824 ms
	Integration:            4.913 ms
	Integration of assets:  0.001 ms
	Thread Wait Time:       0.010 ms
	Total Operation Time:   6.748 ms
Unloading 1 unused Assets / (0.5 KB). Loaded Objects now: 755.
Memory consumption went from 77.1 MB to 77.1 MB.
Total: 2.502400 ms (FindLiveObjects: 0.055000 ms CreateObjectMapping: 0.010200 ms MarkObjects: 2.417200 ms  DeleteObjects: 0.018600 ms)

Microsoft Media Foundation video decoding to texture disabled: graphics device is Null, only Direct3D 11 and Direct3D 12 (only on desktop) are supported for hardware-accelerated video decoding.
[Project] Loading completed in 8.823 seconds
	Project init time: 				7.970 seconds
		Template init time: 		0.000 seconds
		Package Manager init time: 		0.480 seconds
		Asset Database init time: 		0.187 seconds
		Global illumination init time: 	0.003 seconds
		Assemblies load time: 			0.657 seconds
		Unity extensions init time: 	0.001 seconds
		Asset Database refresh time: 	0.000 seconds
	Scene opening time: 			0.135 seconds
##utp:{"type":"ProjectInfo","version":2,"phase":"Immediate","time":1781104071577,"processId":26056,"projectLoad":8.822893899999999,"projectInit":7.969881,"templateInit":0.0,"packageManagerInit":0.4801867,"assetDatabaseInit":0.1871512,"globalIlluminationInit":0.0026325,"assembliesLoad":0.6571038,"unityExtensionsInit":0.000849,"assetDatabaseRefresh":0.0,"sceneOpening":0.1352549}
##utp:{"type":"EditorInfo","version":2,"phase":"Immediate","time":1781104071577,"processId":26056,"editorVersion":"2022.3.62f3 (96770f904ca7)","branch":"2022.3/respin/2022.3.62f2-4af31df585-v2","buildType":"Release","platform":"Windows"}
Reloading assemblies for play mode.
Reloading assemblies after forced synchronous recompile.
Begin MonoManager ReloadAssembly
- Loaded All Assemblies, in  0.230 seconds
Refreshing native plugins compatible for Editor in 0.00 ms, found 0 plugins.
Native extension for WindowsStandalone target not found
Mono: successfully reloaded assembly
- Finished resetting the current domain, in  0.408 seconds
Domain Reload Profiling: 636ms
	BeginReloadAssembly (138ms)
		ExecutionOrderSort (0ms)
		DisableScriptedObjects (5ms)
		BackupInstance (0ms)
		ReleaseScriptingObjects (0ms)
		CreateAndSetChildDomain (23ms)
	RebuildCommonClasses (34ms)
	RebuildNativeTypeToScriptingClass (11ms)
	initialDomainReloadingComplete (32ms)
	LoadAllAssembliesAndSetupDomain (13ms)
		LoadAssemblies (92ms)
		RebuildTransferFunctionScriptingTraits (0ms)
		AnalyzeDomain (9ms)
			TypeCache.Refresh (3ms)
				TypeCache.ScanAssembly (0ms)
			ScanForSourceGeneratedMonoScriptInfo (0ms)
			ResolveRequiredComponents (4ms)
	FinalizeReload (409ms)
		ReleaseScriptCaches (0ms)
		RebuildScriptCaches (0ms)
		SetupLoadedEditorAssemblies (255ms)
			LogAssemblyErrors (0ms)
			InitializePlatformSupportModulesInManaged (7ms)
			SetLoadedEditorAssemblies (6ms)
			RefreshPlugins (0ms)
			BeforeProcessingInitializeOnLoad (39ms)
			ProcessInitializeOnLoadAttributes (167ms)
			ProcessInitializeOnLoadMethodAttributes (27ms)
			AfterProcessingInitializeOnLoad (9ms)
			EditorAssembliesLoaded (0ms)
		ExecutionOrderSort2 (0ms)
		AwakeInstancesAfterBackupRestoration (5ms)
Asset Pipeline Refresh (id=c978122628972ac49876cd3060c46e6c): Total: 0.699 seconds - Initiated by StopAssetImportingV2(ForceSynchronousImport | ForceDomainReload)
	Summary:
		Imports: total=0 (actual=0, local cache=0, cache server=0)
		Asset DB Process Time: managed=0 ms, native=34 ms
		Asset DB Callback time: managed=12 ms, native=0 ms
		Scripting: domain reloads=1, domain reload time=649 ms, compile time=2 ms, other=0 ms
		Project Asset Count: scripts=345, non-scripts=66
		Asset File Changes: new=0, changed=0, moved=0, deleted=0
		Scan Filter Count: 0
	InvokeBeforeRefreshCallbacks: 0.908ms
	ApplyChangesToAssetFolders: 0.014ms
	Scan: 0.001ms
	OnSourceAssetsModified: 0.001ms
	GetAllGuidsForCategorization: 0.087ms
	CategorizeAssets: 3.140ms
	ImportOutOfDateAssets: 409.499ms (407.515ms without children)
		CompileScripts: 1.717ms
		CollectScriptTypesHashes: 0.000ms
		ReloadNativeAssets: 0.000ms
		UnloadImportedAssets: 0.071ms
		EnsureUptoDateAssetsAreRegisteredWithGuidPM: 0.100ms
		InitializingProgressBar: 0.000ms
		PostProcessAllAssetNotificationsAddChangedAssets: 0.000ms
		OnDemandSchedulerStart: 0.094ms
	PostProcessAllAssets: 12.226ms
	GatherAllCurrentPrimaryArtifactRevisions: 0.038ms
	UnloadStreamsBegin: 0.052ms
	PersistCurrentRevisions: 0.013ms
	UnloadStreamsEnd: 0.002ms
	GenerateScriptTypeHashes: 0.018ms
	Untracked: 273.138ms
[PhysX] Initialized MultithreadedTaskDispatcher with 16 workers.
Project A+ core validation passed.
UnityEngine.StackTraceUtility:ExtractStackTrace ()
UnityEngine.DebugLogHandler:LogFormat (UnityEngine.LogType,UnityEngine.Object,string,object[])
UnityEngine.Logger:Log (UnityEngine.LogType,object)
UnityEngine.Debug:Log (object)
ProjectAPlus.ProjectValidator:LogResult () (at Assets/ProjectAPlus/Scripts/Utility/ProjectValidator.cs:33)
ProjectAPlus.GameManager:Awake () (at Assets/ProjectAPlus/Scripts/Core/GameManager.cs:46)
UnityEngine.GameObject:AddComponent (System.Type)
UnityEngine.GameObject:AddComponent<ProjectAPlus.GameManager> ()
ProjectAPlus.GameManager:Bootstrap () (at Assets/ProjectAPlus/Scripts/Core/GameManager.cs:26)

(Filename: Assets/ProjectAPlus/Scripts/Utility/ProjectValidator.cs Line: 33)

Project A+ title ready.
UnityEngine.StackTraceUtility:ExtractStackTrace ()
UnityEngine.DebugLogHandler:LogFormat (UnityEngine.LogType,UnityEngine.Object,string,object[])
UnityEngine.Logger:Log (UnityEngine.LogType,object)
UnityEngine.Debug:Log (object)
ProjectAPlus.GameManager:Awake () (at Assets/ProjectAPlus/Scripts/Core/GameManager.cs:52)
UnityEngine.GameObject:AddComponent (System.Type)
UnityEngine.GameObject:AddComponent<ProjectAPlus.GameManager> ()
ProjectAPlus.GameManager:Bootstrap () (at Assets/ProjectAPlus/Scripts/Core/GameManager.cs:26)

(Filename: Assets/ProjectAPlus/Scripts/Core/GameManager.cs Line: 52)

Loaded scene 'Temp/__Backupscenes/0.backup'
	Deserialize:            0.528 ms
	Integration:            199.225 ms
	Integration of assets:  0.003 ms
	Thread Wait Time:       0.007 ms
	Total Operation Time:   199.762 ms
[MODES] ModeService[none].Initialize
[MODES] ModeService[none].LoadModes
[MODES] Loading mode Default (0) for mode-current-id-files-mentioned-by-the-user-3
Sprite Tiling might not appear correctly because the Sprite used is not generated with Full Rect. To fix this, change the Mesh Type in the Sprite's import setting to Full Rect
UnityEngine.StackTraceUtility:ExtractStackTrace ()
ProjectAPlus.StageManager:Platform (UnityEngine.Vector2,UnityEngine.Vector2,UnityEngine.Color) (at Assets/ProjectAPlus/Scripts/Core/StageManager.cs:112)
ProjectAPlus.StageManager:BuildEnvironment () (at Assets/ProjectAPlus/Scripts/Core/StageManager.cs:62)
ProjectAPlus.StageManager:Load (ProjectAPlus.StageData) (at Assets/ProjectAPlus/Scripts/Core/StageManager.cs:35)
ProjectAPlus.GameManager:LoadStage (int) (at Assets/ProjectAPlus/Scripts/Core/GameManager.cs:108)
ProjectAPlus.Editor.ProjectAPlusAssetGenerator:AllStagesSmokeUpdate () (at Assets/ProjectAPlus/Editor/ProjectAPlusAssetGenerator.cs:157)
UnityEditor.EditorApplication:Internal_CallUpdateFunctions ()

[Assets/ProjectAPlus/Scripts/Core/StageManager.cs line 62]

Sprite Tiling might not appear correctly because the Sprite used is not generated with Full Rect. To fix this, change the Mesh Type in the Sprite's import setting to Full Rect
UnityEngine.StackTraceUtility:ExtractStackTrace ()
ProjectAPlus.StageManager:Platform (UnityEngine.Vector2,UnityEngine.Vector2,UnityEngine.Color) (at Assets/ProjectAPlus/Scripts/Core/StageManager.cs:112)
ProjectAPlus.StageManager:BuildEnvironment () (at Assets/ProjectAPlus/Scripts/Core/StageManager.cs:63)
ProjectAPlus.StageManager:Load (ProjectAPlus.StageData) (at Assets/ProjectAPlus/Scripts/Core/StageManager.cs:35)
ProjectAPlus.GameManager:LoadStage (int) (at Assets/ProjectAPlus/Scripts/Core/GameManager.cs:108)
ProjectAPlus.Editor.ProjectAPlusAssetGenerator:AllStagesSmokeUpdate () (at Assets/ProjectAPlus/Editor/ProjectAPlusAssetGenerator.cs:157)
UnityEditor.EditorApplication:Internal_CallUpdateFunctions ()

[Assets/ProjectAPlus/Scripts/Core/StageManager.cs line 63]

Sprite Tiling might not appear correctly because the Sprite used is not generated with Full Rect. To fix this, change the Mesh Type in the Sprite's import setting to Full Rect
UnityEngine.StackTraceUtility:ExtractStackTrace ()
ProjectAPlus.StageManager:Platform (UnityEngine.Vector2,UnityEngine.Vector2,UnityEngine.Color) (at Assets/ProjectAPlus/Scripts/Core/StageManager.cs:112)
ProjectAPlus.StageManager:BuildEnvironment () (at Assets/ProjectAPlus/Scripts/Core/StageManager.cs:64)
ProjectAPlus.StageManager:Load (ProjectAPlus.StageData) (at Assets/ProjectAPlus/Scripts/Core/StageManager.cs:35)
ProjectAPlus.GameManager:LoadStage (int) (at Assets/ProjectAPlus/Scripts/Core/GameManager.cs:108)
ProjectAPlus.Editor.ProjectAPlusAssetGenerator:AllStagesSmokeUpdate () (at Assets/ProjectAPlus/Editor/ProjectAPlusAssetGenerator.cs:157)
UnityEditor.EditorApplication:Internal_CallUpdateFunctions ()

[Assets/ProjectAPlus/Scripts/Core/StageManager.cs line 64]

Sprite Tiling might not appear correctly because the Sprite used is not generated with Full Rect. To fix this, change the Mesh Type in the Sprite's import setting to Full Rect
UnityEngine.StackTraceUtility:ExtractStackTrace ()
ProjectAPlus.StageManager:Platform (UnityEngine.Vector2,UnityEngine.Vector2,UnityEngine.Color) (at Assets/ProjectAPlus/Scripts/Core/StageManager.cs:112)
ProjectAPlus.StageManager:BuildEnvironment () (at Assets/ProjectAPlus/Scripts/Core/StageManager.cs:66)
ProjectAPlus.StageManager:Load (ProjectAPlus.StageData) (at Assets/ProjectAPlus/Scripts/Core/StageManager.cs:35)
ProjectAPlus.GameManager:LoadStage (int) (at Assets/ProjectAPlus/Scripts/Core/GameManager.cs:108)
ProjectAPlus.Editor.ProjectAPlusAssetGenerator:AllStagesSmokeUpdate () (at Assets/ProjectAPlus/Editor/ProjectAPlusAssetGenerator.cs:157)
UnityEditor.EditorApplication:Internal_CallUpdateFunctions ()

[Assets/ProjectAPlus/Scripts/Core/StageManager.cs line 66]

Sprite Tiling might not appear correctly because the Sprite used is not generated with Full Rect. To fix this, change the Mesh Type in the Sprite's import setting to Full Rect
UnityEngine.StackTraceUtility:ExtractStackTrace ()
ProjectAPlus.StageManager:Platform (UnityEngine.Vector2,UnityEngine.Vector2,UnityEngine.Color) (at Assets/ProjectAPlus/Scripts/Core/StageManager.cs:112)
ProjectAPlus.StageManager:BuildEnvironment () (at Assets/ProjectAPlus/Scripts/Core/StageManager.cs:67)
ProjectAPlus.StageManager:Load (ProjectAPlus.StageData) (at Assets/ProjectAPlus/Scripts/Core/StageManager.cs:35)
ProjectAPlus.GameManager:LoadStage (int) (at Assets/ProjectAPlus/Scripts/Core/GameManager.cs:108)
ProjectAPlus.Editor.ProjectAPlusAssetGenerator:AllStagesSmokeUpdate () (at Assets/ProjectAPlus/Editor/ProjectAPlusAssetGenerator.cs:157)
UnityEditor.EditorApplication:Internal_CallUpdateFunctions ()

[Assets/ProjectAPlus/Scripts/Core/StageManager.cs line 67]

Sprite Tiling might not appear correctly because the Sprite used is not generated with Full Rect. To fix this, change the Mesh Type in the Sprite's import setting to Full Rect
UnityEngine.StackTraceUtility:ExtractStackTrace ()
ProjectAPlus.StageManager:Platform (UnityEngine.Vector2,UnityEngine.Vector2,UnityEngine.Color) (at Assets/ProjectAPlus/Scripts/Core/StageManager.cs:112)
ProjectAPlus.StageManager:BuildEnvironment () (at Assets/ProjectAPlus/Scripts/Core/StageManager.cs:68)
ProjectAPlus.StageManager:Load (ProjectAPlus.StageData) (at Assets/ProjectAPlus/Scripts/Core/StageManager.cs:35)
ProjectAPlus.GameManager:LoadStage (int) (at Assets/ProjectAPlus/Scripts/Core/GameManager.cs:108)
ProjectAPlus.Editor.ProjectAPlusAssetGenerator:AllStagesSmokeUpdate () (at Assets/ProjectAPlus/Editor/ProjectAPlusAssetGenerator.cs:157)
UnityEditor.EditorApplication:Internal_CallUpdateFunctions ()

[Assets/ProjectAPlus/Scripts/Core/StageManager.cs line 68]

Sprite Tiling might not appear correctly because the Sprite used is not generated with Full Rect. To fix this, change the Mesh Type in the Sprite's import setting to Full Rect
UnityEngine.StackTraceUtility:ExtractStackTrace ()
ProjectAPlus.StageManager:Platform (UnityEngine.Vector2,UnityEngine.Vector2,UnityEngine.Color) (at Assets/ProjectAPlus/Scripts/Core/StageManager.cs:112)
ProjectAPlus.StageManager:BuildEnvironment () (at Assets/ProjectAPlus/Scripts/Core/StageManager.cs:69)
ProjectAPlus.StageManager:Load (ProjectAPlus.StageData) (at Assets/ProjectAPlus/Scripts/Core/StageManager.cs:35)
ProjectAPlus.GameManager:LoadStage (int) (at Assets/ProjectAPlus/Scripts/Core/GameManager.cs:108)
ProjectAPlus.Editor.ProjectAPlusAssetGenerator:AllStagesSmokeUpdate () (at Assets/ProjectAPlus/Editor/ProjectAPlusAssetGenerator.cs:157)
UnityEditor.EditorApplication:Internal_CallUpdateFunctions ()

[Assets/ProjectAPlus/Scripts/Core/StageManager.cs line 69]

Created GICache directory at C:/Users/ryu/AppData/LocalLow/Unity/Caches/GiCache. Took: 0.033s, timestamps: [9.833 - 9.866]
Project A+ Stage 1 runtime smoke: True, enemies=3, bosses=0
UnityEngine.StackTraceUtility:ExtractStackTrace ()
UnityEngine.DebugLogHandler:LogFormat (UnityEngine.LogType,UnityEngine.Object,string,object[])
UnityEngine.Logger:Log (UnityEngine.LogType,object)
UnityEngine.Debug:Log (object)
ProjectAPlus.Editor.ProjectAPlusAssetGenerator:AllStagesSmokeUpdate () (at Assets/ProjectAPlus/Editor/ProjectAPlusAssetGenerator.cs:171)
UnityEditor.EditorApplication:Internal_CallUpdateFunctions ()

(Filename: Assets/ProjectAPlus/Editor/ProjectAPlusAssetGenerator.cs Line: 171)

Sprite Tiling might not appear correctly because the Sprite used is not generated with Full Rect. To fix this, change the Mesh Type in the Sprite's import setting to Full Rect
UnityEngine.StackTraceUtility:ExtractStackTrace ()
ProjectAPlus.StageManager:Platform (UnityEngine.Vector2,UnityEngine.Vector2,UnityEngine.Color) (at Assets/ProjectAPlus/Scripts/Core/StageManager.cs:112)
ProjectAPlus.StageManager:BuildEnvironment () (at Assets/ProjectAPlus/Scripts/Core/StageManager.cs:62)
ProjectAPlus.StageManager:Load (ProjectAPlus.StageData) (at Assets/ProjectAPlus/Scripts/Core/StageManager.cs:35)
ProjectAPlus.GameManager:LoadStage (int) (at Assets/ProjectAPlus/Scripts/Core/GameManager.cs:108)
ProjectAPlus.Editor.ProjectAPlusAssetGenerator:AllStagesSmokeUpdate () (at Assets/ProjectAPlus/Editor/ProjectAPlusAssetGenerator.cs:157)
UnityEditor.EditorApplication:Internal_CallUpdateFunctions ()

[Assets/ProjectAPlus/Scripts/Core/StageManager.cs line 62]

Sprite Tiling might not appear correctly because the Sprite used is not generated with Full Rect. To fix this, change the Mesh Type in the Sprite's import setting to Full Rect
UnityEngine.StackTraceUtility:ExtractStackTrace ()
ProjectAPlus.StageManager:Platform (UnityEngine.Vector2,UnityEngine.Vector2,UnityEngine.Color) (at Assets/ProjectAPlus/Scripts/Core/StageManager.cs:112)
ProjectAPlus.StageManager:BuildEnvironment () (at Assets/ProjectAPlus/Scripts/Core/StageManager.cs:63)
ProjectAPlus.StageManager:Load (ProjectAPlus.StageData) (at Assets/ProjectAPlus/Scripts/Core/StageManager.cs:35)
ProjectAPlus.GameManager:LoadStage (int) (at Assets/ProjectAPlus/Scripts/Core/GameManager.cs:108)
ProjectAPlus.Editor.ProjectAPlusAssetGenerator:AllStagesSmokeUpdate () (at Assets/ProjectAPlus/Editor/ProjectAPlusAssetGenerator.cs:157)
UnityEditor.EditorApplication:Internal_CallUpdateFunctions ()

[Assets/ProjectAPlus/Scripts/Core/StageManager.cs line 63]

Sprite Tiling might not appear correctly because the Sprite used is not generated with Full Rect. To fix this, change the Mesh Type in the Sprite's import setting to Full Rect
UnityEngine.StackTraceUtility:ExtractStackTrace ()
ProjectAPlus.StageManager:Platform (UnityEngine.Vector2,UnityEngine.Vector2,UnityEngine.Color) (at Assets/ProjectAPlus/Scripts/Core/StageManager.cs:112)
ProjectAPlus.StageManager:BuildEnvironment () (at Assets/ProjectAPlus/Scripts/Core/StageManager.cs:64)
ProjectAPlus.StageManager:Load (ProjectAPlus.StageData) (at Assets/ProjectAPlus/Scripts/Core/StageManager.cs:35)
ProjectAPlus.GameManager:LoadStage (int) (at Assets/ProjectAPlus/Scripts/Core/GameManager.cs:108)
ProjectAPlus.Editor.ProjectAPlusAssetGenerator:AllStagesSmokeUpdate () (at Assets/ProjectAPlus/Editor/ProjectAPlusAssetGenerator.cs:157)
UnityEditor.EditorApplication:Internal_CallUpdateFunctions ()

[Assets/ProjectAPlus/Scripts/Core/StageManager.cs line 64]

Sprite Tiling might not appear correctly because the Sprite used is not generated with Full Rect. To fix this, change the Mesh Type in the Sprite's import setting to Full Rect
UnityEngine.StackTraceUtility:ExtractStackTrace ()
ProjectAPlus.StageManager:Platform (UnityEngine.Vector2,UnityEngine.Vector2,UnityEngine.Color) (at Assets/ProjectAPlus/Scripts/Core/StageManager.cs:112)
ProjectAPlus.StageManager:BuildEnvironment () (at Assets/ProjectAPlus/Scripts/Core/StageManager.cs:66)
ProjectAPlus.StageManager:Load (ProjectAPlus.StageData) (at Assets/ProjectAPlus/Scripts/Core/StageManager.cs:35)
ProjectAPlus.GameManager:LoadStage (int) (at Assets/ProjectAPlus/Scripts/Core/GameManager.cs:108)
ProjectAPlus.Editor.ProjectAPlusAssetGenerator:AllStagesSmokeUpdate () (at Assets/ProjectAPlus/Editor/ProjectAPlusAssetGenerator.cs:157)
UnityEditor.EditorApplication:Internal_CallUpdateFunctions ()

[Assets/ProjectAPlus/Scripts/Core/StageManager.cs line 66]

Sprite Tiling might not appear correctly because the Sprite used is not generated with Full Rect. To fix this, change the Mesh Type in the Sprite's import setting to Full Rect
UnityEngine.StackTraceUtility:ExtractStackTrace ()
ProjectAPlus.StageManager:Platform (UnityEngine.Vector2,UnityEngine.Vector2,UnityEngine.Color) (at Assets/ProjectAPlus/Scripts/Core/StageManager.cs:112)
ProjectAPlus.StageManager:BuildEnvironment () (at Assets/ProjectAPlus/Scripts/Core/StageManager.cs:67)
ProjectAPlus.StageManager:Load (ProjectAPlus.StageData) (at Assets/ProjectAPlus/Scripts/Core/StageManager.cs:35)
ProjectAPlus.GameManager:LoadStage (int) (at Assets/ProjectAPlus/Scripts/Core/GameManager.cs:108)
ProjectAPlus.Editor.ProjectAPlusAssetGenerator:AllStagesSmokeUpdate () (at Assets/ProjectAPlus/Editor/ProjectAPlusAssetGenerator.cs:157)
UnityEditor.EditorApplication:Internal_CallUpdateFunctions ()

[Assets/ProjectAPlus/Scripts/Core/StageManager.cs line 67]

Sprite Tiling might not appear correctly because the Sprite used is not generated with Full Rect. To fix this, change the Mesh Type in the Sprite's import setting to Full Rect
UnityEngine.StackTraceUtility:ExtractStackTrace ()
ProjectAPlus.StageManager:Platform (UnityEngine.Vector2,UnityEngine.Vector2,UnityEngine.Color) (at Assets/ProjectAPlus/Scripts/Core/StageManager.cs:112)
ProjectAPlus.StageManager:BuildEnvironment () (at Assets/ProjectAPlus/Scripts/Core/StageManager.cs:68)
ProjectAPlus.StageManager:Load (ProjectAPlus.StageData) (at Assets/ProjectAPlus/Scripts/Core/StageManager.cs:35)
ProjectAPlus.GameManager:LoadStage (int) (at Assets/ProjectAPlus/Scripts/Core/GameManager.cs:108)
ProjectAPlus.Editor.ProjectAPlusAssetGenerator:AllStagesSmokeUpdate () (at Assets/ProjectAPlus/Editor/ProjectAPlusAssetGenerator.cs:157)
UnityEditor.EditorApplication:Internal_CallUpdateFunctions ()

[Assets/ProjectAPlus/Scripts/Core/StageManager.cs line 68]

Sprite Tiling might not appear correctly because the Sprite used is not generated with Full Rect. To fix this, change the Mesh Type in the Sprite's import setting to Full Rect
UnityEngine.StackTraceUtility:ExtractStackTrace ()
ProjectAPlus.StageManager:Platform (UnityEngine.Vector2,UnityEngine.Vector2,UnityEngine.Color) (at Assets/ProjectAPlus/Scripts/Core/StageManager.cs:112)
ProjectAPlus.StageManager:BuildEnvironment () (at Assets/ProjectAPlus/Scripts/Core/StageManager.cs:69)
ProjectAPlus.StageManager:Load (ProjectAPlus.StageData) (at Assets/ProjectAPlus/Scripts/Core/StageManager.cs:35)
ProjectAPlus.GameManager:LoadStage (int) (at Assets/ProjectAPlus/Scripts/Core/GameManager.cs:108)
ProjectAPlus.Editor.ProjectAPlusAssetGenerator:AllStagesSmokeUpdate () (at Assets/ProjectAPlus/Editor/ProjectAPlusAssetGenerator.cs:157)
UnityEditor.EditorApplication:Internal_CallUpdateFunctions ()

[Assets/ProjectAPlus/Scripts/Core/StageManager.cs line 69]

Project A+ Stage 2 runtime smoke: True, enemies=5, bosses=0
UnityEngine.StackTraceUtility:ExtractStackTrace ()
UnityEngine.DebugLogHandler:LogFormat (UnityEngine.LogType,UnityEngine.Object,string,object[])
UnityEngine.Logger:Log (UnityEngine.LogType,object)
UnityEngine.Debug:Log (object)
ProjectAPlus.Editor.ProjectAPlusAssetGenerator:AllStagesSmokeUpdate () (at Assets/ProjectAPlus/Editor/ProjectAPlusAssetGenerator.cs:171)
UnityEditor.EditorApplication:Internal_CallUpdateFunctions ()

(Filename: Assets/ProjectAPlus/Editor/ProjectAPlusAssetGenerator.cs Line: 171)

Sprite Tiling might not appear correctly because the Sprite used is not generated with Full Rect. To fix this, change the Mesh Type in the Sprite's import setting to Full Rect
UnityEngine.StackTraceUtility:ExtractStackTrace ()
ProjectAPlus.StageManager:Platform (UnityEngine.Vector2,UnityEngine.Vector2,UnityEngine.Color) (at Assets/ProjectAPlus/Scripts/Core/StageManager.cs:112)
ProjectAPlus.StageManager:BuildEnvironment () (at Assets/ProjectAPlus/Scripts/Core/StageManager.cs:62)
ProjectAPlus.StageManager:Load (ProjectAPlus.StageData) (at Assets/ProjectAPlus/Scripts/Core/StageManager.cs:35)
ProjectAPlus.GameManager:LoadStage (int) (at Assets/ProjectAPlus/Scripts/Core/GameManager.cs:108)
ProjectAPlus.Editor.ProjectAPlusAssetGenerator:AllStagesSmokeUpdate () (at Assets/ProjectAPlus/Editor/ProjectAPlusAssetGenerator.cs:157)
UnityEditor.EditorApplication:Internal_CallUpdateFunctions ()

[Assets/ProjectAPlus/Scripts/Core/StageManager.cs line 62]

Sprite Tiling might not appear correctly because the Sprite used is not generated with Full Rect. To fix this, change the Mesh Type in the Sprite's import setting to Full Rect
UnityEngine.StackTraceUtility:ExtractStackTrace ()
ProjectAPlus.StageManager:Platform (UnityEngine.Vector2,UnityEngine.Vector2,UnityEngine.Color) (at Assets/ProjectAPlus/Scripts/Core/StageManager.cs:112)
ProjectAPlus.StageManager:BuildEnvironment () (at Assets/ProjectAPlus/Scripts/Core/StageManager.cs:63)
ProjectAPlus.StageManager:Load (ProjectAPlus.StageData) (at Assets/ProjectAPlus/Scripts/Core/StageManager.cs:35)
ProjectAPlus.GameManager:LoadStage (int) (at Assets/ProjectAPlus/Scripts/Core/GameManager.cs:108)
ProjectAPlus.Editor.ProjectAPlusAssetGenerator:AllStagesSmokeUpdate () (at Assets/ProjectAPlus/Editor/ProjectAPlusAssetGenerator.cs:157)
UnityEditor.EditorApplication:Internal_CallUpdateFunctions ()

[Assets/ProjectAPlus/Scripts/Core/StageManager.cs line 63]

Sprite Tiling might not appear correctly because the Sprite used is not generated with Full Rect. To fix this, change the Mesh Type in the Sprite's import setting to Full Rect
UnityEngine.StackTraceUtility:ExtractStackTrace ()
ProjectAPlus.StageManager:Platform (UnityEngine.Vector2,UnityEngine.Vector2,UnityEngine.Color) (at Assets/ProjectAPlus/Scripts/Core/StageManager.cs:112)
ProjectAPlus.StageManager:BuildEnvironment () (at Assets/ProjectAPlus/Scripts/Core/StageManager.cs:64)
ProjectAPlus.StageManager:Load (ProjectAPlus.StageData) (at Assets/ProjectAPlus/Scripts/Core/StageManager.cs:35)
ProjectAPlus.GameManager:LoadStage (int) (at Assets/ProjectAPlus/Scripts/Core/GameManager.cs:108)
ProjectAPlus.Editor.ProjectAPlusAssetGenerator:AllStagesSmokeUpdate () (at Assets/ProjectAPlus/Editor/ProjectAPlusAssetGenerator.cs:157)
UnityEditor.EditorApplication:Internal_CallUpdateFunctions ()

[Assets/ProjectAPlus/Scripts/Core/StageManager.cs line 64]

Sprite Tiling might not appear correctly because the Sprite used is not generated with Full Rect. To fix this, change the Mesh Type in the Sprite's import setting to Full Rect
UnityEngine.StackTraceUtility:ExtractStackTrace ()
ProjectAPlus.StageManager:Platform (UnityEngine.Vector2,UnityEngine.Vector2,UnityEngine.Color) (at Assets/ProjectAPlus/Scripts/Core/StageManager.cs:112)
ProjectAPlus.StageManager:BuildEnvironment () (at Assets/ProjectAPlus/Scripts/Core/StageManager.cs:66)
ProjectAPlus.StageManager:Load (ProjectAPlus.StageData) (at Assets/ProjectAPlus/Scripts/Core/StageManager.cs:35)
ProjectAPlus.GameManager:LoadStage (int) (at Assets/ProjectAPlus/Scripts/Core/GameManager.cs:108)
ProjectAPlus.Editor.ProjectAPlusAssetGenerator:AllStagesSmokeUpdate () (at Assets/ProjectAPlus/Editor/ProjectAPlusAssetGenerator.cs:157)
UnityEditor.EditorApplication:Internal_CallUpdateFunctions ()

[Assets/ProjectAPlus/Scripts/Core/StageManager.cs line 66]

Sprite Tiling might not appear correctly because the Sprite used is not generated with Full Rect. To fix this, change the Mesh Type in the Sprite's import setting to Full Rect
UnityEngine.StackTraceUtility:ExtractStackTrace ()
ProjectAPlus.StageManager:Platform (UnityEngine.Vector2,UnityEngine.Vector2,UnityEngine.Color) (at Assets/ProjectAPlus/Scripts/Core/StageManager.cs:112)
ProjectAPlus.StageManager:BuildEnvironment () (at Assets/ProjectAPlus/Scripts/Core/StageManager.cs:67)
ProjectAPlus.StageManager:Load (ProjectAPlus.StageData) (at Assets/ProjectAPlus/Scripts/Core/StageManager.cs:35)
ProjectAPlus.GameManager:LoadStage (int) (at Assets/ProjectAPlus/Scripts/Core/GameManager.cs:108)
ProjectAPlus.Editor.ProjectAPlusAssetGenerator:AllStagesSmokeUpdate () (at Assets/ProjectAPlus/Editor/ProjectAPlusAssetGenerator.cs:157)
UnityEditor.EditorApplication:Internal_CallUpdateFunctions ()

[Assets/ProjectAPlus/Scripts/Core/StageManager.cs line 67]

Sprite Tiling might not appear correctly because the Sprite used is not generated with Full Rect. To fix this, change the Mesh Type in the Sprite's import setting to Full Rect
UnityEngine.StackTraceUtility:ExtractStackTrace ()
ProjectAPlus.StageManager:Platform (UnityEngine.Vector2,UnityEngine.Vector2,UnityEngine.Color) (at Assets/ProjectAPlus/Scripts/Core/StageManager.cs:112)
ProjectAPlus.StageManager:BuildEnvironment () (at Assets/ProjectAPlus/Scripts/Core/StageManager.cs:68)
ProjectAPlus.StageManager:Load (ProjectAPlus.StageData) (at Assets/ProjectAPlus/Scripts/Core/StageManager.cs:35)
ProjectAPlus.GameManager:LoadStage (int) (at Assets/ProjectAPlus/Scripts/Core/GameManager.cs:108)
ProjectAPlus.Editor.ProjectAPlusAssetGenerator:AllStagesSmokeUpdate () (at Assets/ProjectAPlus/Editor/ProjectAPlusAssetGenerator.cs:157)
UnityEditor.EditorApplication:Internal_CallUpdateFunctions ()

[Assets/ProjectAPlus/Scripts/Core/StageManager.cs line 68]

Sprite Tiling might not appear correctly because the Sprite used is not generated with Full Rect. To fix this, change the Mesh Type in the Sprite's import setting to Full Rect
UnityEngine.StackTraceUtility:ExtractStackTrace ()
ProjectAPlus.StageManager:Platform (UnityEngine.Vector2,UnityEngine.Vector2,UnityEngine.Color) (at Assets/ProjectAPlus/Scripts/Core/StageManager.cs:112)
ProjectAPlus.StageManager:BuildEnvironment () (at Assets/ProjectAPlus/Scripts/Core/StageManager.cs:69)
ProjectAPlus.StageManager:Load (ProjectAPlus.StageData) (at Assets/ProjectAPlus/Scripts/Core/StageManager.cs:35)
ProjectAPlus.GameManager:LoadStage (int) (at Assets/ProjectAPlus/Scripts/Core/GameManager.cs:108)
ProjectAPlus.Editor.ProjectAPlusAssetGenerator:AllStagesSmokeUpdate () (at Assets/ProjectAPlus/Editor/ProjectAPlusAssetGenerator.cs:157)
UnityEditor.EditorApplication:Internal_CallUpdateFunctions ()

[Assets/ProjectAPlus/Scripts/Core/StageManager.cs line 69]

Project A+ Stage 3 runtime smoke: True, enemies=4, bosses=0
UnityEngine.StackTraceUtility:ExtractStackTrace ()
UnityEngine.DebugLogHandler:LogFormat (UnityEngine.LogType,UnityEngine.Object,string,object[])
UnityEngine.Logger:Log (UnityEngine.LogType,object)
UnityEngine.Debug:Log (object)
ProjectAPlus.Editor.ProjectAPlusAssetGenerator:AllStagesSmokeUpdate () (at Assets/ProjectAPlus/Editor/ProjectAPlusAssetGenerator.cs:171)
UnityEditor.EditorApplication:Internal_CallUpdateFunctions ()

(Filename: Assets/ProjectAPlus/Editor/ProjectAPlusAssetGenerator.cs Line: 171)

Sprite Tiling might not appear correctly because the Sprite used is not generated with Full Rect. To fix this, change the Mesh Type in the Sprite's import setting to Full Rect
UnityEngine.StackTraceUtility:ExtractStackTrace ()
ProjectAPlus.StageManager:Platform (UnityEngine.Vector2,UnityEngine.Vector2,UnityEngine.Color) (at Assets/ProjectAPlus/Scripts/Core/StageManager.cs:112)
ProjectAPlus.StageManager:BuildEnvironment () (at Assets/ProjectAPlus/Scripts/Core/StageManager.cs:62)
ProjectAPlus.StageManager:Load (ProjectAPlus.StageData) (at Assets/ProjectAPlus/Scripts/Core/StageManager.cs:35)
ProjectAPlus.GameManager:LoadStage (int) (at Assets/ProjectAPlus/Scripts/Core/GameManager.cs:108)
ProjectAPlus.Editor.ProjectAPlusAssetGenerator:AllStagesSmokeUpdate () (at Assets/ProjectAPlus/Editor/ProjectAPlusAssetGenerator.cs:157)
UnityEditor.EditorApplication:Internal_CallUpdateFunctions ()

[Assets/ProjectAPlus/Scripts/Core/StageManager.cs line 62]

Sprite Tiling might not appear correctly because the Sprite used is not generated with Full Rect. To fix this, change the Mesh Type in the Sprite's import setting to Full Rect
UnityEngine.StackTraceUtility:ExtractStackTrace ()
ProjectAPlus.StageManager:Platform (UnityEngine.Vector2,UnityEngine.Vector2,UnityEngine.Color) (at Assets/ProjectAPlus/Scripts/Core/StageManager.cs:112)
ProjectAPlus.StageManager:BuildEnvironment () (at Assets/ProjectAPlus/Scripts/Core/StageManager.cs:63)
ProjectAPlus.StageManager:Load (ProjectAPlus.StageData) (at Assets/ProjectAPlus/Scripts/Core/StageManager.cs:35)
ProjectAPlus.GameManager:LoadStage (int) (at Assets/ProjectAPlus/Scripts/Core/GameManager.cs:108)
ProjectAPlus.Editor.ProjectAPlusAssetGenerator:AllStagesSmokeUpdate () (at Assets/ProjectAPlus/Editor/ProjectAPlusAssetGenerator.cs:157)
UnityEditor.EditorApplication:Internal_CallUpdateFunctions ()

[Assets/ProjectAPlus/Scripts/Core/StageManager.cs line 63]

Sprite Tiling might not appear correctly because the Sprite used is not generated with Full Rect. To fix this, change the Mesh Type in the Sprite's import setting to Full Rect
UnityEngine.StackTraceUtility:ExtractStackTrace ()
ProjectAPlus.StageManager:Platform (UnityEngine.Vector2,UnityEngine.Vector2,UnityEngine.Color) (at Assets/ProjectAPlus/Scripts/Core/StageManager.cs:112)
ProjectAPlus.StageManager:BuildEnvironment () (at Assets/ProjectAPlus/Scripts/Core/StageManager.cs:64)
ProjectAPlus.StageManager:Load (ProjectAPlus.StageData) (at Assets/ProjectAPlus/Scripts/Core/StageManager.cs:35)
ProjectAPlus.GameManager:LoadStage (int) (at Assets/ProjectAPlus/Scripts/Core/GameManager.cs:108)
ProjectAPlus.Editor.ProjectAPlusAssetGenerator:AllStagesSmokeUpdate () (at Assets/ProjectAPlus/Editor/ProjectAPlusAssetGenerator.cs:157)
UnityEditor.EditorApplication:Internal_CallUpdateFunctions ()

[Assets/ProjectAPlus/Scripts/Core/StageManager.cs line 64]

Sprite Tiling might not appear correctly because the Sprite used is not generated with Full Rect. To fix this, change the Mesh Type in the Sprite's import setting to Full Rect
UnityEngine.StackTraceUtility:ExtractStackTrace ()
ProjectAPlus.StageManager:Platform (UnityEngine.Vector2,UnityEngine.Vector2,UnityEngine.Color) (at Assets/ProjectAPlus/Scripts/Core/StageManager.cs:112)
ProjectAPlus.StageManager:BuildEnvironment () (at Assets/ProjectAPlus/Scripts/Core/StageManager.cs:66)
ProjectAPlus.StageManager:Load (ProjectAPlus.StageData) (at Assets/ProjectAPlus/Scripts/Core/StageManager.cs:35)
ProjectAPlus.GameManager:LoadStage (int) (at Assets/ProjectAPlus/Scripts/Core/GameManager.cs:108)
ProjectAPlus.Editor.ProjectAPlusAssetGenerator:AllStagesSmokeUpdate () (at Assets/ProjectAPlus/Editor/ProjectAPlusAssetGenerator.cs:157)
UnityEditor.EditorApplication:Internal_CallUpdateFunctions ()

[Assets/ProjectAPlus/Scripts/Core/StageManager.cs line 66]

Sprite Tiling might not appear correctly because the Sprite used is not generated with Full Rect. To fix this, change the Mesh Type in the Sprite's import setting to Full Rect
UnityEngine.StackTraceUtility:ExtractStackTrace ()
ProjectAPlus.StageManager:Platform (UnityEngine.Vector2,UnityEngine.Vector2,UnityEngine.Color) (at Assets/ProjectAPlus/Scripts/Core/StageManager.cs:112)
ProjectAPlus.StageManager:BuildEnvironment () (at Assets/ProjectAPlus/Scripts/Core/StageManager.cs:67)
ProjectAPlus.StageManager:Load (ProjectAPlus.StageData) (at Assets/ProjectAPlus/Scripts/Core/StageManager.cs:35)
ProjectAPlus.GameManager:LoadStage (int) (at Assets/ProjectAPlus/Scripts/Core/GameManager.cs:108)
ProjectAPlus.Editor.ProjectAPlusAssetGenerator:AllStagesSmokeUpdate () (at Assets/ProjectAPlus/Editor/ProjectAPlusAssetGenerator.cs:157)
UnityEditor.EditorApplication:Internal_CallUpdateFunctions ()

[Assets/ProjectAPlus/Scripts/Core/StageManager.cs line 67]

Sprite Tiling might not appear correctly because the Sprite used is not generated with Full Rect. To fix this, change the Mesh Type in the Sprite's import setting to Full Rect
UnityEngine.StackTraceUtility:ExtractStackTrace ()
ProjectAPlus.StageManager:Platform (UnityEngine.Vector2,UnityEngine.Vector2,UnityEngine.Color) (at Assets/ProjectAPlus/Scripts/Core/StageManager.cs:112)
ProjectAPlus.StageManager:BuildEnvironment () (at Assets/ProjectAPlus/Scripts/Core/StageManager.cs:68)
ProjectAPlus.StageManager:Load (ProjectAPlus.StageData) (at Assets/ProjectAPlus/Scripts/Core/StageManager.cs:35)
ProjectAPlus.GameManager:LoadStage (int) (at Assets/ProjectAPlus/Scripts/Core/GameManager.cs:108)
ProjectAPlus.Editor.ProjectAPlusAssetGenerator:AllStagesSmokeUpdate () (at Assets/ProjectAPlus/Editor/ProjectAPlusAssetGenerator.cs:157)
UnityEditor.EditorApplication:Internal_CallUpdateFunctions ()

[Assets/ProjectAPlus/Scripts/Core/StageManager.cs line 68]

Sprite Tiling might not appear correctly because the Sprite used is not generated with Full Rect. To fix this, change the Mesh Type in the Sprite's import setting to Full Rect
UnityEngine.StackTraceUtility:ExtractStackTrace ()
ProjectAPlus.StageManager:Platform (UnityEngine.Vector2,UnityEngine.Vector2,UnityEngine.Color) (at Assets/ProjectAPlus/Scripts/Core/StageManager.cs:112)
ProjectAPlus.StageManager:BuildEnvironment () (at Assets/ProjectAPlus/Scripts/Core/StageManager.cs:69)
ProjectAPlus.StageManager:Load (ProjectAPlus.StageData) (at Assets/ProjectAPlus/Scripts/Core/StageManager.cs:35)
ProjectAPlus.GameManager:LoadStage (int) (at Assets/ProjectAPlus/Scripts/Core/GameManager.cs:108)
ProjectAPlus.Editor.ProjectAPlusAssetGenerator:AllStagesSmokeUpdate () (at Assets/ProjectAPlus/Editor/ProjectAPlusAssetGenerator.cs:157)
UnityEditor.EditorApplication:Internal_CallUpdateFunctions ()

[Assets/ProjectAPlus/Scripts/Core/StageManager.cs line 69]

Project A+ Stage 4 runtime smoke: True, enemies=6, bosses=0
UnityEngine.StackTraceUtility:ExtractStackTrace ()
UnityEngine.DebugLogHandler:LogFormat (UnityEngine.LogType,UnityEngine.Object,string,object[])
UnityEngine.Logger:Log (UnityEngine.LogType,object)
UnityEngine.Debug:Log (object)
ProjectAPlus.Editor.ProjectAPlusAssetGenerator:AllStagesSmokeUpdate () (at Assets/ProjectAPlus/Editor/ProjectAPlusAssetGenerator.cs:171)
UnityEditor.EditorApplication:Internal_CallUpdateFunctions ()

(Filename: Assets/ProjectAPlus/Editor/ProjectAPlusAssetGenerator.cs Line: 171)

Sprite Tiling might not appear correctly because the Sprite used is not generated with Full Rect. To fix this, change the Mesh Type in the Sprite's import setting to Full Rect
UnityEngine.StackTraceUtility:ExtractStackTrace ()
ProjectAPlus.StageManager:Platform (UnityEngine.Vector2,UnityEngine.Vector2,UnityEngine.Color) (at Assets/ProjectAPlus/Scripts/Core/StageManager.cs:112)
ProjectAPlus.StageManager:BuildEnvironment () (at Assets/ProjectAPlus/Scripts/Core/StageManager.cs:57)
ProjectAPlus.StageManager:Load (ProjectAPlus.StageData) (at Assets/ProjectAPlus/Scripts/Core/StageManager.cs:35)
ProjectAPlus.GameManager:LoadStage (int) (at Assets/ProjectAPlus/Scripts/Core/GameManager.cs:108)
ProjectAPlus.Editor.ProjectAPlusAssetGenerator:AllStagesSmokeUpdate () (at Assets/ProjectAPlus/Editor/ProjectAPlusAssetGenerator.cs:157)
UnityEditor.EditorApplication:Internal_CallUpdateFunctions ()

[Assets/ProjectAPlus/Scripts/Core/StageManager.cs line 57]

Sprite Tiling might not appear correctly because the Sprite used is not generated with Full Rect. To fix this, change the Mesh Type in the Sprite's import setting to Full Rect
UnityEngine.StackTraceUtility:ExtractStackTrace ()
ProjectAPlus.StageManager:Platform (UnityEngine.Vector2,UnityEngine.Vector2,UnityEngine.Color) (at Assets/ProjectAPlus/Scripts/Core/StageManager.cs:112)
ProjectAPlus.StageManager:BuildEnvironment () (at Assets/ProjectAPlus/Scripts/Core/StageManager.cs:58)
ProjectAPlus.StageManager:Load (ProjectAPlus.StageData) (at Assets/ProjectAPlus/Scripts/Core/StageManager.cs:35)
ProjectAPlus.GameManager:LoadStage (int) (at Assets/ProjectAPlus/Scripts/Core/GameManager.cs:108)
ProjectAPlus.Editor.ProjectAPlusAssetGenerator:AllStagesSmokeUpdate () (at Assets/ProjectAPlus/Editor/ProjectAPlusAssetGenerator.cs:157)
UnityEditor.EditorApplication:Internal_CallUpdateFunctions ()

[Assets/ProjectAPlus/Scripts/Core/StageManager.cs line 58]

Sprite Tiling might not appear correctly because the Sprite used is not generated with Full Rect. To fix this, change the Mesh Type in the Sprite's import setting to Full Rect
UnityEngine.StackTraceUtility:ExtractStackTrace ()
ProjectAPlus.StageManager:Platform (UnityEngine.Vector2,UnityEngine.Vector2,UnityEngine.Color) (at Assets/ProjectAPlus/Scripts/Core/StageManager.cs:112)
ProjectAPlus.StageManager:BuildEnvironment () (at Assets/ProjectAPlus/Scripts/Core/StageManager.cs:59)
ProjectAPlus.StageManager:Load (ProjectAPlus.StageData) (at Assets/ProjectAPlus/Scripts/Core/StageManager.cs:35)
ProjectAPlus.GameManager:LoadStage (int) (at Assets/ProjectAPlus/Scripts/Core/GameManager.cs:108)
ProjectAPlus.Editor.ProjectAPlusAssetGenerator:AllStagesSmokeUpdate () (at Assets/ProjectAPlus/Editor/ProjectAPlusAssetGenerator.cs:157)
UnityEditor.EditorApplication:Internal_CallUpdateFunctions ()

[Assets/ProjectAPlus/Scripts/Core/StageManager.cs line 59]

Project A+ Stage 5 runtime smoke: True, enemies=0, bosses=1
UnityEngine.StackTraceUtility:ExtractStackTrace ()
UnityEngine.DebugLogHandler:LogFormat (UnityEngine.LogType,UnityEngine.Object,string,object[])
UnityEngine.Logger:Log (UnityEngine.LogType,object)
UnityEngine.Debug:Log (object)
ProjectAPlus.Editor.ProjectAPlusAssetGenerator:AllStagesSmokeUpdate () (at Assets/ProjectAPlus/Editor/ProjectAPlusAssetGenerator.cs:171)
UnityEditor.EditorApplication:Internal_CallUpdateFunctions ()

(Filename: Assets/ProjectAPlus/Editor/ProjectAPlusAssetGenerator.cs Line: 171)

Sprite Tiling might not appear correctly because the Sprite used is not generated with Full Rect. To fix this, change the Mesh Type in the Sprite's import setting to Full Rect
UnityEngine.StackTraceUtility:ExtractStackTrace ()
ProjectAPlus.StageManager:Platform (UnityEngine.Vector2,UnityEngine.Vector2,UnityEngine.Color) (at Assets/ProjectAPlus/Scripts/Core/StageManager.cs:112)
ProjectAPlus.StageManager:BuildEnvironment () (at Assets/ProjectAPlus/Scripts/Core/StageManager.cs:62)
ProjectAPlus.StageManager:Load (ProjectAPlus.StageData) (at Assets/ProjectAPlus/Scripts/Core/StageManager.cs:35)
ProjectAPlus.GameManager:LoadStage (int) (at Assets/ProjectAPlus/Scripts/Core/GameManager.cs:108)
ProjectAPlus.Editor.ProjectAPlusAssetGenerator:AllStagesSmokeUpdate () (at Assets/ProjectAPlus/Editor/ProjectAPlusAssetGenerator.cs:157)
UnityEditor.EditorApplication:Internal_CallUpdateFunctions ()

[Assets/ProjectAPlus/Scripts/Core/StageManager.cs line 62]

Sprite Tiling might not appear correctly because the Sprite used is not generated with Full Rect. To fix this, change the Mesh Type in the Sprite's import setting to Full Rect
UnityEngine.StackTraceUtility:ExtractStackTrace ()
ProjectAPlus.StageManager:Platform (UnityEngine.Vector2,UnityEngine.Vector2,UnityEngine.Color) (at Assets/ProjectAPlus/Scripts/Core/StageManager.cs:112)
ProjectAPlus.StageManager:BuildEnvironment () (at Assets/ProjectAPlus/Scripts/Core/StageManager.cs:63)
ProjectAPlus.StageManager:Load (ProjectAPlus.StageData) (at Assets/ProjectAPlus/Scripts/Core/StageManager.cs:35)
ProjectAPlus.GameManager:LoadStage (int) (at Assets/ProjectAPlus/Scripts/Core/GameManager.cs:108)
ProjectAPlus.Editor.ProjectAPlusAssetGenerator:AllStagesSmokeUpdate () (at Assets/ProjectAPlus/Editor/ProjectAPlusAssetGenerator.cs:157)
UnityEditor.EditorApplication:Internal_CallUpdateFunctions ()

[Assets/ProjectAPlus/Scripts/Core/StageManager.cs line 63]

Sprite Tiling might not appear correctly because the Sprite used is not generated with Full Rect. To fix this, change the Mesh Type in the Sprite's import setting to Full Rect
UnityEngine.StackTraceUtility:ExtractStackTrace ()
ProjectAPlus.StageManager:Platform (UnityEngine.Vector2,UnityEngine.Vector2,UnityEngine.Color) (at Assets/ProjectAPlus/Scripts/Core/StageManager.cs:112)
ProjectAPlus.StageManager:BuildEnvironment () (at Assets/ProjectAPlus/Scripts/Core/StageManager.cs:64)
ProjectAPlus.StageManager:Load (ProjectAPlus.StageData) (at Assets/ProjectAPlus/Scripts/Core/StageManager.cs:35)
ProjectAPlus.GameManager:LoadStage (int) (at Assets/ProjectAPlus/Scripts/Core/GameManager.cs:108)
ProjectAPlus.Editor.ProjectAPlusAssetGenerator:AllStagesSmokeUpdate () (at Assets/ProjectAPlus/Editor/ProjectAPlusAssetGenerator.cs:157)
UnityEditor.EditorApplication:Internal_CallUpdateFunctions ()

[Assets/ProjectAPlus/Scripts/Core/StageManager.cs line 64]

Sprite Tiling might not appear correctly because the Sprite used is not generated with Full Rect. To fix this, change the Mesh Type in the Sprite's import setting to Full Rect
UnityEngine.StackTraceUtility:ExtractStackTrace ()
ProjectAPlus.StageManager:Platform (UnityEngine.Vector2,UnityEngine.Vector2,UnityEngine.Color) (at Assets/ProjectAPlus/Scripts/Core/StageManager.cs:112)
ProjectAPlus.StageManager:BuildEnvironment () (at Assets/ProjectAPlus/Scripts/Core/StageManager.cs:66)
ProjectAPlus.StageManager:Load (ProjectAPlus.StageData) (at Assets/ProjectAPlus/Scripts/Core/StageManager.cs:35)
ProjectAPlus.GameManager:LoadStage (int) (at Assets/ProjectAPlus/Scripts/Core/GameManager.cs:108)
ProjectAPlus.Editor.ProjectAPlusAssetGenerator:AllStagesSmokeUpdate () (at Assets/ProjectAPlus/Editor/ProjectAPlusAssetGenerator.cs:157)
UnityEditor.EditorApplication:Internal_CallUpdateFunctions ()

[Assets/ProjectAPlus/Scripts/Core/StageManager.cs line 66]

Sprite Tiling might not appear correctly because the Sprite used is not generated with Full Rect. To fix this, change the Mesh Type in the Sprite's import setting to Full Rect
UnityEngine.StackTraceUtility:ExtractStackTrace ()
ProjectAPlus.StageManager:Platform (UnityEngine.Vector2,UnityEngine.Vector2,UnityEngine.Color) (at Assets/ProjectAPlus/Scripts/Core/StageManager.cs:112)
ProjectAPlus.StageManager:BuildEnvironment () (at Assets/ProjectAPlus/Scripts/Core/StageManager.cs:67)
ProjectAPlus.StageManager:Load (ProjectAPlus.StageData) (at Assets/ProjectAPlus/Scripts/Core/StageManager.cs:35)
ProjectAPlus.GameManager:LoadStage (int) (at Assets/ProjectAPlus/Scripts/Core/GameManager.cs:108)
ProjectAPlus.Editor.ProjectAPlusAssetGenerator:AllStagesSmokeUpdate () (at Assets/ProjectAPlus/Editor/ProjectAPlusAssetGenerator.cs:157)
UnityEditor.EditorApplication:Internal_CallUpdateFunctions ()

[Assets/ProjectAPlus/Scripts/Core/StageManager.cs line 67]

Sprite Tiling might not appear correctly because the Sprite used is not generated with Full Rect. To fix this, change the Mesh Type in the Sprite's import setting to Full Rect
UnityEngine.StackTraceUtility:ExtractStackTrace ()
ProjectAPlus.StageManager:Platform (UnityEngine.Vector2,UnityEngine.Vector2,UnityEngine.Color) (at Assets/ProjectAPlus/Scripts/Core/StageManager.cs:112)
ProjectAPlus.StageManager:BuildEnvironment () (at Assets/ProjectAPlus/Scripts/Core/StageManager.cs:68)
ProjectAPlus.StageManager:Load (ProjectAPlus.StageData) (at Assets/ProjectAPlus/Scripts/Core/StageManager.cs:35)
ProjectAPlus.GameManager:LoadStage (int) (at Assets/ProjectAPlus/Scripts/Core/GameManager.cs:108)
ProjectAPlus.Editor.ProjectAPlusAssetGenerator:AllStagesSmokeUpdate () (at Assets/ProjectAPlus/Editor/ProjectAPlusAssetGenerator.cs:157)
UnityEditor.EditorApplication:Internal_CallUpdateFunctions ()

[Assets/ProjectAPlus/Scripts/Core/StageManager.cs line 68]

Sprite Tiling might not appear correctly because the Sprite used is not generated with Full Rect. To fix this, change the Mesh Type in the Sprite's import setting to Full Rect
UnityEngine.StackTraceUtility:ExtractStackTrace ()
ProjectAPlus.StageManager:Platform (UnityEngine.Vector2,UnityEngine.Vector2,UnityEngine.Color) (at Assets/ProjectAPlus/Scripts/Core/StageManager.cs:112)
ProjectAPlus.StageManager:BuildEnvironment () (at Assets/ProjectAPlus/Scripts/Core/StageManager.cs:69)
ProjectAPlus.StageManager:Load (ProjectAPlus.StageData) (at Assets/ProjectAPlus/Scripts/Core/StageManager.cs:35)
ProjectAPlus.GameManager:LoadStage (int) (at Assets/ProjectAPlus/Scripts/Core/GameManager.cs:108)
ProjectAPlus.Editor.ProjectAPlusAssetGenerator:AllStagesSmokeUpdate () (at Assets/ProjectAPlus/Editor/ProjectAPlusAssetGenerator.cs:157)
UnityEditor.EditorApplication:Internal_CallUpdateFunctions ()

[Assets/ProjectAPlus/Scripts/Core/StageManager.cs line 69]

Project A+ Stage 6 runtime smoke: True, enemies=5, bosses=0
UnityEngine.StackTraceUtility:ExtractStackTrace ()
UnityEngine.DebugLogHandler:LogFormat (UnityEngine.LogType,UnityEngine.Object,string,object[])
UnityEngine.Logger:Log (UnityEngine.LogType,object)
UnityEngine.Debug:Log (object)
ProjectAPlus.Editor.ProjectAPlusAssetGenerator:AllStagesSmokeUpdate () (at Assets/ProjectAPlus/Editor/ProjectAPlusAssetGenerator.cs:171)
UnityEditor.EditorApplication:Internal_CallUpdateFunctions ()

(Filename: Assets/ProjectAPlus/Editor/ProjectAPlusAssetGenerator.cs Line: 171)

Sprite Tiling might not appear correctly because the Sprite used is not generated with Full Rect. To fix this, change the Mesh Type in the Sprite's import setting to Full Rect
UnityEngine.StackTraceUtility:ExtractStackTrace ()
ProjectAPlus.StageManager:Platform (UnityEngine.Vector2,UnityEngine.Vector2,UnityEngine.Color) (at Assets/ProjectAPlus/Scripts/Core/StageManager.cs:112)
ProjectAPlus.StageManager:BuildEnvironment () (at Assets/ProjectAPlus/Scripts/Core/StageManager.cs:62)
ProjectAPlus.StageManager:Load (ProjectAPlus.StageData) (at Assets/ProjectAPlus/Scripts/Core/StageManager.cs:35)
ProjectAPlus.GameManager:LoadStage (int) (at Assets/ProjectAPlus/Scripts/Core/GameManager.cs:108)
ProjectAPlus.Editor.ProjectAPlusAssetGenerator:AllStagesSmokeUpdate () (at Assets/ProjectAPlus/Editor/ProjectAPlusAssetGenerator.cs:157)
UnityEditor.EditorApplication:Internal_CallUpdateFunctions ()

[Assets/ProjectAPlus/Scripts/Core/StageManager.cs line 62]

Sprite Tiling might not appear correctly because the Sprite used is not generated with Full Rect. To fix this, change the Mesh Type in the Sprite's import setting to Full Rect
UnityEngine.StackTraceUtility:ExtractStackTrace ()
ProjectAPlus.StageManager:Platform (UnityEngine.Vector2,UnityEngine.Vector2,UnityEngine.Color) (at Assets/ProjectAPlus/Scripts/Core/StageManager.cs:112)
ProjectAPlus.StageManager:BuildEnvironment () (at Assets/ProjectAPlus/Scripts/Core/StageManager.cs:63)
ProjectAPlus.StageManager:Load (ProjectAPlus.StageData) (at Assets/ProjectAPlus/Scripts/Core/StageManager.cs:35)
ProjectAPlus.GameManager:LoadStage (int) (at Assets/ProjectAPlus/Scripts/Core/GameManager.cs:108)
ProjectAPlus.Editor.ProjectAPlusAssetGenerator:AllStagesSmokeUpdate () (at Assets/ProjectAPlus/Editor/ProjectAPlusAssetGenerator.cs:157)
UnityEditor.EditorApplication:Internal_CallUpdateFunctions ()

[Assets/ProjectAPlus/Scripts/Core/StageManager.cs line 63]

Sprite Tiling might not appear correctly because the Sprite used is not generated with Full Rect. To fix this, change the Mesh Type in the Sprite's import setting to Full Rect
UnityEngine.StackTraceUtility:ExtractStackTrace ()
ProjectAPlus.StageManager:Platform (UnityEngine.Vector2,UnityEngine.Vector2,UnityEngine.Color) (at Assets/ProjectAPlus/Scripts/Core/StageManager.cs:112)
ProjectAPlus.StageManager:BuildEnvironment () (at Assets/ProjectAPlus/Scripts/Core/StageManager.cs:64)
ProjectAPlus.StageManager:Load (ProjectAPlus.StageData) (at Assets/ProjectAPlus/Scripts/Core/StageManager.cs:35)
ProjectAPlus.GameManager:LoadStage (int) (at Assets/ProjectAPlus/Scripts/Core/GameManager.cs:108)
ProjectAPlus.Editor.ProjectAPlusAssetGenerator:AllStagesSmokeUpdate () (at Assets/ProjectAPlus/Editor/ProjectAPlusAssetGenerator.cs:157)
UnityEditor.EditorApplication:Internal_CallUpdateFunctions ()

[Assets/ProjectAPlus/Scripts/Core/StageManager.cs line 64]

Sprite Tiling might not appear correctly because the Sprite used is not generated with Full Rect. To fix this, change the Mesh Type in the Sprite's import setting to Full Rect
UnityEngine.StackTraceUtility:ExtractStackTrace ()
ProjectAPlus.StageManager:Platform (UnityEngine.Vector2,UnityEngine.Vector2,UnityEngine.Color) (at Assets/ProjectAPlus/Scripts/Core/StageManager.cs:112)
ProjectAPlus.StageManager:BuildEnvironment () (at Assets/ProjectAPlus/Scripts/Core/StageManager.cs:66)
ProjectAPlus.StageManager:Load (ProjectAPlus.StageData) (at Assets/ProjectAPlus/Scripts/Core/StageManager.cs:35)
ProjectAPlus.GameManager:LoadStage (int) (at Assets/ProjectAPlus/Scripts/Core/GameManager.cs:108)
ProjectAPlus.Editor.ProjectAPlusAssetGenerator:AllStagesSmokeUpdate () (at Assets/ProjectAPlus/Editor/ProjectAPlusAssetGenerator.cs:157)
UnityEditor.EditorApplication:Internal_CallUpdateFunctions ()

[Assets/ProjectAPlus/Scripts/Core/StageManager.cs line 66]

Sprite Tiling might not appear correctly because the Sprite used is not generated with Full Rect. To fix this, change the Mesh Type in the Sprite's import setting to Full Rect
UnityEngine.StackTraceUtility:ExtractStackTrace ()
ProjectAPlus.StageManager:Platform (UnityEngine.Vector2,UnityEngine.Vector2,UnityEngine.Color) (at Assets/ProjectAPlus/Scripts/Core/StageManager.cs:112)
ProjectAPlus.StageManager:BuildEnvironment () (at Assets/ProjectAPlus/Scripts/Core/StageManager.cs:67)
ProjectAPlus.StageManager:Load (ProjectAPlus.StageData) (at Assets/ProjectAPlus/Scripts/Core/StageManager.cs:35)
ProjectAPlus.GameManager:LoadStage (int) (at Assets/ProjectAPlus/Scripts/Core/GameManager.cs:108)
ProjectAPlus.Editor.ProjectAPlusAssetGenerator:AllStagesSmokeUpdate () (at Assets/ProjectAPlus/Editor/ProjectAPlusAssetGenerator.cs:157)
UnityEditor.EditorApplication:Internal_CallUpdateFunctions ()

[Assets/ProjectAPlus/Scripts/Core/StageManager.cs line 67]

Sprite Tiling might not appear correctly because the Sprite used is not generated with Full Rect. To fix this, change the Mesh Type in the Sprite's import setting to Full Rect
UnityEngine.StackTraceUtility:ExtractStackTrace ()
ProjectAPlus.StageManager:Platform (UnityEngine.Vector2,UnityEngine.Vector2,UnityEngine.Color) (at Assets/ProjectAPlus/Scripts/Core/StageManager.cs:112)
ProjectAPlus.StageManager:BuildEnvironment () (at Assets/ProjectAPlus/Scripts/Core/StageManager.cs:68)
ProjectAPlus.StageManager:Load (ProjectAPlus.StageData) (at Assets/ProjectAPlus/Scripts/Core/StageManager.cs:35)
ProjectAPlus.GameManager:LoadStage (int) (at Assets/ProjectAPlus/Scripts/Core/GameManager.cs:108)
ProjectAPlus.Editor.ProjectAPlusAssetGenerator:AllStagesSmokeUpdate () (at Assets/ProjectAPlus/Editor/ProjectAPlusAssetGenerator.cs:157)
UnityEditor.EditorApplication:Internal_CallUpdateFunctions ()

[Assets/ProjectAPlus/Scripts/Core/StageManager.cs line 68]

Sprite Tiling might not appear correctly because the Sprite used is not generated with Full Rect. To fix this, change the Mesh Type in the Sprite's import setting to Full Rect
UnityEngine.StackTraceUtility:ExtractStackTrace ()
ProjectAPlus.StageManager:Platform (UnityEngine.Vector2,UnityEngine.Vector2,UnityEngine.Color) (at Assets/ProjectAPlus/Scripts/Core/StageManager.cs:112)
ProjectAPlus.StageManager:BuildEnvironment () (at Assets/ProjectAPlus/Scripts/Core/StageManager.cs:69)
ProjectAPlus.StageManager:Load (ProjectAPlus.StageData) (at Assets/ProjectAPlus/Scripts/Core/StageManager.cs:35)
ProjectAPlus.GameManager:LoadStage (int) (at Assets/ProjectAPlus/Scripts/Core/GameManager.cs:108)
ProjectAPlus.Editor.ProjectAPlusAssetGenerator:AllStagesSmokeUpdate () (at Assets/ProjectAPlus/Editor/ProjectAPlusAssetGenerator.cs:157)
UnityEditor.EditorApplication:Internal_CallUpdateFunctions ()

[Assets/ProjectAPlus/Scripts/Core/StageManager.cs line 69]

Project A+ Stage 7 runtime smoke: True, enemies=5, bosses=0
UnityEngine.StackTraceUtility:ExtractStackTrace ()
UnityEngine.DebugLogHandler:LogFormat (UnityEngine.LogType,UnityEngine.Object,string,object[])
UnityEngine.Logger:Log (UnityEngine.LogType,object)
UnityEngine.Debug:Log (object)
ProjectAPlus.Editor.ProjectAPlusAssetGenerator:AllStagesSmokeUpdate () (at Assets/ProjectAPlus/Editor/ProjectAPlusAssetGenerator.cs:171)
UnityEditor.EditorApplication:Internal_CallUpdateFunctions ()

(Filename: Assets/ProjectAPlus/Editor/ProjectAPlusAssetGenerator.cs Line: 171)

Sprite Tiling might not appear correctly because the Sprite used is not generated with Full Rect. To fix this, change the Mesh Type in the Sprite's import setting to Full Rect
UnityEngine.StackTraceUtility:ExtractStackTrace ()
ProjectAPlus.StageManager:Platform (UnityEngine.Vector2,UnityEngine.Vector2,UnityEngine.Color) (at Assets/ProjectAPlus/Scripts/Core/StageManager.cs:112)
ProjectAPlus.StageManager:BuildEnvironment () (at Assets/ProjectAPlus/Scripts/Core/StageManager.cs:62)
ProjectAPlus.StageManager:Load (ProjectAPlus.StageData) (at Assets/ProjectAPlus/Scripts/Core/StageManager.cs:35)
ProjectAPlus.GameManager:LoadStage (int) (at Assets/ProjectAPlus/Scripts/Core/GameManager.cs:108)
ProjectAPlus.Editor.ProjectAPlusAssetGenerator:AllStagesSmokeUpdate () (at Assets/ProjectAPlus/Editor/ProjectAPlusAssetGenerator.cs:157)
UnityEditor.EditorApplication:Internal_CallUpdateFunctions ()

[Assets/ProjectAPlus/Scripts/Core/StageManager.cs line 62]

Sprite Tiling might not appear correctly because the Sprite used is not generated with Full Rect. To fix this, change the Mesh Type in the Sprite's import setting to Full Rect
UnityEngine.StackTraceUtility:ExtractStackTrace ()
ProjectAPlus.StageManager:Platform (UnityEngine.Vector2,UnityEngine.Vector2,UnityEngine.Color) (at Assets/ProjectAPlus/Scripts/Core/StageManager.cs:112)
ProjectAPlus.StageManager:BuildEnvironment () (at Assets/ProjectAPlus/Scripts/Core/StageManager.cs:63)
ProjectAPlus.StageManager:Load (ProjectAPlus.StageData) (at Assets/ProjectAPlus/Scripts/Core/StageManager.cs:35)
ProjectAPlus.GameManager:LoadStage (int) (at Assets/ProjectAPlus/Scripts/Core/GameManager.cs:108)
ProjectAPlus.Editor.ProjectAPlusAssetGenerator:AllStagesSmokeUpdate () (at Assets/ProjectAPlus/Editor/ProjectAPlusAssetGenerator.cs:157)
UnityEditor.EditorApplication:Internal_CallUpdateFunctions ()

[Assets/ProjectAPlus/Scripts/Core/StageManager.cs line 63]

Sprite Tiling might not appear correctly because the Sprite used is not generated with Full Rect. To fix this, change the Mesh Type in the Sprite's import setting to Full Rect
UnityEngine.StackTraceUtility:ExtractStackTrace ()
ProjectAPlus.StageManager:Platform (UnityEngine.Vector2,UnityEngine.Vector2,UnityEngine.Color) (at Assets/ProjectAPlus/Scripts/Core/StageManager.cs:112)
ProjectAPlus.StageManager:BuildEnvironment () (at Assets/ProjectAPlus/Scripts/Core/StageManager.cs:64)
ProjectAPlus.StageManager:Load (ProjectAPlus.StageData) (at Assets/ProjectAPlus/Scripts/Core/StageManager.cs:35)
ProjectAPlus.GameManager:LoadStage (int) (at Assets/ProjectAPlus/Scripts/Core/GameManager.cs:108)
ProjectAPlus.Editor.ProjectAPlusAssetGenerator:AllStagesSmokeUpdate () (at Assets/ProjectAPlus/Editor/ProjectAPlusAssetGenerator.cs:157)
UnityEditor.EditorApplication:Internal_CallUpdateFunctions ()

[Assets/ProjectAPlus/Scripts/Core/StageManager.cs line 64]

Sprite Tiling might not appear correctly because the Sprite used is not generated with Full Rect. To fix this, change the Mesh Type in the Sprite's import setting to Full Rect
UnityEngine.StackTraceUtility:ExtractStackTrace ()
ProjectAPlus.StageManager:Platform (UnityEngine.Vector2,UnityEngine.Vector2,UnityEngine.Color) (at Assets/ProjectAPlus/Scripts/Core/StageManager.cs:112)
ProjectAPlus.StageManager:BuildEnvironment () (at Assets/ProjectAPlus/Scripts/Core/StageManager.cs:66)
ProjectAPlus.StageManager:Load (ProjectAPlus.StageData) (at Assets/ProjectAPlus/Scripts/Core/StageManager.cs:35)
ProjectAPlus.GameManager:LoadStage (int) (at Assets/ProjectAPlus/Scripts/Core/GameManager.cs:108)
ProjectAPlus.Editor.ProjectAPlusAssetGenerator:AllStagesSmokeUpdate () (at Assets/ProjectAPlus/Editor/ProjectAPlusAssetGenerator.cs:157)
UnityEditor.EditorApplication:Internal_CallUpdateFunctions ()

[Assets/ProjectAPlus/Scripts/Core/StageManager.cs line 66]

Sprite Tiling might not appear correctly because the Sprite used is not generated with Full Rect. To fix this, change the Mesh Type in the Sprite's import setting to Full Rect
UnityEngine.StackTraceUtility:ExtractStackTrace ()
ProjectAPlus.StageManager:Platform (UnityEngine.Vector2,UnityEngine.Vector2,UnityEngine.Color) (at Assets/ProjectAPlus/Scripts/Core/StageManager.cs:112)
ProjectAPlus.StageManager:BuildEnvironment () (at Assets/ProjectAPlus/Scripts/Core/StageManager.cs:67)
ProjectAPlus.StageManager:Load (ProjectAPlus.StageData) (at Assets/ProjectAPlus/Scripts/Core/StageManager.cs:35)
ProjectAPlus.GameManager:LoadStage (int) (at Assets/ProjectAPlus/Scripts/Core/GameManager.cs:108)
ProjectAPlus.Editor.ProjectAPlusAssetGenerator:AllStagesSmokeUpdate () (at Assets/ProjectAPlus/Editor/ProjectAPlusAssetGenerator.cs:157)
UnityEditor.EditorApplication:Internal_CallUpdateFunctions ()

[Assets/ProjectAPlus/Scripts/Core/StageManager.cs line 67]

Sprite Tiling might not appear correctly because the Sprite used is not generated with Full Rect. To fix this, change the Mesh Type in the Sprite's import setting to Full Rect
UnityEngine.StackTraceUtility:ExtractStackTrace ()
ProjectAPlus.StageManager:Platform (UnityEngine.Vector2,UnityEngine.Vector2,UnityEngine.Color) (at Assets/ProjectAPlus/Scripts/Core/StageManager.cs:112)
ProjectAPlus.StageManager:BuildEnvironment () (at Assets/ProjectAPlus/Scripts/Core/StageManager.cs:68)
ProjectAPlus.StageManager:Load (ProjectAPlus.StageData) (at Assets/ProjectAPlus/Scripts/Core/StageManager.cs:35)
ProjectAPlus.GameManager:LoadStage (int) (at Assets/ProjectAPlus/Scripts/Core/GameManager.cs:108)
ProjectAPlus.Editor.ProjectAPlusAssetGenerator:AllStagesSmokeUpdate () (at Assets/ProjectAPlus/Editor/ProjectAPlusAssetGenerator.cs:157)
UnityEditor.EditorApplication:Internal_CallUpdateFunctions ()

[Assets/ProjectAPlus/Scripts/Core/StageManager.cs line 68]

Sprite Tiling might not appear correctly because the Sprite used is not generated with Full Rect. To fix this, change the Mesh Type in the Sprite's import setting to Full Rect
UnityEngine.StackTraceUtility:ExtractStackTrace ()
ProjectAPlus.StageManager:Platform (UnityEngine.Vector2,UnityEngine.Vector2,UnityEngine.Color) (at Assets/ProjectAPlus/Scripts/Core/StageManager.cs:112)
ProjectAPlus.StageManager:BuildEnvironment () (at Assets/ProjectAPlus/Scripts/Core/StageManager.cs:69)
ProjectAPlus.StageManager:Load (ProjectAPlus.StageData) (at Assets/ProjectAPlus/Scripts/Core/StageManager.cs:35)
ProjectAPlus.GameManager:LoadStage (int) (at Assets/ProjectAPlus/Scripts/Core/GameManager.cs:108)
ProjectAPlus.Editor.ProjectAPlusAssetGenerator:AllStagesSmokeUpdate () (at Assets/ProjectAPlus/Editor/ProjectAPlusAssetGenerator.cs:157)
UnityEditor.EditorApplication:Internal_CallUpdateFunctions ()

[Assets/ProjectAPlus/Scripts/Core/StageManager.cs line 69]

Project A+ Stage 8 runtime smoke: True, enemies=5, bosses=0
UnityEngine.StackTraceUtility:ExtractStackTrace ()
UnityEngine.DebugLogHandler:LogFormat (UnityEngine.LogType,UnityEngine.Object,string,object[])
UnityEngine.Logger:Log (UnityEngine.LogType,object)
UnityEngine.Debug:Log (object)
ProjectAPlus.Editor.ProjectAPlusAssetGenerator:AllStagesSmokeUpdate () (at Assets/ProjectAPlus/Editor/ProjectAPlusAssetGenerator.cs:171)
UnityEditor.EditorApplication:Internal_CallUpdateFunctions ()

(Filename: Assets/ProjectAPlus/Editor/ProjectAPlusAssetGenerator.cs Line: 171)

Sprite Tiling might not appear correctly because the Sprite used is not generated with Full Rect. To fix this, change the Mesh Type in the Sprite's import setting to Full Rect
UnityEngine.StackTraceUtility:ExtractStackTrace ()
ProjectAPlus.StageManager:Platform (UnityEngine.Vector2,UnityEngine.Vector2,UnityEngine.Color) (at Assets/ProjectAPlus/Scripts/Core/StageManager.cs:112)
ProjectAPlus.StageManager:BuildEnvironment () (at Assets/ProjectAPlus/Scripts/Core/StageManager.cs:62)
ProjectAPlus.StageManager:Load (ProjectAPlus.StageData) (at Assets/ProjectAPlus/Scripts/Core/StageManager.cs:35)
ProjectAPlus.GameManager:LoadStage (int) (at Assets/ProjectAPlus/Scripts/Core/GameManager.cs:108)
ProjectAPlus.Editor.ProjectAPlusAssetGenerator:AllStagesSmokeUpdate () (at Assets/ProjectAPlus/Editor/ProjectAPlusAssetGenerator.cs:157)
UnityEditor.EditorApplication:Internal_CallUpdateFunctions ()

[Assets/ProjectAPlus/Scripts/Core/StageManager.cs line 62]

Sprite Tiling might not appear correctly because the Sprite used is not generated with Full Rect. To fix this, change the Mesh Type in the Sprite's import setting to Full Rect
UnityEngine.StackTraceUtility:ExtractStackTrace ()
ProjectAPlus.StageManager:Platform (UnityEngine.Vector2,UnityEngine.Vector2,UnityEngine.Color) (at Assets/ProjectAPlus/Scripts/Core/StageManager.cs:112)
ProjectAPlus.StageManager:BuildEnvironment () (at Assets/ProjectAPlus/Scripts/Core/StageManager.cs:63)
ProjectAPlus.StageManager:Load (ProjectAPlus.StageData) (at Assets/ProjectAPlus/Scripts/Core/StageManager.cs:35)
ProjectAPlus.GameManager:LoadStage (int) (at Assets/ProjectAPlus/Scripts/Core/GameManager.cs:108)
ProjectAPlus.Editor.ProjectAPlusAssetGenerator:AllStagesSmokeUpdate () (at Assets/ProjectAPlus/Editor/ProjectAPlusAssetGenerator.cs:157)
UnityEditor.EditorApplication:Internal_CallUpdateFunctions ()

[Assets/ProjectAPlus/Scripts/Core/StageManager.cs line 63]

Sprite Tiling might not appear correctly because the Sprite used is not generated with Full Rect. To fix this, change the Mesh Type in the Sprite's import setting to Full Rect
UnityEngine.StackTraceUtility:ExtractStackTrace ()
ProjectAPlus.StageManager:Platform (UnityEngine.Vector2,UnityEngine.Vector2,UnityEngine.Color) (at Assets/ProjectAPlus/Scripts/Core/StageManager.cs:112)
ProjectAPlus.StageManager:BuildEnvironment () (at Assets/ProjectAPlus/Scripts/Core/StageManager.cs:64)
ProjectAPlus.StageManager:Load (ProjectAPlus.StageData) (at Assets/ProjectAPlus/Scripts/Core/StageManager.cs:35)
ProjectAPlus.GameManager:LoadStage (int) (at Assets/ProjectAPlus/Scripts/Core/GameManager.cs:108)
ProjectAPlus.Editor.ProjectAPlusAssetGenerator:AllStagesSmokeUpdate () (at Assets/ProjectAPlus/Editor/ProjectAPlusAssetGenerator.cs:157)
UnityEditor.EditorApplication:Internal_CallUpdateFunctions ()

[Assets/ProjectAPlus/Scripts/Core/StageManager.cs line 64]

Sprite Tiling might not appear correctly because the Sprite used is not generated with Full Rect. To fix this, change the Mesh Type in the Sprite's import setting to Full Rect
UnityEngine.StackTraceUtility:ExtractStackTrace ()
ProjectAPlus.StageManager:Platform (UnityEngine.Vector2,UnityEngine.Vector2,UnityEngine.Color) (at Assets/ProjectAPlus/Scripts/Core/StageManager.cs:112)
ProjectAPlus.StageManager:BuildEnvironment () (at Assets/ProjectAPlus/Scripts/Core/StageManager.cs:66)
ProjectAPlus.StageManager:Load (ProjectAPlus.StageData) (at Assets/ProjectAPlus/Scripts/Core/StageManager.cs:35)
ProjectAPlus.GameManager:LoadStage (int) (at Assets/ProjectAPlus/Scripts/Core/GameManager.cs:108)
ProjectAPlus.Editor.ProjectAPlusAssetGenerator:AllStagesSmokeUpdate () (at Assets/ProjectAPlus/Editor/ProjectAPlusAssetGenerator.cs:157)
UnityEditor.EditorApplication:Internal_CallUpdateFunctions ()

[Assets/ProjectAPlus/Scripts/Core/StageManager.cs line 66]

Sprite Tiling might not appear correctly because the Sprite used is not generated with Full Rect. To fix this, change the Mesh Type in the Sprite's import setting to Full Rect
UnityEngine.StackTraceUtility:ExtractStackTrace ()
ProjectAPlus.StageManager:Platform (UnityEngine.Vector2,UnityEngine.Vector2,UnityEngine.Color) (at Assets/ProjectAPlus/Scripts/Core/StageManager.cs:112)
ProjectAPlus.StageManager:BuildEnvironment () (at Assets/ProjectAPlus/Scripts/Core/StageManager.cs:67)
ProjectAPlus.StageManager:Load (ProjectAPlus.StageData) (at Assets/ProjectAPlus/Scripts/Core/StageManager.cs:35)
ProjectAPlus.GameManager:LoadStage (int) (at Assets/ProjectAPlus/Scripts/Core/GameManager.cs:108)
ProjectAPlus.Editor.ProjectAPlusAssetGenerator:AllStagesSmokeUpdate () (at Assets/ProjectAPlus/Editor/ProjectAPlusAssetGenerator.cs:157)
UnityEditor.EditorApplication:Internal_CallUpdateFunctions ()

[Assets/ProjectAPlus/Scripts/Core/StageManager.cs line 67]

Sprite Tiling might not appear correctly because the Sprite used is not generated with Full Rect. To fix this, change the Mesh Type in the Sprite's import setting to Full Rect
UnityEngine.StackTraceUtility:ExtractStackTrace ()
ProjectAPlus.StageManager:Platform (UnityEngine.Vector2,UnityEngine.Vector2,UnityEngine.Color) (at Assets/ProjectAPlus/Scripts/Core/StageManager.cs:112)
ProjectAPlus.StageManager:BuildEnvironment () (at Assets/ProjectAPlus/Scripts/Core/StageManager.cs:68)
ProjectAPlus.StageManager:Load (ProjectAPlus.StageData) (at Assets/ProjectAPlus/Scripts/Core/StageManager.cs:35)
ProjectAPlus.GameManager:LoadStage (int) (at Assets/ProjectAPlus/Scripts/Core/GameManager.cs:108)
ProjectAPlus.Editor.ProjectAPlusAssetGenerator:AllStagesSmokeUpdate () (at Assets/ProjectAPlus/Editor/ProjectAPlusAssetGenerator.cs:157)
UnityEditor.EditorApplication:Internal_CallUpdateFunctions ()

[Assets/ProjectAPlus/Scripts/Core/StageManager.cs line 68]

Sprite Tiling might not appear correctly because the Sprite used is not generated with Full Rect. To fix this, change the Mesh Type in the Sprite's import setting to Full Rect
UnityEngine.StackTraceUtility:ExtractStackTrace ()
ProjectAPlus.StageManager:Platform (UnityEngine.Vector2,UnityEngine.Vector2,UnityEngine.Color) (at Assets/ProjectAPlus/Scripts/Core/StageManager.cs:112)
ProjectAPlus.StageManager:BuildEnvironment () (at Assets/ProjectAPlus/Scripts/Core/StageManager.cs:69)
ProjectAPlus.StageManager:Load (ProjectAPlus.StageData) (at Assets/ProjectAPlus/Scripts/Core/StageManager.cs:35)
ProjectAPlus.GameManager:LoadStage (int) (at Assets/ProjectAPlus/Scripts/Core/GameManager.cs:108)
ProjectAPlus.Editor.ProjectAPlusAssetGenerator:AllStagesSmokeUpdate () (at Assets/ProjectAPlus/Editor/ProjectAPlusAssetGenerator.cs:157)
UnityEditor.EditorApplication:Internal_CallUpdateFunctions ()

[Assets/ProjectAPlus/Scripts/Core/StageManager.cs line 69]

Project A+ Stage 9 runtime smoke: True, enemies=7, bosses=0
UnityEngine.StackTraceUtility:ExtractStackTrace ()
UnityEngine.DebugLogHandler:LogFormat (UnityEngine.LogType,UnityEngine.Object,string,object[])
UnityEngine.Logger:Log (UnityEngine.LogType,object)
UnityEngine.Debug:Log (object)
ProjectAPlus.Editor.ProjectAPlusAssetGenerator:AllStagesSmokeUpdate () (at Assets/ProjectAPlus/Editor/ProjectAPlusAssetGenerator.cs:171)
UnityEditor.EditorApplication:Internal_CallUpdateFunctions ()

(Filename: Assets/ProjectAPlus/Editor/ProjectAPlusAssetGenerator.cs Line: 171)

Sprite Tiling might not appear correctly because the Sprite used is not generated with Full Rect. To fix this, change the Mesh Type in the Sprite's import setting to Full Rect
UnityEngine.StackTraceUtility:ExtractStackTrace ()
ProjectAPlus.StageManager:Platform (UnityEngine.Vector2,UnityEngine.Vector2,UnityEngine.Color) (at Assets/ProjectAPlus/Scripts/Core/StageManager.cs:112)
ProjectAPlus.StageManager:BuildEnvironment () (at Assets/ProjectAPlus/Scripts/Core/StageManager.cs:57)
ProjectAPlus.StageManager:Load (ProjectAPlus.StageData) (at Assets/ProjectAPlus/Scripts/Core/StageManager.cs:35)
ProjectAPlus.GameManager:LoadStage (int) (at Assets/ProjectAPlus/Scripts/Core/GameManager.cs:108)
ProjectAPlus.Editor.ProjectAPlusAssetGenerator:AllStagesSmokeUpdate () (at Assets/ProjectAPlus/Editor/ProjectAPlusAssetGenerator.cs:157)
UnityEditor.EditorApplication:Internal_CallUpdateFunctions ()

[Assets/ProjectAPlus/Scripts/Core/StageManager.cs line 57]

Sprite Tiling might not appear correctly because the Sprite used is not generated with Full Rect. To fix this, change the Mesh Type in the Sprite's import setting to Full Rect
UnityEngine.StackTraceUtility:ExtractStackTrace ()
ProjectAPlus.StageManager:Platform (UnityEngine.Vector2,UnityEngine.Vector2,UnityEngine.Color) (at Assets/ProjectAPlus/Scripts/Core/StageManager.cs:112)
ProjectAPlus.StageManager:BuildEnvironment () (at Assets/ProjectAPlus/Scripts/Core/StageManager.cs:58)
ProjectAPlus.StageManager:Load (ProjectAPlus.StageData) (at Assets/ProjectAPlus/Scripts/Core/StageManager.cs:35)
ProjectAPlus.GameManager:LoadStage (int) (at Assets/ProjectAPlus/Scripts/Core/GameManager.cs:108)
ProjectAPlus.Editor.ProjectAPlusAssetGenerator:AllStagesSmokeUpdate () (at Assets/ProjectAPlus/Editor/ProjectAPlusAssetGenerator.cs:157)
UnityEditor.EditorApplication:Internal_CallUpdateFunctions ()

[Assets/ProjectAPlus/Scripts/Core/StageManager.cs line 58]

Sprite Tiling might not appear correctly because the Sprite used is not generated with Full Rect. To fix this, change the Mesh Type in the Sprite's import setting to Full Rect
UnityEngine.StackTraceUtility:ExtractStackTrace ()
ProjectAPlus.StageManager:Platform (UnityEngine.Vector2,UnityEngine.Vector2,UnityEngine.Color) (at Assets/ProjectAPlus/Scripts/Core/StageManager.cs:112)
ProjectAPlus.StageManager:BuildEnvironment () (at Assets/ProjectAPlus/Scripts/Core/StageManager.cs:59)
ProjectAPlus.StageManager:Load (ProjectAPlus.StageData) (at Assets/ProjectAPlus/Scripts/Core/StageManager.cs:35)
ProjectAPlus.GameManager:LoadStage (int) (at Assets/ProjectAPlus/Scripts/Core/GameManager.cs:108)
ProjectAPlus.Editor.ProjectAPlusAssetGenerator:AllStagesSmokeUpdate () (at Assets/ProjectAPlus/Editor/ProjectAPlusAssetGenerator.cs:157)
UnityEditor.EditorApplication:Internal_CallUpdateFunctions ()

[Assets/ProjectAPlus/Scripts/Core/StageManager.cs line 59]

Project A+ Stage 10 runtime smoke: True, enemies=0, bosses=1
UnityEngine.StackTraceUtility:ExtractStackTrace ()
UnityEngine.DebugLogHandler:LogFormat (UnityEngine.LogType,UnityEngine.Object,string,object[])
UnityEngine.Logger:Log (UnityEngine.LogType,object)
UnityEngine.Debug:Log (object)
ProjectAPlus.Editor.ProjectAPlusAssetGenerator:AllStagesSmokeUpdate () (at Assets/ProjectAPlus/Editor/ProjectAPlusAssetGenerator.cs:171)
UnityEditor.EditorApplication:Internal_CallUpdateFunctions ()

(Filename: Assets/ProjectAPlus/Editor/ProjectAPlusAssetGenerator.cs Line: 171)

Project A+ all 10 stages runtime smoke passed.
UnityEngine.StackTraceUtility:ExtractStackTrace ()
UnityEngine.DebugLogHandler:LogFormat (UnityEngine.LogType,UnityEngine.Object,string,object[])
UnityEngine.Logger:Log (UnityEngine.LogType,object)
UnityEngine.Debug:Log (object)
ProjectAPlus.Editor.ProjectAPlusAssetGenerator:AllStagesSmokeUpdate () (at Assets/ProjectAPlus/Editor/ProjectAPlusAssetGenerator.cs:184)
UnityEditor.EditorApplication:Internal_CallUpdateFunctions ()

(Filename: Assets/ProjectAPlus/Editor/ProjectAPlusAssetGenerator.cs Line: 184)

[PhysX] Initialized MultithreadedTaskDispatcher with 16 workers.
Input System module state changed to: ShutdownInProgress.
Input System polling thread exited.
Input System module state changed to: Shutdown.
[Licensing::IpcConnector] LicenseClient-ryu-notifications channel disconnected successfully.
[Licensing::IpcConnector] LicenseClient-ryu channel disconnected successfully.
Cleanup mono
abort_threads: Failed aborting id: 00000000000062C4, mono_thread_manage will ignore it

abort_threads: Failed aborting id: 00000000000062C4, mono_thread_manage will ignore it

debugger-agent: Unable to listen on 4660
[Performance] WinEditorMain                                                                                                        :        1 samples, Peak.   682 ms (1.0x), Avg.   682 ms, Total. 681.6 ms (4.9%)
[Performance] WinEditorMain.ConfigureCrashHandler                                                                                  :        1 samples, Peak.  24.4 us (1.0x), Avg.  24.4 us, Total. 24.40 us (0.0%)
[Performance] WinEditorMain.CurlRequestInitialize                                                                                  :        1 samples, Peak.   412 us (1.0x), Avg.   412 us, Total. 411.9 us (0.0%)
[Performance] WinEditorMain.SetupLogFile                                                                                           :        1 samples, Peak.   515 us (1.0x), Avg.   515 us, Total. 514.8 us (0.0%)
[Performance] WinEditorMain.RunNativeTestsIfRequiredAndExit                                                                        :        1 samples, Peak.   200 ns (1.0x), Avg.   200 ns, Total. 200.0 ns (0.0%)
[Performance] WinEditorMain.Licensing                                                                                              :        1 samples, Peak.   660 ms (1.0x), Avg.   660 ms, Total. 659.9 ms (4.8%)
[Performance] WinEditorMain.InitializeCrashHandler                                                                                 :        1 samples, Peak.  14.5 ms (1.0x), Avg.  14.5 ms, Total. 14.49 ms (0.1%)
[Performance] WinEditorMain.CreateApplication                                                                                      :        1 samples, Peak.   202 us (1.0x), Avg.   202 us, Total. 201.8 us (0.0%)
[Performance] Application.InitializeProject                                                                                        :        1 samples, Peak.  7.97 s (1.0x), Avg.  7.97 s, Total. 7.970 s (57.7%)
[Performance] Application.PackageManager.StartServer                                                                               :        1 samples, Peak.  6.28 ms (1.0x), Avg.  6.28 ms, Total. 6.283 ms (0.0%)
[Performance] Application.AcquireProjectLock                                                                                       :        1 samples, Peak.  8.77 ms (1.0x), Avg.  8.77 ms, Total. 8.772 ms (0.1%)
[Performance] Application.InitializeEngineNoGraphics                                                                               :        1 samples, Peak.  70.3 ms (1.0x), Avg.  70.3 ms, Total. 70.32 ms (0.5%)
[Performance] Application.PackageManager.Initialize                                                                                :        1 samples, Peak.   480 ms (1.0x), Avg.   480 ms, Total. 480.2 ms (3.5%)
[Performance] Connecting to Package Manager                                                                                        :       49 samples, Peak.  52.8 us (14.0x), Avg.  3.77 us, Total. 184.9 us (0.0%)
[Performance] Application.EngineGraphics.Initialize                                                                                :        1 samples, Peak.  22.6 ms (1.0x), Avg.  22.6 ms, Total. 22.59 ms (0.2%)
[Performance] Application.GI.Initialize                                                                                            :        1 samples, Peak.  2.64 ms (1.0x), Avg.  2.64 ms, Total. 2.636 ms (0.0%)
[Performance] Application.LoadAllDefaultResourcesFromEditor                                                                        :        1 samples, Peak.  1.97 ms (1.0x), Avg.  1.97 ms, Total. 1.967 ms (0.0%)
[Performance] Application.LoadMonoAssemblies                                                                                       :        1 samples, Peak.   657 ms (1.0x), Avg.   657 ms, Total. 657.1 ms (4.8%)
[Performance] RestoreManagedReferences                                                                                             :        3 samples, Peak.  65.0 ms (1.7x), Avg.  39.0 ms, Total. 117.1 ms (0.8%)
[Performance] InitializeOnLoad DrivenRectTransformUndo                                                                             :        3 samples, Peak.   634 us (1.4x), Avg.   469 us, Total. 1.406 ms (0.0%)
[Performance] InitializeOnLoad SceneSearch                                                                                         :        3 samples, Peak.   215 us (1.4x), Avg.   159 us, Total. 475.7 us (0.0%)
[Performance] InitializeOnLoad CloudBuild                                                                                          :        3 samples, Peak.  9.40 us (1.5x), Avg.  6.40 us, Total. 19.20 us (0.0%)
[Performance] InitializeOnLoad NativeFormatImporterUtility                                                                         :        3 samples, Peak.  3.06 ms (1.2x), Avg.  2.49 ms, Total. 7.478 ms (0.1%)
[Performance] InitializeOnLoad SearchService                                                                                       :        3 samples, Peak.   261 us (1.4x), Avg.   181 us, Total. 542.5 us (0.0%)
[Performance] InitializeOnLoad SettingsService                                                                                     :        3 samples, Peak.  17.0 us (1.5x), Avg.  11.7 us, Total. 35.00 us (0.0%)
[Performance] InitializeOnLoad WindowLayout                                                                                        :        3 samples, Peak.   868 us (1.1x), Avg.   755 us, Total. 2.266 ms (0.0%)
[Performance] InitializeOnLoad AssetStoreContext                                                                                   :        3 samples, Peak.  30.6 ms (1.1x), Avg.  27.5 ms, Total. 82.59 ms (0.6%)
[Performance] InitializeOnLoad PoolManager                                                                                         :        3 samples, Peak.   847 us (1.2x), Avg.   706 us, Total. 2.118 ms (0.0%)
[Performance] InitializeOnLoad MixerEffectDefinitionReloader                                                                       :        3 samples, Peak.  2.42 ms (1.1x), Avg.  2.16 ms, Total. 6.475 ms (0.0%)
[Performance] InitializeOnLoad ProjectSearch                                                                                       :        3 samples, Peak.   360 us (2.2x), Avg.   162 us, Total. 484.8 us (0.0%)
[Performance] InitializeOnLoad UISystemProfilerRenderService                                                                       :        3 samples, Peak.  14.0 us (1.3x), Avg.  10.7 us, Total. 32.20 us (0.0%)
[Performance] InitializeOnLoad EditMode                                                                                            :        3 samples, Peak.   517 us (1.2x), Avg.   425 us, Total. 1.276 ms (0.0%)
[Performance] InitializeOnLoad UnityConnect                                                                                        :        3 samples, Peak.  73.4 us (1.2x), Avg.  60.2 us, Total. 180.7 us (0.0%)
[Performance] InitializeOnLoad ManagedDebugger                                                                                     :        3 samples, Peak.   894 us (1.2x), Avg.   734 us, Total. 2.201 ms (0.0%)
[Performance] InitializeOnLoad ShortcutIntegration                                                                                 :        3 samples, Peak.  83.7 us (1.2x), Avg.  67.0 us, Total. 201.0 us (0.0%)
[Performance] InitializeOnLoad AddComponentWindow                                                                                  :        3 samples, Peak.   167 us (1.3x), Avg.   125 us, Total. 376.2 us (0.0%)
[Performance] InitializeOnLoad ManagedDebuggerWindow                                                                               :        3 samples, Peak.   182 us (1.3x), Avg.   143 us, Total. 429.5 us (0.0%)
[Performance] InitializeOnLoad CacheServerWindow                                                                                   :        3 samples, Peak.  18.6 us (1.5x), Avg.  12.4 us, Total. 37.30 us (0.0%)
[Performance] InitializeOnLoad PlayModeDownload                                                                                    :        3 samples, Peak.  5.03 ms (2.7x), Avg.  1.88 ms, Total. 5.646 ms (0.0%)
[Performance] InitializeOnLoad MenuItems                                                                                           :        3 samples, Peak.   134 us (1.2x), Avg.   114 us, Total. 340.6 us (0.0%)
[Performance] InitializeOnLoad PrefabInstanceChangedListener                                                                       :        3 samples, Peak.   204 us (1.2x), Avg.   166 us, Total. 496.9 us (0.0%)
[Performance] InitializeOnLoad ObjectSelectorSearch                                                                                :        3 samples, Peak.  76.1 us (1.3x), Avg.  59.1 us, Total. 177.4 us (0.0%)
[Performance] InitializeOnLoad EditorMonitor                                                                                       :        3 samples, Peak.  1.05 ms (1.3x), Avg.   781 us, Total. 2.343 ms (0.0%)
[Performance] InitializeOnLoad RetainedMode                                                                                        :        3 samples, Peak.  3.29 ms (1.2x), Avg.  2.66 ms, Total. 7.986 ms (0.1%)
[Performance] InitializeOnLoad EditorShaderLoader                                                                                  :        3 samples, Peak.  1.21 ms (1.4x), Avg.   839 us, Total. 2.516 ms (0.0%)
[Performance] InitializeOnLoad EditorDelegateRegistration                                                                          :        3 samples, Peak.   684 us (1.3x), Avg.   544 us, Total. 1.633 ms (0.0%)
[Performance] InitializeOnLoad UIDocumentHierarchyWatcher                                                                          :        3 samples, Peak.  94.1 us (1.1x), Avg.  84.9 us, Total. 254.8 us (0.0%)
[Performance] InitializeOnLoad LiveReloadTrackerCreator                                                                            :        3 samples, Peak.   287 us (1.3x), Avg.   215 us, Total. 645.6 us (0.0%)
[Performance] InitializeOnLoad UxmlObjectEditorFactories                                                                           :        3 samples, Peak.   754 us (1.4x), Avg.   541 us, Total. 1.622 ms (0.0%)
[Performance] InitializeOnLoad UXMLEditorFactories                                                                                 :        3 samples, Peak.  81.1 ms (1.2x), Avg.  68.0 ms, Total. 204.0 ms (1.5%)
[Performance] InitializeOnLoad PurchasingService                                                                                   :        3 samples, Peak.  10.2 ms (1.3x), Avg.  8.09 ms, Total. 24.28 ms (0.2%)
[Performance] InitializeOnLoad CloudBuildPoller                                                                                    :        3 samples, Peak.   151 us (1.2x), Avg.   130 us, Total. 388.6 us (0.0%)
[Performance] InitializeOnLoad EditorGameServicesAnalytics                                                                         :        3 samples, Peak.  4.21 ms (2.0x), Avg.  2.14 ms, Total. 6.432 ms (0.0%)
[Performance] InitializeOnLoad AnalyticsService                                                                                    :        3 samples, Peak.   240 us (1.2x), Avg.   200 us, Total. 601.0 us (0.0%)
[Performance] InitializeOnLoad BuildService                                                                                        :        3 samples, Peak.   221 us (1.3x), Avg.   176 us, Total. 527.9 us (0.0%)
[Performance] InitializeOnLoad AdsService                                                                                          :        3 samples, Peak.   523 us (1.2x), Avg.   440 us, Total. 1.320 ms (0.0%)
[Performance] InitializeOnLoad UDPService                                                                                          :        3 samples, Peak.   211 us (1.2x), Avg.   172 us, Total. 516.5 us (0.0%)
[Performance] InitializeOnLoad CrashService                                                                                        :        3 samples, Peak.   207 us (1.2x), Avg.   173 us, Total. 519.7 us (0.0%)
[Performance] InitializeOnLoad ServicesRepository                                                                                  :        3 samples, Peak.  2.30 us (2.1x), Avg.  1.10 us, Total. 3.300 us (0.0%)
[Performance] InitializeOnLoad SearchWindow                                                                                        :        3 samples, Peak.   147 us (1.0x), Avg.   141 us, Total. 421.5 us (0.0%)
[Performance] InitializeOnLoad CustomIndexers                                                                                      :        3 samples, Peak.  19.4 ms (1.1x), Avg.  17.5 ms, Total. 52.62 ms (0.4%)
[Performance] InitializeOnLoad SearchMonitor                                                                                       :        3 samples, Peak.  1.51 ms (1.1x), Avg.  1.34 ms, Total. 4.019 ms (0.0%)
[Performance] InitializeOnLoad ParameterControllerEditor                                                                           :        3 samples, Peak.  19.8 us (1.1x), Avg.  18.3 us, Total. 55.00 us (0.0%)
[Performance] InitializeOnLoad LayerSettingsWindow                                                                                 :        3 samples, Peak.  28.8 us (1.5x), Avg.  19.2 us, Total. 57.50 us (0.0%)
[Performance] InitializeOnLoad PackageManagerHookGUIDConverter.RegisterPackagesEventHandler                                        :        3 samples, Peak.   732 us (1.3x), Avg.   549 us, Total. 1.648 ms (0.0%)
[Performance] InitializeOnLoad EditorDragAndDrop.RegisterEditorClient                                                              :        3 samples, Peak.   255 us (1.2x), Avg.   218 us, Total. 654.3 us (0.0%)
[Performance] InitializeOnLoad EditorEventCallbacks.InitializeFontAssetResourceChangeCallBacks                                     :        3 samples, Peak.  1.71 ms (1.3x), Avg.  1.34 ms, Total. 4.012 ms (0.0%)
[Performance] InitializeOnLoad SceneTemplateService.Init                                                                           :        3 samples, Peak.  2.03 ms (1.4x), Avg.  1.50 ms, Total. 4.508 ms (0.0%)
[Performance] InitializeOnLoad DiagnosticSwitchesConsoleMessage.Init                                                               :        3 samples, Peak.  7.45 ms (1.5x), Avg.  4.81 ms, Total. 14.44 ms (0.1%)
[Performance] InitializeOnLoad PackageManagerWindow.EditorInitializedInSafeMode                                                    :        3 samples, Peak.  27.8 ms (3.0x), Avg.  9.41 ms, Total. 28.22 ms (0.2%)
[Performance] InitializeOnLoad ToolShortcutContext.Init                                                                            :        3 samples, Peak.   208 us (1.3x), Avg.   161 us, Total. 482.0 us (0.0%)
[Performance] InitializeOnLoad MemoryProfilerCompilationGuard.InjectCompileGuard                                                   :        3 samples, Peak.   256 us (1.4x), Avg.   188 us, Total. 564.3 us (0.0%)
[Performance] InitializeOnLoad AssetPostprocessingInternal.RefreshCustomDependencies                                               :        3 samples, Peak.  4.01 ms (1.4x), Avg.  2.84 ms, Total. 8.534 ms (0.1%)
[Performance] InitializeOnLoad SysrootManager.Initialize                                                                           :        3 samples, Peak.   476 us (1.1x), Avg.   437 us, Total. 1.312 ms (0.0%)
[Performance] InitializeOnLoad ScopedRegistryAddedPopup.SubscribeToRegistriesAdded                                                 :        3 samples, Peak.  11.1 ms (1.7x), Avg.  6.57 ms, Total. 19.70 ms (0.1%)
[Performance] InitializeOnLoad SceneVisibilityManager.Initialize                                                                   :        3 samples, Peak.  4.69 ms (1.9x), Avg.  2.44 ms, Total. 7.318 ms (0.1%)
[Performance] InitializeOnLoad EditorWindow.Initialize                                                                             :        3 samples, Peak.   372 us (1.2x), Avg.   306 us, Total. 917.3 us (0.0%)
[Performance] AssemblyReloadEvents.afterAssemblyReload: UnityEditor.SceneTemplate.SceneTemplateService.AfterAssemblyReload         :        3 samples, Peak.  6.55 ms (1.8x), Avg.  3.55 ms, Total. 10.65 ms (0.1%)
[Performance] ProcessService.EditorAfterLoadAllAssemblies                                                                          :        3 samples, Peak.   440 us (1.2x), Avg.   365 us, Total. 1.094 ms (0.0%)
[Performance] Application.ReadLicenseInfo                                                                                          :        1 samples, Peak.  14.0 ms (1.0x), Avg.  14.0 ms, Total. 13.98 ms (0.1%)
[Performance] Application.InitialRefresh                                                                                           :        1 samples, Peak.  6.25 s (1.0x), Avg.  6.25 s, Total. 6.249 s (45.2%)
[Performance] ShaderImporter.SourceAssetModified                                                                                   :        2 samples, Peak.   700 ns (1.4x), Avg.   500 ns, Total. 1000.0 ns (0.0%)
[Performance] ShaderIncludeImporter.SourceAssetModified                                                                            :        2 samples, Peak.   700 ns (1.2x), Avg.   600 ns, Total. 1.200 us (0.0%)
[Performance] Compiling Scripts                                                                                                    :        1 samples, Peak.  5.25 s (1.0x), Avg.  5.25 s, Total. 5.246 s (38.0%)
[Performance] AssemblyReloadEvents.beforeAssemblyReload: UnityEditor.SceneTemplate.SceneTemplateService.BeforeAssemblyReload       :        2 samples, Peak.   732 us (1.1x), Avg.   694 us, Total. 1.387 ms (0.0%)
[Performance] PresetManagerPostProcessor.OnPreprocessAsset                                                                         :        1 samples, Peak.  1.31 ms (1.0x), Avg.  1.31 ms, Total. 1.307 ms (0.0%)
[Performance] CancelSplashScreenOnAssetChange.OnPreprocessAsset                                                                    :        1 samples, Peak.   137 us (1.0x), Avg.   137 us, Total. 136.6 us (0.0%)
[Performance] InitializeOnLoad ProjectAPlusAssetGenerator                                                                          :        2 samples, Peak.   727 us (1.2x), Avg.   592 us, Total. 1.185 ms (0.0%)
[Performance] InitializeOnLoad PrefabLayoutRebuilder                                                                               :        2 samples, Peak.   265 us (1.1x), Avg.   250 us, Total. 501.0 us (0.0%)
[Performance] DidReloadScriptsAdvancedDropdownWindow.OnScriptReload                                                                :        2 samples, Peak.   339 us (1.2x), Avg.   279 us, Total. 557.6 us (0.0%)
[Performance] AssetDatabase.ImportAssets                                                                                           :        3 samples, Peak.  2.50 us (2.0x), Avg.  1.23 us, Total. 3.700 us (0.0%)
[Performance] VersionControl.Task.Wait                                                                                             :        1 samples, Peak.  20.6 us (1.0x), Avg.  20.6 us, Total. 20.60 us (0.0%)
[Performance] BuilderAssetPostprocessor.OnPostprocessAllAssets                                                                     :        2 samples, Peak.  4.69 ms (1.0x), Avg.  4.59 ms, Total. 9.175 ms (0.1%)
[Performance] ArtifactBrowserPostProcessor.OnPostprocessAllAssets                                                                  :        2 samples, Peak.   802 us (1.0x), Avg.   799 us, Total. 1.598 ms (0.0%)
[Performance] AssetEvents.OnPostprocessAllAssets                                                                                   :        4 samples, Peak.   236 us (1.5x), Avg.   161 us, Total. 642.1 us (0.0%)
[Performance] AudioMixerPostprocessor.OnPostprocessAllAssets                                                                       :        2 samples, Peak.   433 us (1.0x), Avg.   431 us, Total. 861.5 us (0.0%)
[Performance] StyleCatalogPostProcessor.OnPostprocessAllAssets                                                                     :        2 samples, Peak.  25.8 ms (1.0x), Avg.  25.8 ms, Total. 51.55 ms (0.4%)
[Performance] BuildCatalog                                                                                                         :        1 samples, Peak.  24.2 ms (1.0x), Avg.  24.2 ms, Total. 24.18 ms (0.2%)
[Performance] ModelImporterPostProcessor.OnPostprocessAllAssets                                                                    :        2 samples, Peak.  1.22 ms (1.0x), Avg.  1.22 ms, Total. 2.443 ms (0.0%)
[Performance] RetainedModeAssetPostprocessor.OnPostprocessAllAssets                                                                :        2 samples, Peak.  3.01 ms (1.0x), Avg.  3.01 ms, Total. 6.018 ms (0.0%)
[Performance] AssetChangedListener.OnPostprocessAllAssets                                                                          :        2 samples, Peak.  2.34 ms (1.0x), Avg.  2.34 ms, Total. 4.682 ms (0.0%)
[Performance] SpeedTreePostProcessor.OnPostprocessAllAssets                                                                        :        2 samples, Peak.   259 us (1.0x), Avg.   256 us, Total. 512.4 us (0.0%)
[Performance] TextAssetPostProcessor.OnPostprocessAllAssets                                                                        :        2 samples, Peak.   503 us (1.0x), Avg.   502 us, Total. 1.003 ms (0.0%)
[Performance] SyncVS.PostprocessSyncProject                                                                                        :        2 samples, Peak.  1.82 ms (1.1x), Avg.  1.67 ms, Total. 3.333 ms (0.0%)
[Performance] Application.ImportPackagesAndSetTemplateWhenCreatingProject                                                          :        1 samples, Peak.  17.3 ms (1.0x), Avg.  17.3 ms, Total. 17.27 ms (0.1%)
[Performance] Application.SyncCurrentColorSpace                                                                                    :        1 samples, Peak.  9.15 ms (1.0x), Avg.  9.15 ms, Total. 9.148 ms (0.1%)
[Performance] Application.OnUsbDevicesChanged                                                                                      :        1 samples, Peak.  5.26 ms (1.0x), Avg.  5.26 ms, Total. 5.255 ms (0.0%)
[Performance] Application.AssetInstanceCacheUpdate                                                                                 :        1 samples, Peak.   300 ns (1.0x), Avg.   300 ns, Total. 300.0 ns (0.0%)
[Performance] Application.UnityExtensions.Initialize                                                                               :        1 samples, Peak.   851 us (1.0x), Avg.   851 us, Total. 850.5 us (0.0%)
[Performance] CodeEditorProjectSync.SyncEditorProject                                                                              :        1 samples, Peak.   184 us (1.0x), Avg.   184 us, Total. 183.9 us (0.0%)
[Performance] Application.ExecuteStartups                                                                                          :        1 samples, Peak.  43.8 ms (1.0x), Avg.  43.8 ms, Total. 43.82 ms (0.3%)
[Performance] Menu.RegisterMenuInterface                                                                                           :       26 samples, Peak.  1.20 us (5.9x), Avg.   204 ns, Total. 5.300 us (0.0%)
[Performance] Gizmo.RebuildRenderers                                                                                               :        3 samples, Peak.  43.2 ms (1.7x), Avg.  25.3 ms, Total. 76.00 ms (0.6%)
[Performance] Gizmo.AddGizmoRenderers                                                                                              :       66 samples, Peak.  1.58 ms (23.0x), Avg.  68.8 us, Total. 4.541 ms (0.0%)
[Performance] Application.editorInitializingProject                                                                                :        1 samples, Peak.   120 ms (1.0x), Avg.   120 ms, Total. 120.3 ms (0.9%)
[Performance] Application.FinishLoadingProject                                                                                     :        1 samples, Peak.   135 ms (1.0x), Avg.   135 ms, Total. 135.3 ms (1.0%)
[Performance] Application.InitializeMenu                                                                                           :        1 samples, Peak.  77.7 ms (1.0x), Avg.  77.7 ms, Total. 77.67 ms (0.6%)
[Performance] Menu.RebuildAll                                                                                                      :        1 samples, Peak.  77.6 ms (1.0x), Avg.  77.6 ms, Total. 77.63 ms (0.6%)
[Performance] Menu.BuildRegisteredMenuInterfaces                                                                                   :        1 samples, Peak.  75.8 ms (1.0x), Avg.  75.8 ms, Total. 75.81 ms (0.5%)
[Performance] Menu.FilterMenuItem                                                                                                  :      480 samples, Peak.  18.9 ms (467.4x), Avg.  40.4 us, Total. 19.37 ms (0.1%)
[Performance] UpdateAllMenus                                                                                                       :        1 samples, Peak.   487 us (1.0x), Avg.   487 us, Total. 487.3 us (0.0%)
[Performance] Menu.RebuildOSMainMenu                                                                                               :        2 samples, Peak.  1.68 ms (1.2x), Avg.  1.40 ms, Total. 2.802 ms (0.0%)
[Performance] EditorSceneManager.sceneClosing: UnityEditor.SceneVisibilityManager.EditorSceneManagerOnSceneClosing                 :        3 samples, Peak.   271 us (1.6x), Avg.   172 us, Total. 517.2 us (0.0%)
[Performance] GUIView.RepaintAll.PlayerLoopController                                                                              :    16067 samples, Peak.  8.70 us (27.2x), Avg.   320 ns, Total. 5.134 ms (0.0%)
[Performance] EditorSceneManager.newSceneCreated: UnityEditor.SceneTemplate.SceneTemplateService.OnNewSceneCreated                 :        1 samples, Peak.   230 us (1.0x), Avg.   230 us, Total. 230.0 us (0.0%)
[Performance] EditorSceneManager.newSceneCreated: UnityEditor.SceneVisibilityManager.EditorSceneManagerOnNewSceneCreated           :        1 samples, Peak.   199 us (1.0x), Avg.   199 us, Total. 198.7 us (0.0%)
[Performance] EditorSceneManager.newSceneCreated: UnityEditor.SceneManagement.StageNavigationManager.OnNewSceneCreated             :        1 samples, Peak.  67.3 us (1.0x), Avg.  67.3 us, Total. 67.30 us (0.0%)
[Performance] Application.InvokeFinishedLoadingProject                                                                             :        1 samples, Peak.   816 us (1.0x), Avg.   816 us, Total. 815.9 us (0.0%)
[Performance] ProcessService.OnProjectLoaded                                                                                       :        1 samples, Peak.  36.8 us (1.0x), Avg.  36.8 us, Total. 36.80 us (0.0%)
[Performance] EditorSceneManager.sceneOpening: UnityEditor.SceneVisibilityManager.EditorSceneManagerOnSceneOpening                 :        1 samples, Peak.   599 us (1.0x), Avg.   599 us, Total. 599.1 us (0.0%)
[Performance] Inspector.InitOrRebuild                                                                                              :        2 samples, Peak.   424 us (1.1x), Avg.   377 us, Total. 754.5 us (0.0%)
[Performance] EditorSceneManager.sceneOpened: UnityEditor.SceneTemplate.SceneTemplateService.OnSceneOpened                         :        1 samples, Peak.   221 us (1.0x), Avg.   221 us, Total. 221.2 us (0.0%)
[Performance] EditorSceneManager.sceneOpened: UnityEditor.SceneVisibilityManager.EditorSceneManagerOnSceneOpened                   :        1 samples, Peak.   124 us (1.0x), Avg.   124 us, Total. 124.4 us (0.0%)
[Performance] EditorSceneManager.sceneOpened: UnityEditor.SceneManagement.StageNavigationManager.OnSceneOpened                     :        1 samples, Peak.  64.3 us (1.0x), Avg.  64.3 us, Total. 64.30 us (0.0%)
[Performance] EditorApplication.playModeStateChanged                                                                               :        1 samples, Peak.  1.12 ms (1.0x), Avg.  1.12 ms, Total. 1.124 ms (0.0%)
[Performance] EditorApplication.playModeStateChanged: UnityEditor.ObjectPool.PoolManager.OnEditorStateChange                       :        2 samples, Peak.   156 us (1.0x), Avg.   151 us, Total. 301.5 us (0.0%)
[Performance] EditorApplication.playModeStateChanged: UnityEditor.PackageManager.UI.Internal.PlayModeDownload.PlayModeStateChanged :        2 samples, Peak.   285 us (1.4x), Avg.   207 us, Total. 414.5 us (0.0%)
[Performance] EditorApplication.playModeStateChanged: UnityEditor.SceneManagement.EditorSceneManager.PlayModeStateChangedCallback  :        2 samples, Peak.  36.9 us (1.0x), Avg.  36.6 us, Total. 73.30 us (0.0%)
[Performance] EditorApplication.playModeStateChanged: UnityEditor.PackageManager.UI.Internal.ApplicationProxy.PlayModeStateChanged :        2 samples, Peak.   162 us (1.0x), Avg.   159 us, Total. 317.1 us (0.0%)
[Performance] EditorApplication.playModeStateChanged: UnityEditor.SceneVisibilityManager.EditorApplicationPlayModeStateChanged     :        2 samples, Peak.  32.9 us (1.0x), Avg.  32.3 us, Total. 64.60 us (0.0%)
[Performance] Application.InvokeProjectWasLoaded                                                                                   :        1 samples, Peak.  36.6 us (1.0x), Avg.  36.6 us, Total. 36.60 us (0.0%)
[Performance] Application.Message                                                                                                  :    16066 samples, Peak.   132 us (678.0x), Avg.   194 ns, Total. 3.123 ms (0.0%)
[Performance] Application.Message.WM_0031F                                                                                         :        1 samples, Peak.  14.4 us (1.0x), Avg.  14.4 us, Total. 14.40 us (0.0%)
[Performance] Application.Tick                                                                                                     :    16065 samples, Peak.  1.16 s (4125.6x), Avg.   282 us, Total. 4.523 s (32.7%)
[Performance] CheckLicensingClient                                                                                                 :        1 samples, Peak.  12.5 us (1.0x), Avg.  12.5 us, Total. 12.50 us (0.0%)
[Performance] CheckLicensingClientNotification                                                                                     :        1 samples, Peak.  16.8 us (1.0x), Avg.  16.8 us, Total. 16.80 us (0.0%)
[Performance] LicenseActivated.Tick                                                                                                :        1 samples, Peak.  9.60 us (1.0x), Avg.  9.60 us, Total. 9.600 us (0.0%)
[Performance] Application.TickVersionControl                                                                                       :    16066 samples, Peak.   104 us (323.9x), Avg.   320 ns, Total. 5.149 ms (0.0%)
[Performance] MonoCompiler.Tick                                                                                                    :       19 samples, Peak.   996 ms (19.0x), Avg.  52.4 ms, Total. 996.4 ms (7.2%)
[Performance] Application.EnterPlayMode                                                                                            :        1 samples, Peak.   979 ms (1.0x), Avg.   979 ms, Total. 979.1 ms (7.1%)
[Performance] Application.Reload                                                                                                   :        1 samples, Peak.   699 ms (1.0x), Avg.   699 ms, Total. 699.3 ms (5.1%)
[Performance] SceneDataContainer.TransformHierarchyChangedSetParentCallback                                                        :     1506 samples, Peak.  66.4 us (144.0x), Avg.   461 ns, Total. 694.2 us (0.0%)
[Performance] SceneVisibilityState.IsFlagSetInParents                                                                              :     2226 samples, Peak.  2.10 us (12.1x), Avg.   174 ns, Total. 386.3 us (0.0%)
[Performance] UnityBuildPostprocessor.OnProcessScene                                                                               :        1 samples, Peak.  1.24 ms (1.0x), Avg.  1.24 ms, Total. 1.242 ms (0.0%)
[Performance] UnityConnect.Tick                                                                                                    :        1 samples, Peak.  8.78 ms (1.0x), Avg.  8.78 ms, Total. 8.781 ms (0.1%)
[Performance] UnityVersionControl.Tick                                                                                             :        1 samples, Peak.  1.40 us (1.0x), Avg.  1.40 us, Total. 1.400 us (0.0%)
[Performance] CurlRequest.Tick                                                                                                     :       37 samples, Peak.  86.1 us (26.1x), Avg.  3.30 us, Total. 122.0 us (0.0%)
[Performance] HubClient.Tick                                                                                                       :       37 samples, Peak.  3.00 us (9.0x), Avg.   332 ns, Total. 12.30 us (0.0%)
[Performance] AssetDatabase.Tick                                                                                                   :       37 samples, Peak.  92.4 us (33.0x), Avg.  2.80 us, Total. 103.7 us (0.0%)
[Performance] SceneBackgroundTask.Tick                                                                                             :       25 samples, Peak.   500 ns (3.1x), Avg.   160 ns, Total. 4.000 us (0.0%)
[Performance] Scheduler.Tick                                                                                                       :      347 samples, Peak.  2.39 ms (210.7x), Avg.  11.4 us, Total. 3.941 ms (0.0%)
[Performance] RepaintAllProfilerWindows                                                                                            :        8 samples, Peak.   277 us (7.7x), Avg.  35.8 us, Total. 286.7 us (0.0%)
[Performance] PlayerUpdates.Tick                                                                                                   :       71 samples, Peak.  37.2 us (3.2x), Avg.  11.7 us, Total. 832.0 us (0.0%)
[Performance] Application.TickGlobalCallbacks                                                                                      :    16066 samples, Peak.  64.0 ms (4677.9x), Avg.  13.7 us, Total. 219.9 ms (1.6%)
[Performance] EditorAnalytics.Tick                                                                                                 :       15 samples, Peak.  38.6 us (6.8x), Avg.  5.65 us, Total. 84.80 us (0.0%)
[Performance] Video.Update                                                                                                         :    16066 samples, Peak.  66.2 us (257.5x), Avg.   257 ns, Total. 4.130 ms (0.0%)
[Performance] Application.TickProgress                                                                                             :    16066 samples, Peak.  3.94 ms (8120.6x), Avg.   485 ns, Total. 7.789 ms (0.1%)
[Performance] Application.TickSceneTracker                                                                                         :    16065 samples, Peak.  37.4 ms (3317.2x), Avg.  11.3 us, Total. 181.3 ms (1.3%)
[Performance] EditorApplication.update                                                                                             :    16065 samples, Peak.  37.2 ms (3920.4x), Avg.  9.50 us, Total. 152.6 ms (1.1%)
[Performance] EditorApplication.update: ProjectAPlus.Editor.ProjectAPlusAssetGenerator.AllStagesSmokeUpdate                        :    16065 samples, Peak.  34.2 ms (5053.4x), Avg.  6.77 us, Total. 108.8 ms (0.8%)
[Performance] EditorApplication.update: UnityEditor.PackageManager.UI.Internal.ApplicationProxy.OnUpdate                           :    16065 samples, Peak.   798 us (1193.3x), Avg.   669 ns, Total. 10.75 ms (0.1%)
[Performance] EditorApplication.update: UnityEditor.SceneManagement.StageNavigationManager.Update                                  :    16065 samples, Peak.   611 us (2487.8x), Avg.   245 ns, Total. 3.942 ms (0.0%)
[Performance] ConsoleLog.Tick                                                                                                      :       18 samples, Peak.   841 us (16.6x), Avg.  50.8 us, Total. 913.6 us (0.0%)
[Performance] HierarchyWindow.Tick                                                                                                 :       24 samples, Peak.   605 us (4.7x), Avg.   129 us, Total. 3.104 ms (0.0%)
[Performance] EditorApplication.hierarchyChanged: Unity.UIElements.Editor.UIDocumentHierarchyWatcher.OnHierarchyChanged            :       15 samples, Peak.   131 us (13.8x), Avg.  9.53 us, Total. 142.9 us (0.0%)
[Performance] Inspector.Tick                                                                                                       :       24 samples, Peak.  35.4 ms (24.0x), Avg.  1.48 ms, Total. 35.43 ms (0.3%)
[Performance] EditorApplication.delayCall: UnityEditor.ShortcutManagement.ShortcutIntegration.EnsureShortcutsAreInitialized        :        1 samples, Peak.  32.4 ms (1.0x), Avg.  32.4 ms, Total. 32.38 ms (0.2%)
[Performance] EditorApplication.delayCall: ProjectAPlus.Editor.ProjectAPlusAssetGenerator.EnsureScenes                             :        1 samples, Peak.  1.27 ms (1.0x), Avg.  1.27 ms, Total. 1.272 ms (0.0%)
[Performance] EditorApplication.delayCall: callback in UnityEditor.EditorTools.ToolShortcutContext                                 :        1 samples, Peak.  1.26 ms (1.0x), Avg.  1.26 ms, Total. 1.264 ms (0.0%)
[Performance] EditorApplication.delayCall: callback in UnityEditor.SceneVisibilityManager                                          :        1 samples, Peak.   112 us (1.0x), Avg.   112 us, Total. 112.4 us (0.0%)
[Performance] EditorApplication.delayCall: callback in UnityEditor.EditorWindow                                                    :        1 samples, Peak.  47.1 us (1.0x), Avg.  47.1 us, Total. 47.10 us (0.0%)
[Performance] Tooltip.Tick                                                                                                         :       70 samples, Peak.  35.9 us (30.9x), Avg.  1.16 us, Total. 81.20 us (0.0%)
[Performance] Application.RequestRepaintForPanels                                                                                  :    16065 samples, Peak.   345 us (365.7x), Avg.   945 ns, Total. 15.17 ms (0.1%)
[Performance] Application.UpdateScene                                                                                              :    16065 samples, Peak.  9.00 ms (49.2x), Avg.   183 us, Total. 2.940 s (21.3%)
[Performance] PackageImporter.Tick                                                                                                 :       18 samples, Peak.   900 ns (2.2x), Avg.   406 ns, Total. 7.300 us (0.0%)
[Performance] InspectorBackground.Tick                                                                                             :       24 samples, Peak.   900 ns (2.8x), Avg.   317 ns, Total. 7.600 us (0.0%)
[Performance] BurstDebug.Tick                                                                                                      :        8 samples, Peak.   700 ns (1.6x), Avg.   450 ns, Total. 3.600 us (0.0%)
[Performance] Application.ChangeLayoutIfNeeded                                                                                     :    16065 samples, Peak.  9.10 us (141.8x), Avg.  64.2 ns, Total. 1.031 ms (0.0%)
[Performance] AsyncReadManager.ForceCloseFiles                                                                                     :        4 samples, Peak.  57.7 us (3.8x), Avg.  15.2 us, Total. 60.70 us (0.0%)
[Performance] Application.Shutdown.SaveDefaultWindowPreferences                                                                    :        1 samples, Peak.   193 us (1.0x), Avg.   193 us, Total. 193.2 us (0.0%)
[Performance] Application.Shutdown.SaveSceneManagerSetup                                                                           :        1 samples, Peak.   547 us (1.0x), Avg.   547 us, Total. 547.2 us (0.0%)
[Performance] Application.Shutdown.CleanupAllContainerWindows                                                                      :        1 samples, Peak.   800 ns (1.0x), Avg.   800 ns, Total. 800.0 ns (0.0%)
[Performance] EditorApplication.quitting: callback in UnityEditor.TextCore.Text.EditorEventCallbacks                               :        1 samples, Peak.  12.1 ms (1.0x), Avg.  12.1 ms, Total. 12.12 ms (0.1%)
[Performance] Application.Shutdown.PauseProfilerSession                                                                            :        1 samples, Peak.  28.4 us (1.0x), Avg.  28.4 us, Total. 28.40 us (0.0%)
[Performance] Application.Shutdown.PauseAssetImportWorkers                                                                         :        1 samples, Peak.  7.77 ms (1.0x), Avg.  7.77 ms, Total. 7.771 ms (0.1%)
[Performance] Application.Shutdown.SaveAssets                                                                                      :        1 samples, Peak.  18.4 ms (1.0x), Avg.  18.4 ms, Total. 18.38 ms (0.1%)
[Performance] BuilderAssetModificationProcessor.OnWillSaveAssets                                                                   :        1 samples, Peak.   666 us (1.0x), Avg.   666 us, Total. 666.3 us (0.0%)
[Performance] TerrainModificationProcessor.OnWillSaveAssets                                                                        :        1 samples, Peak.  1.09 ms (1.0x), Avg.  1.09 ms, Total. 1.095 ms (0.0%)
[Performance] Application.Shutdown.CleanupRenderPipeline                                                                           :        1 samples, Peak.   278 us (1.0x), Avg.   278 us, Total. 277.7 us (0.0%)
[Performance] Application.Shutdown.StopPreloadManager                                                                              :        1 samples, Peak.  9.90 ms (1.0x), Avg.  9.90 ms, Total. 9.897 ms (0.1%)
[Performance] Application.Shutdown.DestroyWorld                                                                                    :        1 samples, Peak.  7.51 ms (1.0x), Avg.  7.51 ms, Total. 7.511 ms (0.1%)
[Performance] Application.Shutdown.CleanupAfterLoad                                                                                :        1 samples, Peak.  4.69 ms (1.0x), Avg.  4.69 ms, Total. 4.695 ms (0.0%)
[Performance] Application.Shutdown.Progress                                                                                        :        1 samples, Peak.  10.9 us (1.0x), Avg.  10.9 us, Total. 10.90 us (0.0%)
[Performance] Application.Shutdown.GICleanupManagers                                                                               :        1 samples, Peak.  7.52 ms (1.0x), Avg.  7.52 ms, Total. 7.524 ms (0.1%)
[Performance] Application.Shutdown.MenuCleanupClass                                                                                :        1 samples, Peak.   194 us (1.0x), Avg.   194 us, Total. 194.3 us (0.0%)
[Performance] Application.Shutdown.ADBSaveStateBeforeShutdown                                                                      :        1 samples, Peak.  9.60 us (1.0x), Avg.  9.60 us, Total. 9.600 us (0.0%)
[Performance] Application.Shutdown.RemoteShutdown                                                                                  :        1 samples, Peak.  1.50 us (1.0x), Avg.  1.50 us, Total. 1.500 us (0.0%)
[Performance] Application.Shutdown.CleanupVCProvider                                                                               :        1 samples, Peak.  19.2 us (1.0x), Avg.  19.2 us, Total. 19.20 us (0.0%)
[Performance] Application.Shutdown.InputShutdown                                                                                   :        1 samples, Peak.  3.30 us (1.0x), Avg.  3.30 us, Total. 3.300 us (0.0%)
[Performance] Application.Shutdown.GizmoManagerDestroy                                                                             :        1 samples, Peak.   921 us (1.0x), Avg.   921 us, Total. 921.2 us (0.0%)
[Performance] Application.Shutdown.ProfilerSession                                                                                 :        1 samples, Peak.   312 us (1.0x), Avg.   312 us, Total. 312.2 us (0.0%)
[Performance] Application.Shutdown.ReleaseGfxWindowOnAllGUIViews                                                                   :        1 samples, Peak.   600 ns (1.0x), Avg.   600 ns, Total. 600.0 ns (0.0%)
[Performance] Application.Shutdown.CleanupEngine                                                                                   :        1 samples, Peak.  81.0 ms (1.0x), Avg.  81.0 ms, Total. 80.97 ms (0.6%)
[Performance] Application.Shutdown.CleanupAssetDatabase                                                                            :        1 samples, Peak.  3.12 ms (1.0x), Avg.  3.12 ms, Total. 3.120 ms (0.0%)
[Performance] Application.Shutdown.ScriptCompilationCleanUp                                                                        :        1 samples, Peak.  23.9 ms (1.0x), Avg.  23.9 ms, Total. 23.92 ms (0.2%)
[Performance] Application.Shutdown.DestroyJobSystem                                                                                :        1 samples, Peak.   270 us (1.0x), Avg.   270 us, Total. 269.8 us (0.0%)
[Performance] Application.Shutdown.CleanupPersistentManager                                                                        :        1 samples, Peak.   763 us (1.0x), Avg.   763 us, Total. 763.3 us (0.0%)
[Performance] Application.Shutdown.CleanupAsyncReadManager                                                                         :        1 samples, Peak.   429 us (1.0x), Avg.   429 us, Total. 429.2 us (0.0%)
[Performance] Application.Shutdown.CleanupProgressBar                                                                              :        1 samples, Peak.   500 ns (1.0x), Avg.   500 ns, Total. 500.0 ns (0.0%)
[Performance] Application.Shutdown.CleanupMono                                                                                     :        1 samples, Peak.  71.4 ms (1.0x), Avg.  71.4 ms, Total. 71.39 ms (0.5%)
[Performance] Application.Shutdown.CleanupStdConverters                                                                            :        1 samples, Peak.  12.1 us (1.0x), Avg.  12.1 us, Total. 12.10 us (0.0%)
[Performance] Application.Shutdown.UnloadAllPlatformSupportModuleNativeDlls                                                        :        1 samples, Peak.   600 ns (1.0x), Avg.   600 ns, Total. 600.0 ns (0.0%)
[Performance] Application.Shutdown.UnloadAllPlatformSupportNativeLibraries                                                         :        1 samples, Peak. 100.0 ns (1.0x), Avg. 100.0 ns, Total. 100.00 ns (0.0%)
[Performance] Application.Shutdown.CleanupAutoDocumentation                                                                        :        1 samples, Peak.   644 us (1.0x), Avg.   644 us, Total. 644.5 us (0.0%)
[Performance] Application.Shutdown.ShaderNameManagerDestroy                                                                        :        1 samples, Peak.  64.8 us (1.0x), Avg.  64.8 us, Total. 64.80 us (0.0%)
[Performance] Application.Shutdown.CleanupCacheServer                                                                              :        1 samples, Peak. 100.0 ns (1.0x), Avg. 100.0 ns, Total. 100.00 ns (0.0%)
[Performance] Application.Shutdown.Virtualization_Shutdown                                                                         :        1 samples, Peak.   500 ns (1.0x), Avg.   500 ns, Total. 500.0 ns (0.0%)
[Performance] Application.Shutdown.DevConnections                                                                                  :        1 samples, Peak.   188 us (1.0x), Avg.   188 us, Total. 188.4 us (0.0%)
Checking for leaked weakptr:
  Found no leaked weakptrs.
[Package Manager] Server::Kill -- Server was shutdown
Memory Statistics:
[ALLOC_TEMP_TLS] TLS Allocator
  StackAllocators : 
    [ALLOC_TEMP_CurlRequest]
      Initial Block Size 64.0 KB
      Current Block Size 64.0 KB
      Peak Allocated Bytes 0 B
      Overflow Count 0
    [ALLOC_TEMP_MAIN]
      Peak usage frame count: [4.0 KB-8.0 KB]: 15918 frames, [8.0 KB-16.0 KB]: 4 frames, [16.0 KB-32.0 KB]: 142 frames, [8.0 MB-16.0 MB]: 1 frames
      Initial Block Size 16.0 MB
      Current Block Size 16.0 MB
      Peak Allocated Bytes 9.4 MB
      Overflow Count 0
    [ALLOC_TEMP_Background Job.Worker 8]
      Initial Block Size 32.0 KB
      Current Block Size 32.0 KB
      Peak Allocated Bytes 54 B
      Overflow Count 0
    [ALLOC_TEMP_Job.Worker 4]
      Initial Block Size 256.0 KB
      Current Block Size 296.0 KB
      Peak Allocated Bytes 292.6 KB
      Overflow Count 0
    [ALLOC_TEMP_AUDIO_FMOD mixer thread]
      Initial Block Size 64.0 KB
      Current Block Size 64.0 KB
      Peak Allocated Bytes 54 B
      Overflow Count 0
    [ALLOC_TEMP_BakingJobs.Worker 5]
      Initial Block Size 256.0 KB
      Current Block Size 256.0 KB
      Peak Allocated Bytes 54 B
      Overflow Count 0
    [ALLOC_TEMP_Background Job.Worker 11]
      Initial Block Size 32.0 KB
      Current Block Size 32.0 KB
      Peak Allocated Bytes 54 B
      Overflow Count 0
    [ALLOC_TEMP_Background Job.Worker 3]
      Initial Block Size 32.0 KB
      Current Block Size 32.0 KB
      Peak Allocated Bytes 54 B
      Overflow Count 0
    [ALLOC_TEMP_BatchDeleteObjects]
      Initial Block Size 64.0 KB
      Current Block Size 64.0 KB
      Peak Allocated Bytes 54 B
      Overflow Count 0
    [ALLOC_TEMP_CoreBusinessMetricsCache]
      Initial Block Size 64.0 KB
      Current Block Size 64.0 KB
      Peak Allocated Bytes 8.0 KB
      Overflow Count 0
    [ALLOC_TEMP_REST Message Handler]
      Initial Block Size 64.0 KB
      Current Block Size 64.0 KB
      Peak Allocated Bytes 54 B
      Overflow Count 0
    [ALLOC_TEMP_Job.Worker 13]
      Initial Block Size 256.0 KB
      Current Block Size 256.0 KB
      Peak Allocated Bytes 1.5 KB
      Overflow Count 0
    [ALLOC_TEMP_Background Job.Worker 2]
      Initial Block Size 32.0 KB
      Current Block Size 32.0 KB
      Peak Allocated Bytes 1.6 KB
      Overflow Count 0
    [ALLOC_TEMP_AssetDatabase.IOService]
      Initial Block Size 64.0 KB
      Current Block Size 64.0 KB
      Peak Allocated Bytes 54 B
      Overflow Count 0
    [ALLOC_TEMP_Job.Worker 10]
      Initial Block Size 256.0 KB
      Current Block Size 296.0 KB
      Peak Allocated Bytes 292.6 KB
      Overflow Count 0
    [ALLOC_TEMP_Job.Worker 12]
      Initial Block Size 256.0 KB
      Current Block Size 296.0 KB
      Peak Allocated Bytes 292.6 KB
      Overflow Count 0
    [ALLOC_TEMP_Loading.PreloadManager] x 2
      Initial Block Size 32.0 MB
      Current Block Size 32.0 MB
      Peak Allocated Bytes 2.0 MB
      Overflow Count 0
    [ALLOC_TEMP_Profiler.Dispatcher]
      Initial Block Size 64.0 KB
      Current Block Size 64.0 KB
      Peak Allocated Bytes 0 B
      Overflow Count 0
    [ALLOC_TEMP_Job.Worker 14]
      Initial Block Size 256.0 KB
      Current Block Size 296.0 KB
      Peak Allocated Bytes 292.6 KB
      Overflow Count 0
    [ALLOC_TEMP_Job.Worker 3]
      Initial Block Size 256.0 KB
      Current Block Size 296.0 KB
      Peak Allocated Bytes 292.6 KB
      Overflow Count 0
    [ALLOC_TEMP_BakingJobs.Worker 7]
      Initial Block Size 256.0 KB
      Current Block Size 256.0 KB
      Peak Allocated Bytes 54 B
      Overflow Count 0
    [ALLOC_TEMP_Background Job.Worker 5]
      Initial Block Size 32.0 KB
      Current Block Size 32.0 KB
      Peak Allocated Bytes 54 B
      Overflow Count 0
    [ALLOC_TEMP_CurlRequest]
      Initial Block Size 64.0 KB
      Current Block Size 64.0 KB
      Peak Allocated Bytes 0 B
      Overflow Count 0
    [ALLOC_TEMP_Background Job.Worker 13]
      Initial Block Size 32.0 KB
      Current Block Size 32.0 KB
      Peak Allocated Bytes 54 B
      Overflow Count 0
    [ALLOC_TEMP_Job.Worker 2]
      Initial Block Size 256.0 KB
      Current Block Size 296.0 KB
      Peak Allocated Bytes 292.6 KB
      Overflow Count 0
    [ALLOC_TEMP_BakingJobs.Worker 6]
      Initial Block Size 256.0 KB
      Current Block Size 256.0 KB
      Peak Allocated Bytes 54 B
      Overflow Count 0
    [ALLOC_TEMP_Job.Worker 11]
      Initial Block Size 256.0 KB
      Current Block Size 296.0 KB
      Peak Allocated Bytes 292.6 KB
      Overflow Count 0
    [ALLOC_TEMP_Background Job.Worker 9]
      Initial Block Size 32.0 KB
      Current Block Size 32.0 KB
      Peak Allocated Bytes 54 B
      Overflow Count 0
    [ALLOC_TEMP_Job.Worker 0]
      Initial Block Size 256.0 KB
      Current Block Size 296.0 KB
      Peak Allocated Bytes 292.6 KB
      Overflow Count 0
    [ALLOC_TEMP_Job.Worker 5]
      Initial Block Size 256.0 KB
      Current Block Size 296.0 KB
      Peak Allocated Bytes 292.6 KB
      Overflow Count 0
    [ALLOC_TEMP_ReadCacheIndex] x 2
      Initial Block Size 64.0 KB
      Current Block Size 64.0 KB
      Peak Allocated Bytes 0.6 KB
      Overflow Count 0
    [ALLOC_TEMP_EnlightenWorker] x 8
      Initial Block Size 64.0 KB
      Current Block Size 64.0 KB
      Peak Allocated Bytes 54 B
      Overflow Count 0
    [ALLOC_TEMP_DirMonitor]
      Initial Block Size 64.0 KB
      Current Block Size 64.0 KB
      Peak Allocated Bytes 0.9 KB
      Overflow Count 0
    [ALLOC_TEMP_Job.Worker 9]
      Initial Block Size 256.0 KB
      Current Block Size 296.0 KB
      Peak Allocated Bytes 292.6 KB
      Overflow Count 0
    [ALLOC_TEMP_Job.Worker 6]
      Initial Block Size 256.0 KB
      Current Block Size 296.0 KB
      Peak Allocated Bytes 292.6 KB
      Overflow Count 0
    [ALLOC_TEMP_BakingJobs.Worker 1]
      Initial Block Size 256.0 KB
      Current Block Size 256.0 KB
      Peak Allocated Bytes 0.6 KB
      Overflow Count 0
    [ALLOC_TEMP_Loading.AsyncRead]
      Initial Block Size 64.0 KB
      Current Block Size 64.0 KB
      Peak Allocated Bytes 128 B
      Overflow Count 0
    [ALLOC_TEMP_Background Job.Worker 10]
      Initial Block Size 32.0 KB
      Current Block Size 32.0 KB
      Peak Allocated Bytes 54 B
      Overflow Count 0
    [ALLOC_TEMP_Background Job.Worker 6]
      Initial Block Size 32.0 KB
      Current Block Size 32.0 KB
      Peak Allocated Bytes 54 B
      Overflow Count 0
    [ALLOC_TEMP_AUDIO_FMOD (WASAPI) feeder thread]
      Initial Block Size 64.0 KB
      Current Block Size 64.0 KB
      Peak Allocated Bytes 168 B
      Overflow Count 0
    [ALLOC_TEMP_Background Job.Worker 1]
      Initial Block Size 32.0 KB
      Current Block Size 32.0 KB
      Peak Allocated Bytes 9.7 KB
      Overflow Count 0
    [ALLOC_TEMP_AUDIO_FMOD stream thread]
      Initial Block Size 64.0 KB
      Current Block Size 64.0 KB
      Peak Allocated Bytes 54 B
      Overflow Count 0
    [ALLOC_TEMP_BakingJobs.Worker 2]
      Initial Block Size 256.0 KB
      Current Block Size 256.0 KB
      Peak Allocated Bytes 54 B
      Overflow Count 0
    [ALLOC_TEMP_Background Job.Worker 7]
      Initial Block Size 32.0 KB
      Current Block Size 32.0 KB
      Peak Allocated Bytes 54 B
      Overflow Count 0
    [ALLOC_TEMP_Job.Worker 8]
      Initial Block Size 256.0 KB
      Current Block Size 296.0 KB
      Peak Allocated Bytes 292.6 KB
      Overflow Count 0
    [ALLOC_TEMP_Job.Worker 1]
      Initial Block Size 256.0 KB
      Current Block Size 296.0 KB
      Peak Allocated Bytes 292.6 KB
      Overflow Count 0
    [ALLOC_TEMP_BakingJobs.Worker 0]
      Initial Block Size 256.0 KB
      Current Block Size 256.0 KB
      Peak Allocated Bytes 54 B
      Overflow Count 0
    [ALLOC_TEMP_BakingJobs.Worker 3]
      Initial Block Size 256.0 KB
      Current Block Size 256.0 KB
      Peak Allocated Bytes 54 B
      Overflow Count 0
    [ALLOC_TEMP_EditorTaskManager]
      Initial Block Size 64.0 KB
      Current Block Size 68.0 KB
      Peak Allocated Bytes 64.0 KB
      Overflow Count 0
    [ALLOC_TEMP_Background Job.Worker 15]
      Initial Block Size 32.0 KB
      Current Block Size 32.0 KB
      Peak Allocated Bytes 54 B
      Overflow Count 0
    [ALLOC_TEMP_BakingJobs.Worker 4]
      Initial Block Size 256.0 KB
      Current Block Size 256.0 KB
      Peak Allocated Bytes 54 B
      Overflow Count 0
    [ALLOC_TEMP_Background Job.Worker 12]
      Initial Block Size 32.0 KB
      Current Block Size 32.0 KB
      Peak Allocated Bytes 54 B
      Overflow Count 0
    [ALLOC_TEMP_HTTP REST Server]
      Initial Block Size 64.0 KB
      Current Block Size 64.0 KB
      Peak Allocated Bytes 74 B
      Overflow Count 0
    [ALLOC_TEMP_AssetGarbageCollectorHelper] x 15
      Initial Block Size 64.0 KB
      Current Block Size 64.0 KB
      Peak Allocated Bytes 0 B
      Overflow Count 0
    [ALLOC_TEMP_Background Job.Worker 0]
      Initial Block Size 32.0 KB
      Current Block Size 32.0 KB
      Peak Allocated Bytes 54 B
      Overflow Count 0
    [ALLOC_TEMP_Background Job.Worker 4]
      Initial Block Size 32.0 KB
      Current Block Size 32.0 KB
      Peak Allocated Bytes 54 B
      Overflow Count 0
    [ALLOC_TEMP_Background Job.Worker 14]
      Initial Block Size 32.0 KB
      Current Block Size 32.0 KB
      Peak Allocated Bytes 54 B
      Overflow Count 0
    [ALLOC_TEMP_Job.Worker 7]
      Initial Block Size 256.0 KB
      Current Block Size 296.0 KB
      Peak Allocated Bytes 292.6 KB
      Overflow Count 0
    [ALLOC_TEMP_CloudJob.Worker 0]
      Initial Block Size 32.0 KB
      Current Block Size 32.0 KB
      Peak Allocated Bytes 10.6 KB
      Overflow Count 0
[ALLOC_MEMORYPROFILER]
  Peak usage frame count: [32.0 KB-64.0 KB]: 16064 frames, [64.0 KB-128.0 KB]: 1 frames
  Requested Block Size 1.0 MB
  Peak Block count 1
  Peak Allocated memory 74.1 KB
  Peak Large allocation bytes 0 B
[ALLOC_DEFAULT] Dual Thread Allocator
  Peak main deferred allocation count 1313
    [ALLOC_BUCKET]
      Large Block size 32.0 MB
      Used Block count 1
      Peak Allocated bytes 6.9 MB
    [ALLOC_DEFAULT_MAIN]
      Peak usage frame count: [32.0 MB-64.0 MB]: 16065 frames
      Requested Block Size 16.0 MB
      Peak Block count 3
      Peak Allocated memory 44.9 MB
      Peak Large allocation bytes 0 B
    [ALLOC_DEFAULT_THREAD]
      Peak usage frame count: [4.0 MB-8.0 MB]: 16065 frames
      Requested Block Size 16.0 MB
      Peak Block count 1
      Peak Allocated memory 4.2 MB
      Peak Large allocation bytes 0 B
[ALLOC_TEMP_JOB_1_FRAME]
  Initial Block Size 2.0 MB
  Used Block Count 0
  Overflow Count (too large) 0
  Overflow Count (full) 0
[ALLOC_TEMP_JOB_2_FRAMES]
  Initial Block Size 2.0 MB
  Used Block Count 0
  Overflow Count (too large) 0
  Overflow Count (full) 0
[ALLOC_TEMP_JOB_4_FRAMES (JobTemp)]
  Initial Block Size 2.0 MB
  Used Block Count 1
  Overflow Count (too large) 0
  Overflow Count (full) 0
[ALLOC_TEMP_JOB_ASYNC (Background)]
  Initial Block Size 1.0 MB
  Used Block Count 1
  Overflow Count (too large) 0
  Overflow Count (full) 0
[ALLOC_GFX] Dual Thread Allocator
  Peak main deferred allocation count 0
    [ALLOC_BUCKET]
      Large Block size 32.0 MB
      Used Block count 1
      Peak Allocated bytes 6.9 MB
    [ALLOC_GFX_MAIN]
      Peak usage frame count: [4.0 MB-8.0 MB]: 16065 frames
      Requested Block Size 16.0 MB
      Peak Block count 1
      Peak Allocated memory 6.2 MB
      Peak Large allocation bytes 0 B
    [ALLOC_GFX_THREAD]
      Peak usage frame count: [0-1.0 KB]: 16065 frames
      Requested Block Size 16.0 MB
      Peak Block count 1
      Peak Allocated memory 80 B
      Peak Large allocation bytes 0 B
[ALLOC_CACHEOBJECTS] Dual Thread Allocator
  Peak main deferred allocation count 55
    [ALLOC_BUCKET]
      Large Block size 32.0 MB
      Used Block count 1
      Peak Allocated bytes 6.9 MB
    [ALLOC_CACHEOBJECTS_MAIN]
      Peak usage frame count: [8.0 MB-16.0 MB]: 16064 frames, [32.0 MB-64.0 MB]: 1 frames
      Requested Block Size 4.0 MB
      Peak Block count 4
      Peak Allocated memory 33.4 MB
      Peak Large allocation bytes 20.1 MB
    [ALLOC_CACHEOBJECTS_THREAD]
      Peak usage frame count: [1.0 KB-2.0 KB]: 16064 frames, [16.0 KB-32.0 KB]: 1 frames
      Requested Block Size 4.0 MB
      Peak Block count 1
      Peak Allocated memory 30.2 KB
      Peak Large allocation bytes 0 B
[ALLOC_TYPETREE] Dual Thread Allocator
  Peak main deferred allocation count 497
    [ALLOC_BUCKET]
      Large Block size 32.0 MB
      Used Block count 1
      Peak Allocated bytes 6.9 MB
    [ALLOC_TYPETREE_MAIN]
      Peak usage frame count: [0.5 MB-1.0 MB]: 16064 frames, [2.0 MB-4.0 MB]: 1 frames
      Requested Block Size 2.0 MB
      Peak Block count 2
      Peak Allocated memory 2.4 MB
      Peak Large allocation bytes 0 B
    [ALLOC_TYPETREE_THREAD]
      Peak usage frame count: [16.0 KB-32.0 KB]: 16065 frames
      Requested Block Size 2.0 MB
      Peak Block count 1
      Peak Allocated memory 19.8 KB
      Peak Large allocation bytes 0 B
[ALLOC_PROFILER]
  Peak usage frame count: [256.0 KB-0.5 MB]: 14037 frames, [0.5 MB-1.0 MB]: 2028 frames
  Requested Block Size 16.0 MB
  Peak Block count 1
  Peak Allocated memory 0.5 MB
  Peak Large allocation bytes 0 B
    [ALLOC_PROFILER_BUCKET]
      Large Block size 32.0 MB
      Used Block count 1
      Peak Allocated bytes 4.2 KB
[ALLOC_PROFILER_EDITOR]
  Peak usage frame count: [0-1.0 KB]: 16065 frames
  Requested Block Size 1.0 MB
  Peak Block count 0
  Peak Allocated memory 0 B
  Peak Large allocation bytes 0 B
    [ALLOC_PROFILER_BUCKET]
      Large Block size 32.0 MB
      Used Block count 1
      Peak Allocated bytes 4.2 KB
##utp:{"type":"MemoryLeaks","version":2,"phase":"Immediate","time":1781104076605,"processId":26056,"allocatedMemory":10345256,"memoryLabels":[{"Default":20335},{"Permanent":15615},{"NewDelete":80904},{"Thread":4229300},{"Manager":32879},{"VertexData":12},{"Geometry":560},{"Texture":480},{"Shader":68850},{"Material":24},{"GfxDevice":57048},{"Animation":296},{"Audio":3928},{"FontEngine":272},{"Physics":513},{"Serialization":948},{"Input":14744},{"JobScheduler":33480},{"Mono":40},{"ScriptingNativeRuntime":191848},{"BaseObject":1627276},{"Resource":1360},{"Renderer":2304},{"Transform":16},{"File":3805},{"WebCam":96},{"Culling":40},{"Terrain":1137},{"Wind":24},{"STL":48},{"String":19495},{"DynamicArray":53301},{"HashMap":57583},{"Utility":2663810},{"Curl":1424},{"PoolAlloc":1728},{"AI":104},{"TypeTree":5077},{"ScriptManager":640},{"RuntimeInitializeOnLoadManager":80},{"SpriteAtlas":128},{"GI":4072},{"Director":7960},{"CloudService":2200},{"WebRequest":688},{"VR":46081},{"SceneManager":568},{"Video":72},{"LazyScriptCache":40},{"NativeArray":12},{"Camera":25},{"Secure":1},{"SerializationCache":1584},{"APIUpdating":11872},{"Subsystems":392},{"VirtualTexturing":57896},{"StaticSafetyDebugInfo":327680},{"EditorGui":56},{"EditorUtility":16391},{"VersionControl":4},{"Undo":704},{"AssetDatabase":626830},{"RestService":1414},{"EditorGi":376},{"License":3584},{"UnityConnect":25344},{"Collab":593},{"Upm":2032},{"DrivenProperties":96},{"LocalIPC":272},{"ProfilerEditor":10943},{"CoreBusinessMetrics":3842},{"AssetReference":40},{"IPCStream":40}]}
