[Licensing::Module] Trying to connect to existing licensing client channel...
[Licensing::IpcConnector] Channel LicenseClient-ryu doesn't exist
[Licensing::Module] Successfully launched the LicensingClient (PId: 28732)
[Licensing::IpcConnector] Successfully connected to: "LicenseClient-ryu" at "2026-06-11T03:13:32.2655978Z"
[Licensing::Client] Code 10 while verifying Licensing Client signature (process Id: 28732, path: "C:/Program Files/Unity/Hub/Editor/2022.3.62f3/Editor/Data/Resources/Licensing/Client/Unity.Licensing.Client.exe")
[Licensing::Module] LicensingClient has failed validation; ignoring
[Licensing::Client] Handshaking with LicensingClient:
  Version:                 1.16.2+bdef8f5
  Session Id:              f7c0808f9e72431a966cb9f2d146769a
  Correlation Id:          703f61e55e378fd86693f5ecd6b0cdb7
  External correlation Id: 76536576142458588
  Machine Id:              DmiLKw+t5DT3/hMBSqk+rgCMFBw=
[Licensing::Module] Successfully connected to LicensingClient on channel: "LicenseClient-ryu" (connect: 0.85s, validation: 0.05s, handshake: 0.03s)
[Licensing::IpcConnector] Successfully connected to: "LicenseClient-ryu-notifications" at "2026-06-11T03:13:32.3486524Z"
[Licensing::Module] Connected to LicensingClient (PId: 28732, launch time: 0.00, total connection time: 0.94s)
[Licensing::Module] Error: Access token is unavailable; failed to update
[Licensing::Client] Error: Code 500 while processing request (status: Unable to update licenses. Errors: No ULF license found.,Token not found in cache)
[Licensing::Client] Error: Code 500 while updating license in client (status: Unable to update licenses. Errors: No ULF license found.,Token not found in cache)
Built from '2022.3/respin/2022.3.62f2-4af31df585-v2' branch; Version is '2022.3.62f3 (96770f904ca7) revision 9860879'; Using compiler version '192829333'; Build Type 'Release'
OS: 'Windows 11  (10.0.26200) 64bit Professional' Language: 'ko' Physical Memory: 16300 MB
[Licensing::Client] Successfully resolved entitlement details
[Licensing::Module] Serial number assigned to: "14568691939415-UnityPersXXXX"
BatchMode: 1, IsHumanControllingUs: 0, StartBugReporterOnCrash: 0, Is64bit: 1, IsPro: 0
[Licensing::Client] Successfully resolved entitlement details

COMMAND LINE ARGUMENTS:
C:\Program Files\Unity\Hub\Editor\2022.3.62f3\Editor\Unity.exe
-batchmode
-nographics
-projectPath
C:\Users\ryu\Documents\Codex\2026-06-10\files-mentioned-by-the-user-3
-executeMethod
ProjectAPlus.Editor.ProjectAPlusAssetGenerator.GenerateAllAssets
-quit
-logFile
C:\Users\ryu\Documents\Codex\2026-06-10\files-mentioned-by-the-user-3\work\unity-polish-v4-generate.log
Successfully changed project path to: C:\Users\ryu\Documents\Codex\2026-06-10\files-mentioned-by-the-user-3
C:/Users/ryu/Documents/Codex/2026-06-10/files-mentioned-by-the-user-3
[UnityMemory] Configuration Parameters - Can be set up in boot.config
    "memorysetup-bucket-allocator-granularity=16"
    "memorysetup-bucket-allocator-bucket-count=8"
    "memorysetup-bucket-allocator-block-size=33554432"
    "memorysetup-bucket-allocator-block-count=8"
    "memorysetup-main-allocator-block-size=16777216"
    "memorysetup-thread-allocator-block-size=16777216"
    "memorysetup-gfx-main-allocator-block-size=16777216"
    "memorysetup-gfx-thread-allocator-block-size=16777216"
    "memorysetup-cache-allocator-block-size=4194304"
    "memorysetup-typetree-allocator-block-size=2097152"
    "memorysetup-profiler-bucket-allocator-granularity=16"
    "memorysetup-profiler-bucket-allocator-bucket-count=8"
    "memorysetup-profiler-bucket-allocator-block-size=33554432"
    "memorysetup-profiler-bucket-allocator-block-count=8"
    "memorysetup-profiler-allocator-block-size=16777216"
    "memorysetup-profiler-editor-allocator-block-size=1048576"
    "memorysetup-temp-allocator-size-main=16777216"
    "memorysetup-job-temp-allocator-block-size=2097152"
    "memorysetup-job-temp-allocator-block-size-background=1048576"
    "memorysetup-job-temp-allocator-reduction-small-platforms=262144"
    "memorysetup-allocator-temp-initial-block-size-main=262144"
    "memorysetup-allocator-temp-initial-block-size-worker=262144"
    "memorysetup-temp-allocator-size-background-worker=32768"
    "memorysetup-temp-allocator-size-job-worker=262144"
    "memorysetup-temp-allocator-size-preload-manager=33554432"
    "memorysetup-temp-allocator-size-nav-mesh-worker=65536"
    "memorysetup-temp-allocator-size-audio-worker=65536"
    "memorysetup-temp-allocator-size-cloud-worker=32768"
    "memorysetup-temp-allocator-size-gi-baking-worker=262144"
    "memorysetup-temp-allocator-size-gfx=262144"
Player connection [4816]  Target information:

Player connection [4816]  * "[IP] 192.168.45.204 [Port] 55504 [Flags] 2 [Guid] 132769716 [EditorId] 132769716 [Version] 1048832 [Id] WindowsEditor(7,DESKTOP-27JCNNG) [Debug] 1 [PackageName] WindowsEditor [ProjectName] Editor" 

Player connection [4816]  * "[IP] 10.121.44.238 [Port] 55504 [Flags] 2 [Guid] 132769716 [EditorId] 132769716 [Version] 1048832 [Id] WindowsEditor(7,DESKTOP-27JCNNG) [Debug] 1 [PackageName] WindowsEditor [ProjectName] Editor" 

Player connection [4816] Host joined multi-casting on [225.0.0.222:54997]...
Player connection [4816] Host joined alternative multi-casting on [225.0.0.222:34997]...
Input System module state changed to: Initialized.
[PhysX] Initialized MultithreadedTaskDispatcher with 16 workers.
[Package Manager] UpmClient::Connect -- Connected to IPC stream "Upm-28756" after 0.4 seconds.
[Package Manager] Restoring resolved packages state from cache
[Licensing::Client] Successfully resolved entitlement details
[Package Manager] Registered 7 packages:
  Built-in packages:
    com.unity.modules.audio@1.0.0 (location: C:\Users\ryu\Documents\Codex\2026-06-10\files-mentioned-by-the-user-3\Library\PackageCache\com.unity.modules.audio@1.0.0)
    com.unity.modules.imageconversion@1.0.0 (location: C:\Users\ryu\Documents\Codex\2026-06-10\files-mentioned-by-the-user-3\Library\PackageCache\com.unity.modules.imageconversion@1.0.0)
    com.unity.modules.jsonserialize@1.0.0 (location: C:\Users\ryu\Documents\Codex\2026-06-10\files-mentioned-by-the-user-3\Library\PackageCache\com.unity.modules.jsonserialize@1.0.0)
    com.unity.modules.physics2d@1.0.0 (location: C:\Users\ryu\Documents\Codex\2026-06-10\files-mentioned-by-the-user-3\Library\PackageCache\com.unity.modules.physics2d@1.0.0)
    com.unity.modules.ui@1.0.0 (location: C:\Users\ryu\Documents\Codex\2026-06-10\files-mentioned-by-the-user-3\Library\PackageCache\com.unity.modules.ui@1.0.0)
    com.unity.ugui@1.0.0 (location: C:\Users\ryu\Documents\Codex\2026-06-10\files-mentioned-by-the-user-3\Library\PackageCache\com.unity.ugui@1.0.0)
    com.unity.modules.imgui@1.0.0 (location: C:\Users\ryu\Documents\Codex\2026-06-10\files-mentioned-by-the-user-3\Library\PackageCache\com.unity.modules.imgui@1.0.0)
[Subsystems] No new subsystems found in resolved package list.
Package Manager log level set to [2]
[Package Manager] Done registering packages in 0.05 seconds
Artifact Garbage Collection - Removed 85 unused hashed content files
Refreshing native plugins compatible for Editor in 0.00 ms, found 0 plugins.
Preloading 0 native plugins for Editor in 0.00 ms.
Initialize engine version: 2022.3.62f3 (96770f904ca7)
[Subsystems] Discovering subsystems at path C:/Program Files/Unity/Hub/Editor/2022.3.62f3/Editor/Data/Resources/UnitySubsystems
[Subsystems] Discovering subsystems at path C:/Users/ryu/Documents/Codex/2026-06-10/files-mentioned-by-the-user-3/Assets
Forcing GfxDevice: Null
GfxDevice: creating device client; threaded=0; jobified=0
NullGfxDevice:
    Version:  NULL 1.0 [1.0]
    Renderer: Null Device
    Vendor:   Unity Technologies
[Licensing::Client] Successfully resolved entitlement details
Initialize mono
Mono path[0] = 'C:/Program Files/Unity/Hub/Editor/2022.3.62f3/Editor/Data/Managed'
Mono path[1] = 'C:/Program Files/Unity/Hub/Editor/2022.3.62f3/Editor/Data/MonoBleedingEdge/lib/mono/unityjit-win32'
Mono config path = 'C:/Program Files/Unity/Hub/Editor/2022.3.62f3/Editor/Data/MonoBleedingEdge/etc'
Using monoOptions --debugger-agent=transport=dt_socket,embedding=1,server=y,suspend=n,address=127.0.0.1:56756
Using cacheserver namespaces - metadata:defaultmetadata, artifacts:defaultartifacts
Using cacheserver namespaces - metadata:defaultmetadata, artifacts:defaultartifacts
ImportWorker Server TCP listen port: 0
Begin MonoManager ReloadAssembly
Registering precompiled unity dll's ...
Register platform support module: C:/Program Files/Unity/Hub/Editor/2022.3.62f3/Editor/Data/PlaybackEngines/WindowsStandaloneSupport/UnityEditor.WindowsStandalone.Extensions.dll
Registered in 0.008344 seconds.
- Loaded All Assemblies, in  0.340 seconds
Native extension for WindowsStandalone target not found
Mono: successfully reloaded assembly
- Finished resetting the current domain, in  0.229 seconds
Domain Reload Profiling: 567ms
	BeginReloadAssembly (98ms)
		ExecutionOrderSort (0ms)
		DisableScriptedObjects (0ms)
		BackupInstance (0ms)
		ReleaseScriptingObjects (0ms)
		CreateAndSetChildDomain (1ms)
	RebuildCommonClasses (32ms)
	RebuildNativeTypeToScriptingClass (9ms)
	initialDomainReloadingComplete (58ms)
	LoadAllAssembliesAndSetupDomain (141ms)
		LoadAssemblies (95ms)
		RebuildTransferFunctionScriptingTraits (0ms)
		AnalyzeDomain (140ms)
			TypeCache.Refresh (138ms)
				TypeCache.ScanAssembly (126ms)
			ScanForSourceGeneratedMonoScriptInfo (0ms)
			ResolveRequiredComponents (0ms)
	FinalizeReload (230ms)
		ReleaseScriptCaches (0ms)
		RebuildScriptCaches (0ms)
		SetupLoadedEditorAssemblies (188ms)
			LogAssemblyErrors (0ms)
			InitializePlatformSupportModulesInManaged (9ms)
			SetLoadedEditorAssemblies (7ms)
			RefreshPlugins (0ms)
			BeforeProcessingInitializeOnLoad (2ms)
			ProcessInitializeOnLoadAttributes (129ms)
			ProcessInitializeOnLoadMethodAttributes (42ms)
			AfterProcessingInitializeOnLoad (0ms)
			EditorAssembliesLoaded (0ms)
		ExecutionOrderSort2 (0ms)
		AwakeInstancesAfterBackupRestoration (0ms)
[Licensing::Client] Successfully resolved entitlement details
Application.AssetDatabase Initial Refresh Start
[ScriptCompilation] Requested script compilation because: Assetdatabase observed changes in script compilation related files
info: Microsoft.Hosting.Lifetime[14]
      Now listening on: http://localhost:80
info: Microsoft.Hosting.Lifetime[0]
      Application started. Press Ctrl+C to shut down.
info: Microsoft.Hosting.Lifetime[0]
      Hosting environment: Production
info: Microsoft.Hosting.Lifetime[0]
      Content root path: C:\Users\ryu\Documents\Codex\2026-06-10\files-mentioned-by-the-user-3\
info: Microsoft.AspNetCore.Hosting.Diagnostics[1]
      Request starting HTTP/2 POST http://ilpp/UnityILPP.PostProcessing/Ping application/grpc -
info: Microsoft.AspNetCore.Routing.EndpointMiddleware[0]
      Executing endpoint 'gRPC - /UnityILPP.PostProcessing/Ping'
info: Microsoft.AspNetCore.Routing.EndpointMiddleware[1]
      Executed endpoint 'gRPC - /UnityILPP.PostProcessing/Ping'
info: Microsoft.AspNetCore.Hosting.Diagnostics[2]
      Request finished HTTP/2 POST http://ilpp/UnityILPP.PostProcessing/Ping application/grpc - - 200 - application/grpc 35.6677ms
Starting: C:\Program Files\Unity\Hub\Editor\2022.3.62f3\Editor\Data\bee_backend.exe --ipc --defer-dag-verification --dagfile="Library/Bee/1900b0aE.dag" --continue-on-failure --profile="Library/Bee/backend1.traceevents" ScriptAssemblies
WorkingDir: C:/Users/ryu/Documents/Codex/2026-06-10/files-mentioned-by-the-user-3
DisplayProgressbar: Compiling Scripts
ExitCode: 0 Duration: 1s506ms
[115/121    1s] Csc Library/Bee/artifacts/1900b0aE.dag/ProjectAPlus.Runtime.dll (+2 others)
[119/121    0s] CopyFiles Library/ScriptAssemblies/ProjectAPlus.Runtime.pdb
[120/121    0s] CopyFiles Library/ScriptAssemblies/ProjectAPlus.Runtime.dll
*** Tundra build success (1.47 seconds), 3 items updated, 121 evaluated
AssetDatabase: script compilation time: 1.931723s
Begin MonoManager ReloadAssembly
Total cache size 2574824
Total cache size after purge 2574824
- Loaded All Assemblies, in  0.469 seconds
Refreshing native plugins compatible for Editor in 0.00 ms, found 0 plugins.
Preloading 0 native plugins for Editor in 0.00 ms.
Start importing Assets/ProjectAPlus/Scripts/Utility/RuntimeArt.cs using Guid(5e7f456110e7ff241bf4d6f92c469ecf) Importer(-1,00000000000000000000000000000000) [PhysX] Initialized MultithreadedTaskDispatcher with 16 workers.
 -> (artifact id: 'a7b9aec261d00b8f0c78037c23fb2a14') in 0.014828 seconds
Refreshing native plugins compatible for Editor in 0.00 ms, found 0 plugins.
Native extension for WindowsStandalone target not found
Mono: successfully reloaded assembly
- Finished resetting the current domain, in  0.320 seconds
Domain Reload Profiling: 786ms
	BeginReloadAssembly (145ms)
		ExecutionOrderSort (0ms)
		DisableScriptedObjects (5ms)
		BackupInstance (0ms)
		ReleaseScriptingObjects (0ms)
		CreateAndSetChildDomain (22ms)
	RebuildCommonClasses (36ms)
	RebuildNativeTypeToScriptingClass (10ms)
	initialDomainReloadingComplete (25ms)
	LoadAllAssembliesAndSetupDomain (249ms)
		LoadAssemblies (318ms)
		RebuildTransferFunctionScriptingTraits (0ms)
		AnalyzeDomain (12ms)
			TypeCache.Refresh (7ms)
				TypeCache.ScanAssembly (3ms)
			ScanForSourceGeneratedMonoScriptInfo (2ms)
			ResolveRequiredComponents (2ms)
	FinalizeReload (321ms)
		ReleaseScriptCaches (0ms)
		RebuildScriptCaches (0ms)
		SetupLoadedEditorAssemblies (218ms)
			LogAssemblyErrors (0ms)
			InitializePlatformSupportModulesInManaged (6ms)
			SetLoadedEditorAssemblies (5ms)
			RefreshPlugins (0ms)
			BeforeProcessingInitializeOnLoad (37ms)
			ProcessInitializeOnLoadAttributes (146ms)
			ProcessInitializeOnLoadMethodAttributes (16ms)
			AfterProcessingInitializeOnLoad (9ms)
			EditorAssembliesLoaded (0ms)
		ExecutionOrderSort2 (0ms)
		AwakeInstancesAfterBackupRestoration (7ms)
Refreshing native plugins compatible for Editor in 0.00 ms, found 0 plugins.
Preloading 0 native plugins for Editor in 0.00 ms.
Asset Pipeline Refresh (id=329093720a08d344c97a9d941ae0777c): Total: 2.971 seconds - Initiated by InitialRefreshV2(ForceSynchronousImport)
	Summary:
		Imports: total=1 (actual=1, local cache=0, cache server=0)
		Asset DB Process Time: managed=3 ms, native=159 ms
		Asset DB Callback time: managed=48 ms, native=2 ms
		Scripting: domain reloads=1, domain reload time=812 ms, compile time=1933 ms, other=11 ms
		Project Asset Count: scripts=345, non-scripts=66
		Asset File Changes: new=0, changed=1, moved=0, deleted=0
		Scan Filter Count: 0
	InvokeBeforeRefreshCallbacks: 0.874ms
	ApplyChangesToAssetFolders: 0.013ms
	Scan: 21.181ms
	OnSourceAssetsModified: 2.743ms
	GetAllGuidsForCategorization: 0.064ms
	CategorizeAssets: 3.228ms
	ImportOutOfDateAssets: 342.009ms (-1612.327ms without children)
		ImportManagerImport: 19.461ms (4.440ms without children)
			ImportInProcess: 15.001ms
			UpdateCategorizedAssets: 0.020ms
		CompileScripts: 1933.278ms
		ReloadNativeAssets: 0.000ms
		UnloadImportedAssets: 1.178ms
		ReloadImportedAssets: 0.224ms
		EnsureUptoDateAssetsAreRegisteredWithGuidPM: 0.094ms
		InitializingProgressBar: 0.005ms
		PostProcessAllAssetNotificationsAddChangedAssets: 0.001ms
		OnDemandSchedulerStart: 0.094ms
	PostProcessAllAssets: 46.707ms
	Hotreload: 0.775ms
	GatherAllCurrentPrimaryArtifactRevisions: 0.000ms
	UnloadStreamsBegin: 0.223ms
	PersistCurrentRevisions: 0.055ms
	UnloadStreamsEnd: 0.002ms
	GenerateScriptTypeHashes: 0.022ms
	Untracked: 2553.346ms
Application.AssetDatabase Initial Refresh End
Scanning for USB devices : 4.224ms
Initializing Unity extensions:
[Licensing::Client] Successfully resolved entitlement details
[MODES] ModeService[none].Initialize
[MODES] ModeService[none].LoadModes
[MODES] Loading mode Default (0) for mode-current-id-Project A+
[PhysX] Initialized MultithreadedTaskDispatcher with 16 workers.
ProgressiveSceneManager::Cancel()
Unloading 3 Unused Serialized files (Serialized files now loaded: 0)
Unloading 14 unused Assets / (469.8 KB). Loaded Objects now: 752.
Memory consumption went from 79.0 MB to 78.5 MB.
Total: 3.629700 ms (FindLiveObjects: 0.059400 ms CreateObjectMapping: 0.010600 ms MarkObjects: 3.303800 ms  DeleteObjects: 0.254900 ms)

Start importing Assets/ProjectAPlus/Sprites/Player/idle_0.png using Guid(544020e1b7bcf52469bede7bbf7fda22) Importer(-1,00000000000000000000000000000000) [PhysX] Initialized MultithreadedTaskDispatcher with 16 workers.
 -> (artifact id: 'a2f9ca695391286934b9ad19222e5f1f') in 0.011222 seconds
Refreshing native plugins compatible for Editor in 0.00 ms, found 0 plugins.
Preloading 0 native plugins for Editor in 0.00 ms.
Asset Pipeline Refresh (id=51113db66d0b5374d981f1c8f0b031fd): Total: 0.049 seconds - Initiated by StopAssetImportingV2(NoUpdateAssetOptions)
Start importing Assets/ProjectAPlus/Sprites/Player/idle_0.png using Guid(544020e1b7bcf52469bede7bbf7fda22) Importer(-1,00000000000000000000000000000000) [PhysX] Initialized MultithreadedTaskDispatcher with 16 workers.
 -> (artifact id: 'a2f9ca695391286934b9ad19222e5f1f') in 0.002494 seconds
Refreshing native plugins compatible for Editor in 0.00 ms, found 0 plugins.
Preloading 0 native plugins for Editor in 0.00 ms.
Asset Pipeline Refresh (id=bdd3f703289d6ce43ac2cf5025631127): Total: 0.007 seconds - Initiated by StopAssetImportingV2(NoUpdateAssetOptions)
Start importing Assets/ProjectAPlus/Sprites/Player/idle_1.png using Guid(3e4f10e16e1b801409f89693a91917ba) Importer(-1,00000000000000000000000000000000) [PhysX] Initialized MultithreadedTaskDispatcher with 16 workers.
 -> (artifact id: '9b3e5494f9469167a28b1e8e50bee2d6') in 0.003307 seconds
Refreshing native plugins compatible for Editor in 0.00 ms, found 0 plugins.
Preloading 0 native plugins for Editor in 0.00 ms.
Asset Pipeline Refresh (id=45676c92ba77b51479d7620a56fc0386): Total: 0.008 seconds - Initiated by StopAssetImportingV2(NoUpdateAssetOptions)
Start importing Assets/ProjectAPlus/Sprites/Player/idle_1.png using Guid(3e4f10e16e1b801409f89693a91917ba) Importer(-1,00000000000000000000000000000000) [PhysX] Initialized MultithreadedTaskDispatcher with 16 workers.
 -> (artifact id: '9b3e5494f9469167a28b1e8e50bee2d6') in 0.002576 seconds
Refreshing native plugins compatible for Editor in 0.00 ms, found 0 plugins.
Preloading 0 native plugins for Editor in 0.00 ms.
Asset Pipeline Refresh (id=db1952cb53ddbad4a9bb6d8ba4ad2180): Total: 0.007 seconds - Initiated by StopAssetImportingV2(NoUpdateAssetOptions)
Start importing Assets/ProjectAPlus/Sprites/Player/jump.png using Guid(daaa2ac0266e09c42a9a72d5ce94a09c) Importer(-1,00000000000000000000000000000000) [PhysX] Initialized MultithreadedTaskDispatcher with 16 workers.
 -> (artifact id: 'b76bf042433eae3ddc1f53dabc4da0ad') in 0.002999 seconds
Refreshing native plugins compatible for Editor in 0.00 ms, found 0 plugins.
Preloading 0 native plugins for Editor in 0.00 ms.
Asset Pipeline Refresh (id=a0b770fd8c91f2b4b932b059a186c9e6): Total: 0.009 seconds - Initiated by StopAssetImportingV2(NoUpdateAssetOptions)
Start importing Assets/ProjectAPlus/Sprites/Player/jump.png using Guid(daaa2ac0266e09c42a9a72d5ce94a09c) Importer(-1,00000000000000000000000000000000) [PhysX] Initialized MultithreadedTaskDispatcher with 16 workers.
 -> (artifact id: 'b76bf042433eae3ddc1f53dabc4da0ad') in 0.002608 seconds
Refreshing native plugins compatible for Editor in 0.00 ms, found 0 plugins.
Preloading 0 native plugins for Editor in 0.00 ms.
Asset Pipeline Refresh (id=8a2ab0e7353c3224b92492fbff186f4c): Total: 0.007 seconds - Initiated by StopAssetImportingV2(NoUpdateAssetOptions)
Start importing Assets/ProjectAPlus/Sprites/Player/fall.png using Guid(834935eb141f2d949a1f676e096567ef) Importer(-1,00000000000000000000000000000000) [PhysX] Initialized MultithreadedTaskDispatcher with 16 workers.
 -> (artifact id: 'db5ab370c4bb322fe9cf3db1a9fbc77b') in 0.003079 seconds
Refreshing native plugins compatible for Editor in 0.00 ms, found 0 plugins.
Preloading 0 native plugins for Editor in 0.00 ms.
Asset Pipeline Refresh (id=4d9697980979af84881758c019a86fe9): Total: 0.008 seconds - Initiated by StopAssetImportingV2(NoUpdateAssetOptions)
Start importing Assets/ProjectAPlus/Sprites/Player/fall.png using Guid(834935eb141f2d949a1f676e096567ef) Importer(-1,00000000000000000000000000000000) [PhysX] Initialized MultithreadedTaskDispatcher with 16 workers.
 -> (artifact id: 'db5ab370c4bb322fe9cf3db1a9fbc77b') in 0.003030 seconds
Refreshing native plugins compatible for Editor in 0.00 ms, found 0 plugins.
Preloading 0 native plugins for Editor in 0.00 ms.
Asset Pipeline Refresh (id=92487942fb1008445b8719ba1f8883d4): Total: 0.008 seconds - Initiated by StopAssetImportingV2(NoUpdateAssetOptions)
Start importing Assets/ProjectAPlus/Sprites/Player/damaged.png using Guid(89805c258d83b9d4f8d31e5125cd0c28) Importer(-1,00000000000000000000000000000000) [PhysX] Initialized MultithreadedTaskDispatcher with 16 workers.
 -> (artifact id: '4db993088a3c79de9070ad761edae0df') in 0.002632 seconds
Refreshing native plugins compatible for Editor in 0.00 ms, found 0 plugins.
Preloading 0 native plugins for Editor in 0.00 ms.
Asset Pipeline Refresh (id=f4e77944fff54714ba44e8174a82995d): Total: 0.007 seconds - Initiated by StopAssetImportingV2(NoUpdateAssetOptions)
Start importing Assets/ProjectAPlus/Sprites/Player/damaged.png using Guid(89805c258d83b9d4f8d31e5125cd0c28) Importer(-1,00000000000000000000000000000000) [PhysX] Initialized MultithreadedTaskDispatcher with 16 workers.
 -> (artifact id: '4db993088a3c79de9070ad761edae0df') in 0.002578 seconds
Refreshing native plugins compatible for Editor in 0.00 ms, found 0 plugins.
Preloading 0 native plugins for Editor in 0.00 ms.
Asset Pipeline Refresh (id=c289ee3619f9be74da77217603dbcb96): Total: 0.007 seconds - Initiated by StopAssetImportingV2(NoUpdateAssetOptions)
Start importing Assets/ProjectAPlus/Sprites/Player/dead.png using Guid(31adc1ad260cdb245a7c23447cbb976d) Importer(-1,00000000000000000000000000000000) [PhysX] Initialized MultithreadedTaskDispatcher with 16 workers.
 -> (artifact id: '93ea530368b582b1e25ff8ba1c263e56') in 0.003184 seconds
Refreshing native plugins compatible for Editor in 0.00 ms, found 0 plugins.
Preloading 0 native plugins for Editor in 0.00 ms.
Asset Pipeline Refresh (id=cb098006c091f9644ac18b176568f53a): Total: 0.007 seconds - Initiated by StopAssetImportingV2(NoUpdateAssetOptions)
Start importing Assets/ProjectAPlus/Sprites/Player/dead.png using Guid(31adc1ad260cdb245a7c23447cbb976d) Importer(-1,00000000000000000000000000000000) [PhysX] Initialized MultithreadedTaskDispatcher with 16 workers.
 -> (artifact id: '93ea530368b582b1e25ff8ba1c263e56') in 0.002630 seconds
Refreshing native plugins compatible for Editor in 0.00 ms, found 0 plugins.
Preloading 0 native plugins for Editor in 0.00 ms.
Asset Pipeline Refresh (id=ad72d24c777011443b964b79521995fc): Total: 0.007 seconds - Initiated by StopAssetImportingV2(NoUpdateAssetOptions)
Start importing Assets/ProjectAPlus/Sprites/Player/dodge_0.png using Guid(27bc2dcddc442764e99ca767b036935e) Importer(-1,00000000000000000000000000000000) [PhysX] Initialized MultithreadedTaskDispatcher with 16 workers.
 -> (artifact id: '9e95c1ec6a70a9620957c087b80d4099') in 0.002546 seconds
Refreshing native plugins compatible for Editor in 0.00 ms, found 0 plugins.
Preloading 0 native plugins for Editor in 0.00 ms.
Asset Pipeline Refresh (id=7cb23d1a6ce875246b6c55118204e926): Total: 0.007 seconds - Initiated by StopAssetImportingV2(NoUpdateAssetOptions)
Start importing Assets/ProjectAPlus/Sprites/Player/dodge_0.png using Guid(27bc2dcddc442764e99ca767b036935e) Importer(-1,00000000000000000000000000000000) [PhysX] Initialized MultithreadedTaskDispatcher with 16 workers.
 -> (artifact id: '9e95c1ec6a70a9620957c087b80d4099') in 0.002472 seconds
Refreshing native plugins compatible for Editor in 0.00 ms, found 0 plugins.
Preloading 0 native plugins for Editor in 0.00 ms.
Asset Pipeline Refresh (id=fb833c0d10720554ebd02cacc93255d6): Total: 0.007 seconds - Initiated by StopAssetImportingV2(NoUpdateAssetOptions)
Start importing Assets/ProjectAPlus/Sprites/Player/dodge_1.png using Guid(82a0e2c99a468ce43ad56ba301713340) Importer(-1,00000000000000000000000000000000) [PhysX] Initialized MultithreadedTaskDispatcher with 16 workers.
 -> (artifact id: 'c3ad612436b1c16b704cda64c82f4912') in 0.002456 seconds
Refreshing native plugins compatible for Editor in 0.00 ms, found 0 plugins.
Preloading 0 native plugins for Editor in 0.00 ms.
Asset Pipeline Refresh (id=dc090b54e9c78e14fa1e6533ddc22f4e): Total: 0.007 seconds - Initiated by StopAssetImportingV2(NoUpdateAssetOptions)
Start importing Assets/ProjectAPlus/Sprites/Player/dodge_1.png using Guid(82a0e2c99a468ce43ad56ba301713340) Importer(-1,00000000000000000000000000000000) [PhysX] Initialized MultithreadedTaskDispatcher with 16 workers.
 -> (artifact id: 'c3ad612436b1c16b704cda64c82f4912') in 0.002761 seconds
Refreshing native plugins compatible for Editor in 0.00 ms, found 0 plugins.
Preloading 0 native plugins for Editor in 0.00 ms.
Asset Pipeline Refresh (id=2a261f1218b9afb4cb56f007b6894315): Total: 0.007 seconds - Initiated by StopAssetImportingV2(NoUpdateAssetOptions)
Start importing Assets/ProjectAPlus/Sprites/Player/run_0.png using Guid(5d21ed7aa57b4984eba55c8e534cc849) Importer(-1,00000000000000000000000000000000) [PhysX] Initialized MultithreadedTaskDispatcher with 16 workers.
 -> (artifact id: '3ce79b293dc65620808a39ad6ab97c95') in 0.002561 seconds
Refreshing native plugins compatible for Editor in 0.00 ms, found 0 plugins.
Preloading 0 native plugins for Editor in 0.00 ms.
Asset Pipeline Refresh (id=1b52fa3677cd3aa4991fb6c6b7743783): Total: 0.007 seconds - Initiated by StopAssetImportingV2(NoUpdateAssetOptions)
Start importing Assets/ProjectAPlus/Sprites/Player/run_0.png using Guid(5d21ed7aa57b4984eba55c8e534cc849) Importer(-1,00000000000000000000000000000000) [PhysX] Initialized MultithreadedTaskDispatcher with 16 workers.
 -> (artifact id: '3ce79b293dc65620808a39ad6ab97c95') in 0.002395 seconds
Refreshing native plugins compatible for Editor in 0.00 ms, found 0 plugins.
Preloading 0 native plugins for Editor in 0.00 ms.
Asset Pipeline Refresh (id=49e62a5221a695b44b42894615466650): Total: 0.006 seconds - Initiated by StopAssetImportingV2(NoUpdateAssetOptions)
Start importing Assets/ProjectAPlus/Sprites/Player/run_1.png using Guid(69751afafe76f5347a552a0ddded4e72) Importer(-1,00000000000000000000000000000000) [PhysX] Initialized MultithreadedTaskDispatcher with 16 workers.
 -> (artifact id: '29185b37244cb25f335536aef1a39148') in 0.002738 seconds
Refreshing native plugins compatible for Editor in 0.00 ms, found 0 plugins.
Preloading 0 native plugins for Editor in 0.00 ms.
Asset Pipeline Refresh (id=bbb382ff49f8c284e98d6a74a18f3965): Total: 0.007 seconds - Initiated by StopAssetImportingV2(NoUpdateAssetOptions)
Start importing Assets/ProjectAPlus/Sprites/Player/run_1.png using Guid(69751afafe76f5347a552a0ddded4e72) Importer(-1,00000000000000000000000000000000) [PhysX] Initialized MultithreadedTaskDispatcher with 16 workers.
 -> (artifact id: '29185b37244cb25f335536aef1a39148') in 0.002284 seconds
Refreshing native plugins compatible for Editor in 0.00 ms, found 0 plugins.
Preloading 0 native plugins for Editor in 0.00 ms.
Asset Pipeline Refresh (id=182b89a6e1400ac4eb964a84fb7db0a4): Total: 0.006 seconds - Initiated by StopAssetImportingV2(NoUpdateAssetOptions)
Start importing Assets/ProjectAPlus/Sprites/Player/run_2.png using Guid(3016f8ad7048afb48b66a8603c055a9f) Importer(-1,00000000000000000000000000000000) [PhysX] Initialized MultithreadedTaskDispatcher with 16 workers.
 -> (artifact id: 'cc0447dacc961b5666f6b2ec6443c163') in 0.002781 seconds
Refreshing native plugins compatible for Editor in 0.00 ms, found 0 plugins.
Preloading 0 native plugins for Editor in 0.00 ms.
Asset Pipeline Refresh (id=46cc7260b91f76e429f2f13cd82d083f): Total: 0.007 seconds - Initiated by StopAssetImportingV2(NoUpdateAssetOptions)
Start importing Assets/ProjectAPlus/Sprites/Player/run_2.png using Guid(3016f8ad7048afb48b66a8603c055a9f) Importer(-1,00000000000000000000000000000000) [PhysX] Initialized MultithreadedTaskDispatcher with 16 workers.
 -> (artifact id: 'cc0447dacc961b5666f6b2ec6443c163') in 0.002213 seconds
Refreshing native plugins compatible for Editor in 0.00 ms, found 0 plugins.
Preloading 0 native plugins for Editor in 0.00 ms.
Asset Pipeline Refresh (id=bbf099b44ea40a64fb5d5518ab2fb8d6): Total: 0.006 seconds - Initiated by StopAssetImportingV2(NoUpdateAssetOptions)
Start importing Assets/ProjectAPlus/Sprites/Player/run_3.png using Guid(52c397a36f6fbbe469024c1da64b1efb) Importer(-1,00000000000000000000000000000000) [PhysX] Initialized MultithreadedTaskDispatcher with 16 workers.
 -> (artifact id: '0e519bc41f19dbeb5f60bed778973c98') in 0.002507 seconds
Refreshing native plugins compatible for Editor in 0.00 ms, found 0 plugins.
Preloading 0 native plugins for Editor in 0.00 ms.
Asset Pipeline Refresh (id=91edc7cad7ddd6540b20629cb47551a4): Total: 0.007 seconds - Initiated by StopAssetImportingV2(NoUpdateAssetOptions)
Start importing Assets/ProjectAPlus/Sprites/Player/run_3.png using Guid(52c397a36f6fbbe469024c1da64b1efb) Importer(-1,00000000000000000000000000000000) [PhysX] Initialized MultithreadedTaskDispatcher with 16 workers.
 -> (artifact id: '0e519bc41f19dbeb5f60bed778973c98') in 0.002609 seconds
Refreshing native plugins compatible for Editor in 0.00 ms, found 0 plugins.
Preloading 0 native plugins for Editor in 0.00 ms.
Asset Pipeline Refresh (id=339d60dd3aaf72b4aa4850090b7824bf): Total: 0.006 seconds - Initiated by StopAssetImportingV2(NoUpdateAssetOptions)
Start importing Assets/ProjectAPlus/Sprites/Player/attack_0.png using Guid(9a23013f74a597a46b9329faea8e78c7) Importer(-1,00000000000000000000000000000000) [PhysX] Initialized MultithreadedTaskDispatcher with 16 workers.
 -> (artifact id: '3db6528955c5d1a9294c79d7f425f034') in 0.002607 seconds
Refreshing native plugins compatible for Editor in 0.00 ms, found 0 plugins.
Preloading 0 native plugins for Editor in 0.00 ms.
Asset Pipeline Refresh (id=4515ec6d7da2bc148b9344c137fe681f): Total: 0.008 seconds - Initiated by StopAssetImportingV2(NoUpdateAssetOptions)
Start importing Assets/ProjectAPlus/Sprites/Player/attack_0.png using Guid(9a23013f74a597a46b9329faea8e78c7) Importer(-1,00000000000000000000000000000000) [PhysX] Initialized MultithreadedTaskDispatcher with 16 workers.
 -> (artifact id: '3db6528955c5d1a9294c79d7f425f034') in 0.002294 seconds
Refreshing native plugins compatible for Editor in 0.00 ms, found 0 plugins.
Preloading 0 native plugins for Editor in 0.00 ms.
Asset Pipeline Refresh (id=942f231bfa7b33e48a0e0e745cfeade1): Total: 0.006 seconds - Initiated by StopAssetImportingV2(NoUpdateAssetOptions)
Start importing Assets/ProjectAPlus/Sprites/Player/attack_1.png using Guid(8347bfa3cd7454643b1f4aeb3999cd9c) Importer(-1,00000000000000000000000000000000) [PhysX] Initialized MultithreadedTaskDispatcher with 16 workers.
 -> (artifact id: '259c99b61159cde29a332b22c6de54d9') in 0.002572 seconds
Refreshing native plugins compatible for Editor in 0.00 ms, found 0 plugins.
Preloading 0 native plugins for Editor in 0.00 ms.
Asset Pipeline Refresh (id=6432463e67df30e40b59ab8fc817502d): Total: 0.008 seconds - Initiated by StopAssetImportingV2(NoUpdateAssetOptions)
Start importing Assets/ProjectAPlus/Sprites/Player/attack_1.png using Guid(8347bfa3cd7454643b1f4aeb3999cd9c) Importer(-1,00000000000000000000000000000000) [PhysX] Initialized MultithreadedTaskDispatcher with 16 workers.
 -> (artifact id: '259c99b61159cde29a332b22c6de54d9') in 0.002327 seconds
Refreshing native plugins compatible for Editor in 0.00 ms, found 0 plugins.
Preloading 0 native plugins for Editor in 0.00 ms.
Asset Pipeline Refresh (id=7c88105ff174e774f9ef8618a6f82526): Total: 0.007 seconds - Initiated by StopAssetImportingV2(NoUpdateAssetOptions)
Start importing Assets/ProjectAPlus/Sprites/Player/attack_2.png using Guid(6b0828177da513a49801835f43375206) Importer(-1,00000000000000000000000000000000) [PhysX] Initialized MultithreadedTaskDispatcher with 16 workers.
 -> (artifact id: '6d4bc9b44e80ad4fe70ce92cad1e04ca') in 0.002493 seconds
Refreshing native plugins compatible for Editor in 0.00 ms, found 0 plugins.
Preloading 0 native plugins for Editor in 0.00 ms.
Asset Pipeline Refresh (id=d744c2fdfba562845aa220ae152b4c32): Total: 0.007 seconds - Initiated by StopAssetImportingV2(NoUpdateAssetOptions)
Start importing Assets/ProjectAPlus/Sprites/Player/attack_2.png using Guid(6b0828177da513a49801835f43375206) Importer(-1,00000000000000000000000000000000) [PhysX] Initialized MultithreadedTaskDispatcher with 16 workers.
 -> (artifact id: '6d4bc9b44e80ad4fe70ce92cad1e04ca') in 0.002399 seconds
Refreshing native plugins compatible for Editor in 0.00 ms, found 0 plugins.
Preloading 0 native plugins for Editor in 0.00 ms.
Asset Pipeline Refresh (id=a803cd125e1c28e448203c866300f8bb): Total: 0.006 seconds - Initiated by StopAssetImportingV2(NoUpdateAssetOptions)
Start importing Assets/ProjectAPlus/Sprites/Enemies/SleepSlime.png using Guid(46df90e4a94934a44a8350d9411fd4ee) Importer(-1,00000000000000000000000000000000) [PhysX] Initialized MultithreadedTaskDispatcher with 16 workers.
 -> (artifact id: '86d558a2bae923855753dd37bacfb0db') in 0.002209 seconds
Refreshing native plugins compatible for Editor in 0.00 ms, found 0 plugins.
Preloading 0 native plugins for Editor in 0.00 ms.
Asset Pipeline Refresh (id=a23c7d11e0203b74ca05d4cd7dff42fd): Total: 0.006 seconds - Initiated by StopAssetImportingV2(NoUpdateAssetOptions)
Start importing Assets/ProjectAPlus/Sprites/Enemies/SleepSlime.png using Guid(46df90e4a94934a44a8350d9411fd4ee) Importer(-1,00000000000000000000000000000000) [PhysX] Initialized MultithreadedTaskDispatcher with 16 workers.
 -> (artifact id: '86d558a2bae923855753dd37bacfb0db') in 0.002328 seconds
Refreshing native plugins compatible for Editor in 0.00 ms, found 0 plugins.
Preloading 0 native plugins for Editor in 0.00 ms.
Asset Pipeline Refresh (id=55231ea8dc6765e46bbd43514ddca9b1): Total: 0.006 seconds - Initiated by StopAssetImportingV2(NoUpdateAssetOptions)
Start importing Assets/ProjectAPlus/Sprites/Enemies/PhoneTemptation.png using Guid(ff2b1c8eef0ba334bbd761055bc8a57c) Importer(-1,00000000000000000000000000000000) [PhysX] Initialized MultithreadedTaskDispatcher with 16 workers.
 -> (artifact id: '77fa6aec2e414e934a165c16363ae656') in 0.002202 seconds
Refreshing native plugins compatible for Editor in 0.00 ms, found 0 plugins.
Preloading 0 native plugins for Editor in 0.00 ms.
Asset Pipeline Refresh (id=b6f08fcd39ccf484f8f9a9efa8d88a63): Total: 0.006 seconds - Initiated by StopAssetImportingV2(NoUpdateAssetOptions)
Start importing Assets/ProjectAPlus/Sprites/Enemies/PhoneTemptation.png using Guid(ff2b1c8eef0ba334bbd761055bc8a57c) Importer(-1,00000000000000000000000000000000) [PhysX] Initialized MultithreadedTaskDispatcher with 16 workers.
 -> (artifact id: '77fa6aec2e414e934a165c16363ae656') in 0.002161 seconds
Refreshing native plugins compatible for Editor in 0.00 ms, found 0 plugins.
Preloading 0 native plugins for Editor in 0.00 ms.
Asset Pipeline Refresh (id=36d3a47296090ab40967c0aa09bf9692): Total: 0.006 seconds - Initiated by StopAssetImportingV2(NoUpdateAssetOptions)
Start importing Assets/ProjectAPlus/Sprites/Enemies/AssignmentMonster.png using Guid(f49566478b2638046ae58bc21a5d9db9) Importer(-1,00000000000000000000000000000000) [PhysX] Initialized MultithreadedTaskDispatcher with 16 workers.
 -> (artifact id: '901ef51b2a7e4e8165784a762dc2141c') in 0.002268 seconds
Refreshing native plugins compatible for Editor in 0.00 ms, found 0 plugins.
Preloading 0 native plugins for Editor in 0.00 ms.
Asset Pipeline Refresh (id=5b9929fc67b2c934a854496dc8e9d035): Total: 0.006 seconds - Initiated by StopAssetImportingV2(NoUpdateAssetOptions)
Start importing Assets/ProjectAPlus/Sprites/Enemies/AssignmentMonster.png using Guid(f49566478b2638046ae58bc21a5d9db9) Importer(-1,00000000000000000000000000000000) [PhysX] Initialized MultithreadedTaskDispatcher with 16 workers.
 -> (artifact id: '901ef51b2a7e4e8165784a762dc2141c') in 0.002083 seconds
Refreshing native plugins compatible for Editor in 0.00 ms, found 0 plugins.
Preloading 0 native plugins for Editor in 0.00 ms.
Asset Pipeline Refresh (id=96f8070b5f2873a449a4b2eb01a2f1e2): Total: 0.006 seconds - Initiated by StopAssetImportingV2(NoUpdateAssetOptions)
Start importing Assets/ProjectAPlus/Sprites/Enemies/TeamProjectMonster.png using Guid(913da663fe74bcc4c90c651376a7148b) Importer(-1,00000000000000000000000000000000) [PhysX] Initialized MultithreadedTaskDispatcher with 16 workers.
 -> (artifact id: '7202f1639efad8c0b092efde4f313fd8') in 0.002319 seconds
Refreshing native plugins compatible for Editor in 0.00 ms, found 0 plugins.
Preloading 0 native plugins for Editor in 0.00 ms.
Asset Pipeline Refresh (id=63c1214bc32bddd46a750b29ac236078): Total: 0.006 seconds - Initiated by StopAssetImportingV2(NoUpdateAssetOptions)
Start importing Assets/ProjectAPlus/Sprites/Enemies/TeamProjectMonster.png using Guid(913da663fe74bcc4c90c651376a7148b) Importer(-1,00000000000000000000000000000000) [PhysX] Initialized MultithreadedTaskDispatcher with 16 workers.
 -> (artifact id: '7202f1639efad8c0b092efde4f313fd8') in 0.002250 seconds
Refreshing native plugins compatible for Editor in 0.00 ms, found 0 plugins.
Preloading 0 native plugins for Editor in 0.00 ms.
Asset Pipeline Refresh (id=f4885fad215508b49b2b903f6d91c452): Total: 0.006 seconds - Initiated by StopAssetImportingV2(NoUpdateAssetOptions)
Start importing Assets/ProjectAPlus/Sprites/Enemies/PresentationLaserMonster.png using Guid(f676e5cdd7be9434fac3c070492629a9) Importer(-1,00000000000000000000000000000000) [PhysX] Initialized MultithreadedTaskDispatcher with 16 workers.
 -> (artifact id: '6138dc4724aa40fe04e8daaf634f1e18') in 0.002435 seconds
Refreshing native plugins compatible for Editor in 0.00 ms, found 0 plugins.
Preloading 0 native plugins for Editor in 0.00 ms.
Asset Pipeline Refresh (id=2d0bde4265d51ef41a88ee9a3b6b1fa4): Total: 0.006 seconds - Initiated by StopAssetImportingV2(NoUpdateAssetOptions)
Start importing Assets/ProjectAPlus/Sprites/Enemies/PresentationLaserMonster.png using Guid(f676e5cdd7be9434fac3c070492629a9) Importer(-1,00000000000000000000000000000000) [PhysX] Initialized MultithreadedTaskDispatcher with 16 workers.
 -> (artifact id: '6138dc4724aa40fe04e8daaf634f1e18') in 0.002216 seconds
Refreshing native plugins compatible for Editor in 0.00 ms, found 0 plugins.
Preloading 0 native plugins for Editor in 0.00 ms.
Asset Pipeline Refresh (id=d16e467adb32b5345a69cd7e1c666e3d): Total: 0.006 seconds - Initiated by StopAssetImportingV2(NoUpdateAssetOptions)
Start importing Assets/ProjectAPlus/Sprites/Enemies/DeadlineTimer.png using Guid(751b6c2595f4111418f981e29743b757) Importer(-1,00000000000000000000000000000000) [PhysX] Initialized MultithreadedTaskDispatcher with 16 workers.
 -> (artifact id: 'bc597903eff8e0b1720d9647b12a580b') in 0.002464 seconds
Refreshing native plugins compatible for Editor in 0.00 ms, found 0 plugins.
Preloading 0 native plugins for Editor in 0.00 ms.
Asset Pipeline Refresh (id=159718c8f11936843a05b0be573a7576): Total: 0.006 seconds - Initiated by StopAssetImportingV2(NoUpdateAssetOptions)
Start importing Assets/ProjectAPlus/Sprites/Enemies/DeadlineTimer.png using Guid(751b6c2595f4111418f981e29743b757) Importer(-1,00000000000000000000000000000000) [PhysX] Initialized MultithreadedTaskDispatcher with 16 workers.
 -> (artifact id: 'bc597903eff8e0b1720d9647b12a580b') in 0.002248 seconds
Refreshing native plugins compatible for Editor in 0.00 ms, found 0 plugins.
Preloading 0 native plugins for Editor in 0.00 ms.
Asset Pipeline Refresh (id=a982a4aaf2c5db9449462e432b1a887d): Total: 0.006 seconds - Initiated by StopAssetImportingV2(NoUpdateAssetOptions)
Start importing Assets/ProjectAPlus/Sprites/Enemies/AnxietyShadow.png using Guid(9b314f2766a32744fbf89c5bd96b2b05) Importer(-1,00000000000000000000000000000000) [PhysX] Initialized MultithreadedTaskDispatcher with 16 workers.
 -> (artifact id: '2b344fb878f017abc8f7cee97fc65fb0') in 0.002343 seconds
Refreshing native plugins compatible for Editor in 0.00 ms, found 0 plugins.
Preloading 0 native plugins for Editor in 0.00 ms.
Asset Pipeline Refresh (id=951600cf97f3df640bcf9de577cc1e06): Total: 0.006 seconds - Initiated by StopAssetImportingV2(NoUpdateAssetOptions)
Start importing Assets/ProjectAPlus/Sprites/Enemies/AnxietyShadow.png using Guid(9b314f2766a32744fbf89c5bd96b2b05) Importer(-1,00000000000000000000000000000000) [PhysX] Initialized MultithreadedTaskDispatcher with 16 workers.
 -> (artifact id: '2b344fb878f017abc8f7cee97fc65fb0') in 0.002134 seconds
Refreshing native plugins compatible for Editor in 0.00 ms, found 0 plugins.
Preloading 0 native plugins for Editor in 0.00 ms.
Asset Pipeline Refresh (id=b78fc047acb923349872854864ee23ca): Total: 0.006 seconds - Initiated by StopAssetImportingV2(NoUpdateAssetOptions)
Start importing Assets/ProjectAPlus/Sprites/Bosses/MidtermWatcher.png using Guid(6a59058ad11aaa144b41aca5244a7d19) Importer(-1,00000000000000000000000000000000) [PhysX] Initialized MultithreadedTaskDispatcher with 16 workers.
 -> (artifact id: '741efc33c764cc5620081487a6bf90bc') in 0.003495 seconds
Refreshing native plugins compatible for Editor in 0.00 ms, found 0 plugins.
Preloading 0 native plugins for Editor in 0.00 ms.
Asset Pipeline Refresh (id=e5cae9590b4e5954d9efcdcba3163695): Total: 0.010 seconds - Initiated by StopAssetImportingV2(NoUpdateAssetOptions)
Start importing Assets/ProjectAPlus/Sprites/Bosses/MidtermWatcher.png using Guid(6a59058ad11aaa144b41aca5244a7d19) Importer(-1,00000000000000000000000000000000) [PhysX] Initialized MultithreadedTaskDispatcher with 16 workers.
 -> (artifact id: '741efc33c764cc5620081487a6bf90bc') in 0.003021 seconds
Refreshing native plugins compatible for Editor in 0.00 ms, found 0 plugins.
Preloading 0 native plugins for Editor in 0.00 ms.
Asset Pipeline Refresh (id=acd15f97b217a074e8a52ec39bff8eb0): Total: 0.007 seconds - Initiated by StopAssetImportingV2(NoUpdateAssetOptions)
Start importing Assets/ProjectAPlus/Sprites/Bosses/FinalExamJudge.png using Guid(08f304972375ac948a5f4b07ae75236f) Importer(-1,00000000000000000000000000000000) [PhysX] Initialized MultithreadedTaskDispatcher with 16 workers.
 -> (artifact id: '44e36dca76748f4a9db2115333457083') in 0.003296 seconds
Refreshing native plugins compatible for Editor in 0.00 ms, found 0 plugins.
Preloading 0 native plugins for Editor in 0.00 ms.
Asset Pipeline Refresh (id=b24fd9b8d89fc62498e000500b306c22): Total: 0.010 seconds - Initiated by StopAssetImportingV2(NoUpdateAssetOptions)
Start importing Assets/ProjectAPlus/Sprites/Bosses/FinalExamJudge.png using Guid(08f304972375ac948a5f4b07ae75236f) Importer(-1,00000000000000000000000000000000) [PhysX] Initialized MultithreadedTaskDispatcher with 16 workers.
 -> (artifact id: '44e36dca76748f4a9db2115333457083') in 0.003430 seconds
Refreshing native plugins compatible for Editor in 0.00 ms, found 0 plugins.
Preloading 0 native plugins for Editor in 0.00 ms.
Asset Pipeline Refresh (id=6557bb52ea365f740a8ec8a11cc9a993): Total: 0.007 seconds - Initiated by StopAssetImportingV2(NoUpdateAssetOptions)
Start importing Assets/ProjectAPlus/Sprites/UI/EnergyJelly.png using Guid(b78252304257a5947af6e0adb03ffda7) Importer(-1,00000000000000000000000000000000) [PhysX] Initialized MultithreadedTaskDispatcher with 16 workers.
 -> (artifact id: '9f51bfd71421e7039f40d580c42e2425') in 0.002557 seconds
Refreshing native plugins compatible for Editor in 0.00 ms, found 0 plugins.
Preloading 0 native plugins for Editor in 0.00 ms.
Asset Pipeline Refresh (id=93d157ead12b81741a63712cca310969): Total: 0.006 seconds - Initiated by StopAssetImportingV2(NoUpdateAssetOptions)
Start importing Assets/ProjectAPlus/Sprites/UI/EnergyJelly.png using Guid(b78252304257a5947af6e0adb03ffda7) Importer(-1,00000000000000000000000000000000) [PhysX] Initialized MultithreadedTaskDispatcher with 16 workers.
 -> (artifact id: '9f51bfd71421e7039f40d580c42e2425') in 0.002243 seconds
Refreshing native plugins compatible for Editor in 0.00 ms, found 0 plugins.
Preloading 0 native plugins for Editor in 0.00 ms.
Asset Pipeline Refresh (id=c97706821c41486449564f858f2427c4): Total: 0.006 seconds - Initiated by StopAssetImportingV2(NoUpdateAssetOptions)
Start importing Assets/ProjectAPlus/Sprites/UI/NightCoffee.png using Guid(4d950dd068b870d4fbada2a7c5188a57) Importer(-1,00000000000000000000000000000000) [PhysX] Initialized MultithreadedTaskDispatcher with 16 workers.
 -> (artifact id: '6ee9538183c477197ff5109aecc62385') in 0.002182 seconds
Refreshing native plugins compatible for Editor in 0.00 ms, found 0 plugins.
Preloading 0 native plugins for Editor in 0.00 ms.
Asset Pipeline Refresh (id=0047c173bcdab80488549b29b946ceaf): Total: 0.006 seconds - Initiated by StopAssetImportingV2(NoUpdateAssetOptions)
Start importing Assets/ProjectAPlus/Sprites/UI/NightCoffee.png using Guid(4d950dd068b870d4fbada2a7c5188a57) Importer(-1,00000000000000000000000000000000) [PhysX] Initialized MultithreadedTaskDispatcher with 16 workers.
 -> (artifact id: '6ee9538183c477197ff5109aecc62385') in 0.002349 seconds
Refreshing native plugins compatible for Editor in 0.00 ms, found 0 plugins.
Preloading 0 native plugins for Editor in 0.00 ms.
Asset Pipeline Refresh (id=1face7c9c9a05aa4f930ce650d87110e): Total: 0.006 seconds - Initiated by StopAssetImportingV2(NoUpdateAssetOptions)
Start importing Assets/ProjectAPlus/Sprites/UI/OrganizedNotes.png using Guid(ed0b20ceefe968b4c81c87c14a9ec10c) Importer(-1,00000000000000000000000000000000) [PhysX] Initialized MultithreadedTaskDispatcher with 16 workers.
 -> (artifact id: '8c0406ce8996f82135eb4416308ae28b') in 0.002361 seconds
Refreshing native plugins compatible for Editor in 0.00 ms, found 0 plugins.
Preloading 0 native plugins for Editor in 0.00 ms.
Asset Pipeline Refresh (id=c5c1af19005e91d4284bd48197982c57): Total: 0.006 seconds - Initiated by StopAssetImportingV2(NoUpdateAssetOptions)
Start importing Assets/ProjectAPlus/Sprites/UI/OrganizedNotes.png using Guid(ed0b20ceefe968b4c81c87c14a9ec10c) Importer(-1,00000000000000000000000000000000) [PhysX] Initialized MultithreadedTaskDispatcher with 16 workers.
 -> (artifact id: '8c0406ce8996f82135eb4416308ae28b') in 0.002074 seconds
Refreshing native plugins compatible for Editor in 0.00 ms, found 0 plugins.
Preloading 0 native plugins for Editor in 0.00 ms.
Asset Pipeline Refresh (id=30a06ef4d55c31a4d9764533c5710408): Total: 0.006 seconds - Initiated by StopAssetImportingV2(NoUpdateAssetOptions)
Start importing Assets/ProjectAPlus/Sprites/UI/PastExamBook.png using Guid(96aab7f48d3e84a4381fc3be32694002) Importer(-1,00000000000000000000000000000000) [PhysX] Initialized MultithreadedTaskDispatcher with 16 workers.
 -> (artifact id: '0400587e64a570abb538a0e9dadfd3ca') in 0.002405 seconds
Refreshing native plugins compatible for Editor in 0.00 ms, found 0 plugins.
Preloading 0 native plugins for Editor in 0.00 ms.
Asset Pipeline Refresh (id=81ea0fc976d22ad489e50e508d759cc1): Total: 0.006 seconds - Initiated by StopAssetImportingV2(NoUpdateAssetOptions)
Start importing Assets/ProjectAPlus/Sprites/UI/PastExamBook.png using Guid(96aab7f48d3e84a4381fc3be32694002) Importer(-1,00000000000000000000000000000000) [PhysX] Initialized MultithreadedTaskDispatcher with 16 workers.
 -> (artifact id: '0400587e64a570abb538a0e9dadfd3ca') in 0.001982 seconds
Refreshing native plugins compatible for Editor in 0.00 ms, found 0 plugins.
Preloading 0 native plugins for Editor in 0.00 ms.
Asset Pipeline Refresh (id=42573068171a2ee4ba38782e6bf6a77f): Total: 0.006 seconds - Initiated by StopAssetImportingV2(NoUpdateAssetOptions)
Start importing Assets/ProjectAPlus/Sprites/UI/PresentationScript.png using Guid(0306c6a75487c9e4fa596b5b5d3a3584) Importer(-1,00000000000000000000000000000000) [PhysX] Initialized MultithreadedTaskDispatcher with 16 workers.
 -> (artifact id: '26315a4738684deb6bfde561e0596524') in 0.002669 seconds
Refreshing native plugins compatible for Editor in 0.00 ms, found 0 plugins.
Preloading 0 native plugins for Editor in 0.00 ms.
Asset Pipeline Refresh (id=55d651fd434b95c428774bc52132813b): Total: 0.006 seconds - Initiated by StopAssetImportingV2(NoUpdateAssetOptions)
Start importing Assets/ProjectAPlus/Sprites/UI/PresentationScript.png using Guid(0306c6a75487c9e4fa596b5b5d3a3584) Importer(-1,00000000000000000000000000000000) [PhysX] Initialized MultithreadedTaskDispatcher with 16 workers.
 -> (artifact id: '26315a4738684deb6bfde561e0596524') in 0.002361 seconds
Refreshing native plugins compatible for Editor in 0.00 ms, found 0 plugins.
Preloading 0 native plugins for Editor in 0.00 ms.
Asset Pipeline Refresh (id=771dc2880713c4d40893f291669ec743): Total: 0.006 seconds - Initiated by StopAssetImportingV2(NoUpdateAssetOptions)
Start importing Assets/ProjectAPlus/Sprites/UI/FocusHeadphones.png using Guid(90b9b9ca9da573e4a83c457c6c72f1e3) Importer(-1,00000000000000000000000000000000) [PhysX] Initialized MultithreadedTaskDispatcher with 16 workers.
 -> (artifact id: '251a327e7f173472b872c7b1ec028144') in 0.002277 seconds
Refreshing native plugins compatible for Editor in 0.00 ms, found 0 plugins.
Preloading 0 native plugins for Editor in 0.00 ms.
Asset Pipeline Refresh (id=f8863e02d1de6d84fb8f7001706b66d1): Total: 0.006 seconds - Initiated by StopAssetImportingV2(NoUpdateAssetOptions)
Start importing Assets/ProjectAPlus/Sprites/UI/FocusHeadphones.png using Guid(90b9b9ca9da573e4a83c457c6c72f1e3) Importer(-1,00000000000000000000000000000000) [PhysX] Initialized MultithreadedTaskDispatcher with 16 workers.
 -> (artifact id: '251a327e7f173472b872c7b1ec028144') in 0.002286 seconds
Refreshing native plugins compatible for Editor in 0.00 ms, found 0 plugins.
Preloading 0 native plugins for Editor in 0.00 ms.
Asset Pipeline Refresh (id=68e68d1439092b340a54e98797b40b18): Total: 0.006 seconds - Initiated by StopAssetImportingV2(NoUpdateAssetOptions)
Start importing Assets/ProjectAPlus/Sprites/UI/FinalNotes.png using Guid(22791d9f082dd5b489d235954b45e652) Importer(-1,00000000000000000000000000000000) [PhysX] Initialized MultithreadedTaskDispatcher with 16 workers.
 -> (artifact id: '3c8dbfe209b2e18a5af7126554935e20') in 0.002420 seconds
Refreshing native plugins compatible for Editor in 0.00 ms, found 0 plugins.
Preloading 0 native plugins for Editor in 0.00 ms.
Asset Pipeline Refresh (id=2a1c71f10e306024f862e4916cd56c74): Total: 0.006 seconds - Initiated by StopAssetImportingV2(NoUpdateAssetOptions)
Start importing Assets/ProjectAPlus/Sprites/UI/FinalNotes.png using Guid(22791d9f082dd5b489d235954b45e652) Importer(-1,00000000000000000000000000000000) [PhysX] Initialized MultithreadedTaskDispatcher with 16 workers.
 -> (artifact id: '3c8dbfe209b2e18a5af7126554935e20') in 0.002097 seconds
Refreshing native plugins compatible for Editor in 0.00 ms, found 0 plugins.
Preloading 0 native plugins for Editor in 0.00 ms.
Asset Pipeline Refresh (id=98f7708e1174a9144b8a864df4541e8d): Total: 0.006 seconds - Initiated by StopAssetImportingV2(NoUpdateAssetOptions)
Start importing Assets/ProjectAPlus/Sprites/Effects/Attack.png using Guid(c911d43c9424c3240a20e69f0138c7d8) Importer(-1,00000000000000000000000000000000) [PhysX] Initialized MultithreadedTaskDispatcher with 16 workers.
 -> (artifact id: 'b3cd9b22604406528a8ce69f70f887d4') in 0.002698 seconds
Refreshing native plugins compatible for Editor in 0.00 ms, found 0 plugins.
Preloading 0 native plugins for Editor in 0.00 ms.
Asset Pipeline Refresh (id=42235972cc37df3478d60396ceb8670a): Total: 0.009 seconds - Initiated by StopAssetImportingV2(NoUpdateAssetOptions)
Start importing Assets/ProjectAPlus/Sprites/Effects/Attack.png using Guid(c911d43c9424c3240a20e69f0138c7d8) Importer(-1,00000000000000000000000000000000) [PhysX] Initialized MultithreadedTaskDispatcher with 16 workers.
 -> (artifact id: 'b3cd9b22604406528a8ce69f70f887d4') in 0.002385 seconds
Refreshing native plugins compatible for Editor in 0.00 ms, found 0 plugins.
Preloading 0 native plugins for Editor in 0.00 ms.
Asset Pipeline Refresh (id=fc8f50bcf3fc6a947a99e958e8365385): Total: 0.006 seconds - Initiated by StopAssetImportingV2(NoUpdateAssetOptions)
Start importing Assets/ProjectAPlus/Sprites/Effects/Hit.png using Guid(100027fe851b4cf4cad86368b53b7da4) Importer(-1,00000000000000000000000000000000) [PhysX] Initialized MultithreadedTaskDispatcher with 16 workers.
 -> (artifact id: '436308ca1fad9cafd4d56b2c77e65660') in 0.002345 seconds
Refreshing native plugins compatible for Editor in 0.00 ms, found 0 plugins.
Preloading 0 native plugins for Editor in 0.00 ms.
Asset Pipeline Refresh (id=7d831ee6cec041d45985c72ff33594a2): Total: 0.007 seconds - Initiated by StopAssetImportingV2(NoUpdateAssetOptions)
Start importing Assets/ProjectAPlus/Sprites/Effects/Hit.png using Guid(100027fe851b4cf4cad86368b53b7da4) Importer(-1,00000000000000000000000000000000) [PhysX] Initialized MultithreadedTaskDispatcher with 16 workers.
 -> (artifact id: '436308ca1fad9cafd4d56b2c77e65660') in 0.002196 seconds
Refreshing native plugins compatible for Editor in 0.00 ms, found 0 plugins.
Preloading 0 native plugins for Editor in 0.00 ms.
Asset Pipeline Refresh (id=2b1a754151d51434ebc14c7637479c56): Total: 0.006 seconds - Initiated by StopAssetImportingV2(NoUpdateAssetOptions)
Start importing Assets/ProjectAPlus/Sprites/Effects/LevelUp.png using Guid(bdd5c1c540d027d488889fdfac576c48) Importer(-1,00000000000000000000000000000000) [PhysX] Initialized MultithreadedTaskDispatcher with 16 workers.
 -> (artifact id: 'c89bf3c0a675496fbcb4b8ccf69997a7') in 0.002562 seconds
Refreshing native plugins compatible for Editor in 0.00 ms, found 0 plugins.
Preloading 0 native plugins for Editor in 0.00 ms.
Asset Pipeline Refresh (id=814e8046c1ed0e54d96c882c38996eea): Total: 0.006 seconds - Initiated by StopAssetImportingV2(NoUpdateAssetOptions)
Start importing Assets/ProjectAPlus/Sprites/Effects/LevelUp.png using Guid(bdd5c1c540d027d488889fdfac576c48) Importer(-1,00000000000000000000000000000000) [PhysX] Initialized MultithreadedTaskDispatcher with 16 workers.
 -> (artifact id: 'c89bf3c0a675496fbcb4b8ccf69997a7') in 0.002202 seconds
Refreshing native plugins compatible for Editor in 0.00 ms, found 0 plugins.
Preloading 0 native plugins for Editor in 0.00 ms.
Asset Pipeline Refresh (id=1e72a6c28b26c2b4bb7bf672511ac44f): Total: 0.006 seconds - Initiated by StopAssetImportingV2(NoUpdateAssetOptions)
Start importing Assets/ProjectAPlus/Sprites/Effects/ItemGet.png using Guid(cca2fc0d667e35949a6dde894a49a6f5) Importer(-1,00000000000000000000000000000000) [PhysX] Initialized MultithreadedTaskDispatcher with 16 workers.
 -> (artifact id: '1255909cf8fe231035c4d1219537ad4d') in 0.002250 seconds
Refreshing native plugins compatible for Editor in 0.00 ms, found 0 plugins.
Preloading 0 native plugins for Editor in 0.00 ms.
Asset Pipeline Refresh (id=5216ff7bb2e295f419ef67f85920e809): Total: 0.006 seconds - Initiated by StopAssetImportingV2(NoUpdateAssetOptions)
Start importing Assets/ProjectAPlus/Sprites/Effects/ItemGet.png using Guid(cca2fc0d667e35949a6dde894a49a6f5) Importer(-1,00000000000000000000000000000000) [PhysX] Initialized MultithreadedTaskDispatcher with 16 workers.
 -> (artifact id: '1255909cf8fe231035c4d1219537ad4d') in 0.002145 seconds
Refreshing native plugins compatible for Editor in 0.00 ms, found 0 plugins.
Preloading 0 native plugins for Editor in 0.00 ms.
Asset Pipeline Refresh (id=4b184040bd45181409e4b26a6a87b923): Total: 0.006 seconds - Initiated by StopAssetImportingV2(NoUpdateAssetOptions)
Start importing Assets/ProjectAPlus/Sprites/Effects/BossWarning.png using Guid(f30bb4d6ef9380b4b85bc6cae65d3d56) Importer(-1,00000000000000000000000000000000) [PhysX] Initialized MultithreadedTaskDispatcher with 16 workers.
 -> (artifact id: '37ffe2348c178f06cd5700160bcdff7a') in 0.002763 seconds
Refreshing native plugins compatible for Editor in 0.00 ms, found 0 plugins.
Preloading 0 native plugins for Editor in 0.00 ms.
Asset Pipeline Refresh (id=00deefa30087a5142a8fad5679ba2253): Total: 0.007 seconds - Initiated by StopAssetImportingV2(NoUpdateAssetOptions)
Start importing Assets/ProjectAPlus/Sprites/Effects/BossWarning.png using Guid(f30bb4d6ef9380b4b85bc6cae65d3d56) Importer(-1,00000000000000000000000000000000) [PhysX] Initialized MultithreadedTaskDispatcher with 16 workers.
 -> (artifact id: '37ffe2348c178f06cd5700160bcdff7a') in 0.002467 seconds
Refreshing native plugins compatible for Editor in 0.00 ms, found 0 plugins.
Preloading 0 native plugins for Editor in 0.00 ms.
Asset Pipeline Refresh (id=19e3815fc7847494bb1ef43d3bfff898): Total: 0.006 seconds - Initiated by StopAssetImportingV2(NoUpdateAssetOptions)
Start importing Assets/ProjectAPlus/Sprites/Effects/BossProjectile.png using Guid(8305a73397b94574e9fcf78f64697aa7) Importer(-1,00000000000000000000000000000000) [PhysX] Initialized MultithreadedTaskDispatcher with 16 workers.
 -> (artifact id: '0ec0e7d1b0fdd39dd96123746da65500') in 0.002496 seconds
Refreshing native plugins compatible for Editor in 0.00 ms, found 0 plugins.
Preloading 0 native plugins for Editor in 0.00 ms.
Asset Pipeline Refresh (id=0c837bb8711b8294aa301f9ca9b2a33c): Total: 0.006 seconds - Initiated by StopAssetImportingV2(NoUpdateAssetOptions)
Start importing Assets/ProjectAPlus/Sprites/Effects/BossProjectile.png using Guid(8305a73397b94574e9fcf78f64697aa7) Importer(-1,00000000000000000000000000000000) [PhysX] Initialized MultithreadedTaskDispatcher with 16 workers.
 -> (artifact id: '0ec0e7d1b0fdd39dd96123746da65500') in 0.002240 seconds
Refreshing native plugins compatible for Editor in 0.00 ms, found 0 plugins.
Preloading 0 native plugins for Editor in 0.00 ms.
Asset Pipeline Refresh (id=358e844935846434186891a5a41bb17f): Total: 0.006 seconds - Initiated by StopAssetImportingV2(NoUpdateAssetOptions)
Start importing Assets/ProjectAPlus/Sprites/Backgrounds/MorningClassroom.png using Guid(569ac54e93a781b4d89464d4c6c0bf19) Importer(-1,00000000000000000000000000000000) [PhysX] Initialized MultithreadedTaskDispatcher with 16 workers.
 -> (artifact id: '65f53e694d6d34085d2da758c76eca35') in 0.006357 seconds
Refreshing native plugins compatible for Editor in 0.00 ms, found 0 plugins.
Preloading 0 native plugins for Editor in 0.00 ms.
Asset Pipeline Refresh (id=72f68e0328fb8984e84abd6f8c745477): Total: 0.010 seconds - Initiated by StopAssetImportingV2(NoUpdateAssetOptions)
Start importing Assets/ProjectAPlus/Sprites/Backgrounds/MorningClassroom.png using Guid(569ac54e93a781b4d89464d4c6c0bf19) Importer(-1,00000000000000000000000000000000) [PhysX] Initialized MultithreadedTaskDispatcher with 16 workers.
 -> (artifact id: '65f53e694d6d34085d2da758c76eca35') in 0.006258 seconds
Refreshing native plugins compatible for Editor in 0.00 ms, found 0 plugins.
Preloading 0 native plugins for Editor in 0.00 ms.
Asset Pipeline Refresh (id=6e386d1ce188cea49a14ca81c4e8aff3): Total: 0.010 seconds - Initiated by StopAssetImportingV2(NoUpdateAssetOptions)
Start importing Assets/ProjectAPlus/Sprites/Backgrounds/Classroom.png using Guid(91682f348fed00e419507128f9c46cc1) Importer(-1,00000000000000000000000000000000) [PhysX] Initialized MultithreadedTaskDispatcher with 16 workers.
 -> (artifact id: '168df2bf80916254ed53ebedf0479797') in 0.006353 seconds
Refreshing native plugins compatible for Editor in 0.00 ms, found 0 plugins.
Preloading 0 native plugins for Editor in 0.00 ms.
Asset Pipeline Refresh (id=167f01993f5b48642b5d9f053f8aa36f): Total: 0.010 seconds - Initiated by StopAssetImportingV2(NoUpdateAssetOptions)
Start importing Assets/ProjectAPlus/Sprites/Backgrounds/Classroom.png using Guid(91682f348fed00e419507128f9c46cc1) Importer(-1,00000000000000000000000000000000) [PhysX] Initialized MultithreadedTaskDispatcher with 16 workers.
 -> (artifact id: '168df2bf80916254ed53ebedf0479797') in 0.006664 seconds
Refreshing native plugins compatible for Editor in 0.00 ms, found 0 plugins.
Preloading 0 native plugins for Editor in 0.00 ms.
Asset Pipeline Refresh (id=e04f243f2eb2eba47b33c84563987919): Total: 0.011 seconds - Initiated by StopAssetImportingV2(NoUpdateAssetOptions)
Start importing Assets/ProjectAPlus/Sprites/Backgrounds/LunchClassroom.png using Guid(e51015840ae4d9f439c34c2989e7d734) Importer(-1,00000000000000000000000000000000) [PhysX] Initialized MultithreadedTaskDispatcher with 16 workers.
 -> (artifact id: '0cb80b86b15e9dcf76d114895f6a91e0') in 0.006707 seconds
Refreshing native plugins compatible for Editor in 0.00 ms, found 0 plugins.
Preloading 0 native plugins for Editor in 0.00 ms.
Asset Pipeline Refresh (id=a75f143d6bb06994b8fb71150f7b9f61): Total: 0.010 seconds - Initiated by StopAssetImportingV2(NoUpdateAssetOptions)
Start importing Assets/ProjectAPlus/Sprites/Backgrounds/LunchClassroom.png using Guid(e51015840ae4d9f439c34c2989e7d734) Importer(-1,00000000000000000000000000000000) [PhysX] Initialized MultithreadedTaskDispatcher with 16 workers.
 -> (artifact id: '0cb80b86b15e9dcf76d114895f6a91e0') in 0.006349 seconds
Refreshing native plugins compatible for Editor in 0.00 ms, found 0 plugins.
Preloading 0 native plugins for Editor in 0.00 ms.
Asset Pipeline Refresh (id=59416be6b956be243a2a6c7bc045ea3e): Total: 0.011 seconds - Initiated by StopAssetImportingV2(NoUpdateAssetOptions)
Start importing Assets/ProjectAPlus/Sprites/Backgrounds/TeamMeetingRoom.png using Guid(61806a61e767369429d388d2109caf12) Importer(-1,00000000000000000000000000000000) [PhysX] Initialized MultithreadedTaskDispatcher with 16 workers.
 -> (artifact id: '0b5d17aa480c8a552302a43ee542f22e') in 0.006444 seconds
Refreshing native plugins compatible for Editor in 0.00 ms, found 0 plugins.
Preloading 0 native plugins for Editor in 0.00 ms.
Asset Pipeline Refresh (id=78e377221b9bf5744837d7c513f34340): Total: 0.011 seconds - Initiated by StopAssetImportingV2(NoUpdateAssetOptions)
Start importing Assets/ProjectAPlus/Sprites/Backgrounds/TeamMeetingRoom.png using Guid(61806a61e767369429d388d2109caf12) Importer(-1,00000000000000000000000000000000) [PhysX] Initialized MultithreadedTaskDispatcher with 16 workers.
 -> (artifact id: '0b5d17aa480c8a552302a43ee542f22e') in 0.006267 seconds
Refreshing native plugins compatible for Editor in 0.00 ms, found 0 plugins.
Preloading 0 native plugins for Editor in 0.00 ms.
Asset Pipeline Refresh (id=ae7bb919d7087204dbb2b33797dd6c4f): Total: 0.010 seconds - Initiated by StopAssetImportingV2(NoUpdateAssetOptions)
Start importing Assets/ProjectAPlus/Sprites/Backgrounds/ExamHall.png using Guid(091ad928ecb91634a833036fe29c6bd6) Importer(-1,00000000000000000000000000000000) [PhysX] Initialized MultithreadedTaskDispatcher with 16 workers.
 -> (artifact id: 'd27cd50742571de9293a3e799ba8f419') in 0.006854 seconds
Refreshing native plugins compatible for Editor in 0.00 ms, found 0 plugins.
Preloading 0 native plugins for Editor in 0.00 ms.
Asset Pipeline Refresh (id=64230c47490fa20458d9eca4caba2758): Total: 0.010 seconds - Initiated by StopAssetImportingV2(NoUpdateAssetOptions)
Start importing Assets/ProjectAPlus/Sprites/Backgrounds/ExamHall.png using Guid(091ad928ecb91634a833036fe29c6bd6) Importer(-1,00000000000000000000000000000000) [PhysX] Initialized MultithreadedTaskDispatcher with 16 workers.
 -> (artifact id: 'd27cd50742571de9293a3e799ba8f419') in 0.007021 seconds
Refreshing native plugins compatible for Editor in 0.00 ms, found 0 plugins.
Preloading 0 native plugins for Editor in 0.00 ms.
Asset Pipeline Refresh (id=a867d454db906254faa343d77224751c): Total: 0.011 seconds - Initiated by StopAssetImportingV2(NoUpdateAssetOptions)
Start importing Assets/ProjectAPlus/Sprites/Backgrounds/EveningClassroom.png using Guid(8dab425873a1a1649b949e1a3b1115eb) Importer(-1,00000000000000000000000000000000) [PhysX] Initialized MultithreadedTaskDispatcher with 16 workers.
 -> (artifact id: 'fee4f86045629f049acdd459dc8b10d1') in 0.007421 seconds
Refreshing native plugins compatible for Editor in 0.00 ms, found 0 plugins.
Preloading 0 native plugins for Editor in 0.00 ms.
Asset Pipeline Refresh (id=298ce624219e59245828d52e23c10d97): Total: 0.011 seconds - Initiated by StopAssetImportingV2(NoUpdateAssetOptions)
Start importing Assets/ProjectAPlus/Sprites/Backgrounds/EveningClassroom.png using Guid(8dab425873a1a1649b949e1a3b1115eb) Importer(-1,00000000000000000000000000000000) [PhysX] Initialized MultithreadedTaskDispatcher with 16 workers.
 -> (artifact id: 'fee4f86045629f049acdd459dc8b10d1') in 0.006356 seconds
Refreshing native plugins compatible for Editor in 0.00 ms, found 0 plugins.
Preloading 0 native plugins for Editor in 0.00 ms.
Asset Pipeline Refresh (id=b9a79138ecfb166478674944ef452839): Total: 0.011 seconds - Initiated by StopAssetImportingV2(NoUpdateAssetOptions)
Start importing Assets/ProjectAPlus/Sprites/Backgrounds/PresentationRoom.png using Guid(70ad77cfa7a16104bad37b97ed6e02f7) Importer(-1,00000000000000000000000000000000) [PhysX] Initialized MultithreadedTaskDispatcher with 16 workers.
 -> (artifact id: 'cbe739c4ed7fabef2d2b83e8aab004d6') in 0.006411 seconds
Refreshing native plugins compatible for Editor in 0.00 ms, found 0 plugins.
Preloading 0 native plugins for Editor in 0.00 ms.
Asset Pipeline Refresh (id=80fd0c3b64ce4a6489eccdc05c86cb19): Total: 0.011 seconds - Initiated by StopAssetImportingV2(NoUpdateAssetOptions)
Start importing Assets/ProjectAPlus/Sprites/Backgrounds/PresentationRoom.png using Guid(70ad77cfa7a16104bad37b97ed6e02f7) Importer(-1,00000000000000000000000000000000) [PhysX] Initialized MultithreadedTaskDispatcher with 16 workers.
 -> (artifact id: 'cbe739c4ed7fabef2d2b83e8aab004d6') in 0.008022 seconds
Refreshing native plugins compatible for Editor in 0.00 ms, found 0 plugins.
Preloading 0 native plugins for Editor in 0.00 ms.
Asset Pipeline Refresh (id=0b0ca2c1113892f4c805b1e235d7ed95): Total: 0.012 seconds - Initiated by StopAssetImportingV2(NoUpdateAssetOptions)
Start importing Assets/ProjectAPlus/Sprites/Backgrounds/Library.png using Guid(039f2c9c0b3d43a46b36ff8f6e17f5af) Importer(-1,00000000000000000000000000000000) [PhysX] Initialized MultithreadedTaskDispatcher with 16 workers.
 -> (artifact id: '62fb7554a2a0dcdc874d084509a52611') in 0.006745 seconds
Refreshing native plugins compatible for Editor in 0.00 ms, found 0 plugins.
Preloading 0 native plugins for Editor in 0.00 ms.
Asset Pipeline Refresh (id=f3ebf192ebf062440becbf45bb93b497): Total: 0.011 seconds - Initiated by StopAssetImportingV2(NoUpdateAssetOptions)
Start importing Assets/ProjectAPlus/Sprites/Backgrounds/Library.png using Guid(039f2c9c0b3d43a46b36ff8f6e17f5af) Importer(-1,00000000000000000000000000000000) [PhysX] Initialized MultithreadedTaskDispatcher with 16 workers.
 -> (artifact id: '62fb7554a2a0dcdc874d084509a52611') in 0.006758 seconds
Refreshing native plugins compatible for Editor in 0.00 ms, found 0 plugins.
Preloading 0 native plugins for Editor in 0.00 ms.
Asset Pipeline Refresh (id=3686a327ebbb63744bba5abcef8cd03f): Total: 0.011 seconds - Initiated by StopAssetImportingV2(NoUpdateAssetOptions)
Start importing Assets/ProjectAPlus/Sprites/Backgrounds/NightLibrary.png using Guid(73867fb8e3698844795cd7b392d808c7) Importer(-1,00000000000000000000000000000000) [PhysX] Initialized MultithreadedTaskDispatcher with 16 workers.
 -> (artifact id: '91669daabdc835946daa3506b5791999') in 0.006189 seconds
Refreshing native plugins compatible for Editor in 0.00 ms, found 0 plugins.
Preloading 0 native plugins for Editor in 0.00 ms.
Asset Pipeline Refresh (id=cffda106fcc82504e883d0794e0daca9): Total: 0.010 seconds - Initiated by StopAssetImportingV2(NoUpdateAssetOptions)
Start importing Assets/ProjectAPlus/Sprites/Backgrounds/NightLibrary.png using Guid(73867fb8e3698844795cd7b392d808c7) Importer(-1,00000000000000000000000000000000) [PhysX] Initialized MultithreadedTaskDispatcher with 16 workers.
 -> (artifact id: '91669daabdc835946daa3506b5791999') in 0.006225 seconds
Refreshing native plugins compatible for Editor in 0.00 ms, found 0 plugins.
Preloading 0 native plugins for Editor in 0.00 ms.
Asset Pipeline Refresh (id=2add8bc1cd5055a4e969ddfcf46efc0a): Total: 0.010 seconds - Initiated by StopAssetImportingV2(NoUpdateAssetOptions)
Start importing Assets/ProjectAPlus/Sprites/Backgrounds/FinalExamHall.png using Guid(f74de8dbc65fd164abc9b1a89ae66a70) Importer(-1,00000000000000000000000000000000) [PhysX] Initialized MultithreadedTaskDispatcher with 16 workers.
 -> (artifact id: 'b6aab5b94081d82ba9b556119541ca07') in 0.006287 seconds
Refreshing native plugins compatible for Editor in 0.00 ms, found 0 plugins.
Preloading 0 native plugins for Editor in 0.00 ms.
Asset Pipeline Refresh (id=9c58facd4b22bfb4e83969c4a6f5580d): Total: 0.010 seconds - Initiated by StopAssetImportingV2(NoUpdateAssetOptions)
Start importing Assets/ProjectAPlus/Sprites/Backgrounds/FinalExamHall.png using Guid(f74de8dbc65fd164abc9b1a89ae66a70) Importer(-1,00000000000000000000000000000000) [PhysX] Initialized MultithreadedTaskDispatcher with 16 workers.
 -> (artifact id: 'b6aab5b94081d82ba9b556119541ca07') in 0.009417 seconds
Refreshing native plugins compatible for Editor in 0.00 ms, found 0 plugins.
Preloading 0 native plugins for Editor in 0.00 ms.
Asset Pipeline Refresh (id=44a8a6854c4f5a64cb5d372c6b4da8b6): Total: 0.013 seconds - Initiated by StopAssetImportingV2(NoUpdateAssetOptions)
Start importing Assets/ProjectAPlus/Sprites/Backgrounds/CampusOutside.png using Guid(b8a023bf164c9ef44a69c8f7dc649c2e) Importer(-1,00000000000000000000000000000000) [PhysX] Initialized MultithreadedTaskDispatcher with 16 workers.
 -> (artifact id: 'f7e69bfe229e9873a63f9b4746fcd10f') in 0.006205 seconds
Refreshing native plugins compatible for Editor in 0.00 ms, found 0 plugins.
Preloading 0 native plugins for Editor in 0.00 ms.
Asset Pipeline Refresh (id=c01d3928cd05d8543854f3919e29eda8): Total: 0.010 seconds - Initiated by StopAssetImportingV2(NoUpdateAssetOptions)
Start importing Assets/ProjectAPlus/Sprites/Backgrounds/CampusOutside.png using Guid(b8a023bf164c9ef44a69c8f7dc649c2e) Importer(-1,00000000000000000000000000000000) [PhysX] Initialized MultithreadedTaskDispatcher with 16 workers.
 -> (artifact id: 'f7e69bfe229e9873a63f9b4746fcd10f') in 0.006292 seconds
Refreshing native plugins compatible for Editor in 0.00 ms, found 0 plugins.
Preloading 0 native plugins for Editor in 0.00 ms.
Asset Pipeline Refresh (id=25e2d1b2e0bbb5646b36aad350db5740): Total: 0.010 seconds - Initiated by StopAssetImportingV2(NoUpdateAssetOptions)
Asset Pipeline Refresh (id=dda4fb72489b02948b6b050464a5912e): Total: 0.002 seconds - Initiated by StopAssetImportingV2(NoUpdateAssetOptions)
Start importing Assets/ProjectAPlus/Prefabs/Player.prefab using Guid(359c532df87d817498bcc49268a56d2a) Importer(-1,00000000000000000000000000000000) [PhysX] Initialized MultithreadedTaskDispatcher with 16 workers.
[PhysX] Initialized MultithreadedTaskDispatcher with 16 workers.
 -> (artifact id: 'cb84c4cfbd1f8f5ca6f8bbe504efec7f') in 0.003604 seconds
Refreshing native plugins compatible for Editor in 0.00 ms, found 0 plugins.
Preloading 0 native plugins for Editor in 0.00 ms.
Asset Pipeline Refresh (id=434779f978e8d7a438dc0fc86e01c7a2): Total: 0.017 seconds - Initiated by StopAssetImportingV2(NoUpdateAssetOptions)
Start importing Assets/ProjectAPlus/Prefabs/Enemy.prefab using Guid(138a0a8eea1dae042a2826ab67cb31c6) Importer(-1,00000000000000000000000000000000) [PhysX] Initialized MultithreadedTaskDispatcher with 16 workers.
[PhysX] Initialized MultithreadedTaskDispatcher with 16 workers.
 -> (artifact id: '750128ced9dd0330328418610c6bbd5d') in 0.002768 seconds
Refreshing native plugins compatible for Editor in 0.00 ms, found 0 plugins.
Preloading 0 native plugins for Editor in 0.00 ms.
Asset Pipeline Refresh (id=3f83d07608bf23c43b0523a266dda589): Total: 0.015 seconds - Initiated by StopAssetImportingV2(NoUpdateAssetOptions)
Start importing Assets/ProjectAPlus/Data/StageCatalog.json using Guid(843bc7388c622064aabb4e1edaa9d62f) Importer(-1,00000000000000000000000000000000) [PhysX] Initialized MultithreadedTaskDispatcher with 16 workers.
 -> (artifact id: 'e23d4ea06810dac7beb97da7e9b160cd') in 0.001897 seconds
Refreshing native plugins compatible for Editor in 0.00 ms, found 0 plugins.
Preloading 0 native plugins for Editor in 0.00 ms.
Asset Pipeline Refresh (id=d63f3d9086614964fa4113a3c9120ae6): Total: 0.010 seconds - Initiated by StopAssetImportingV2(NoUpdateAssetOptions)
Asset Pipeline Refresh (id=99c3577d0ca033c4c829957a98f181ec): Total: 0.013 seconds - Initiated by RefreshV2(NoUpdateAssetOptions)
Project A+: all offline pixel assets and scenes generated.
UnityEngine.StackTraceUtility:ExtractStackTrace ()
UnityEngine.DebugLogHandler:LogFormat (UnityEngine.LogType,UnityEngine.Object,string,object[])
UnityEngine.Logger:Log (UnityEngine.LogType,object)
UnityEngine.Debug:Log (object)
ProjectAPlus.Editor.ProjectAPlusAssetGenerator:GenerateAllAssets () (at Assets/ProjectAPlus/Editor/ProjectAPlusAssetGenerator.cs:65)

(Filename: Assets/ProjectAPlus/Editor/ProjectAPlusAssetGenerator.cs Line: 65)

Batchmode quit successfully invoked - shutting down!
[PhysX] Initialized MultithreadedTaskDispatcher with 16 workers.
Input System module state changed to: ShutdownInProgress.
Input System polling thread exited.
Input System module state changed to: Shutdown.
[Licensing::IpcConnector] LicenseClient-ryu-notifications channel disconnected successfully.
[Licensing::IpcConnector] LicenseClient-ryu channel disconnected successfully.
Cleanup mono
abort_threads: Failed aborting id: 0000000000006644, mono_thread_manage will ignore it

abort_threads: Failed aborting id: 0000000000006644, mono_thread_manage will ignore it

debugger-agent: Unable to listen on 4628
[Performance] WinEditorMain                                                                                                  :        1 samples, Peak.   999 ms (1.0x), Avg.   999 ms, Total. 998.7 ms (13.5%)
[Performance] WinEditorMain.ConfigureCrashHandler                                                                            :        1 samples, Peak.  22.9 us (1.0x), Avg.  22.9 us, Total. 22.90 us (0.0%)
[Performance] WinEditorMain.CurlRequestInitialize                                                                            :        1 samples, Peak.   381 us (1.0x), Avg.   381 us, Total. 381.4 us (0.0%)
[Performance] WinEditorMain.SetupLogFile                                                                                     :        1 samples, Peak.   445 us (1.0x), Avg.   445 us, Total. 445.1 us (0.0%)
[Performance] WinEditorMain.RunNativeTestsIfRequiredAndExit                                                                  :        1 samples, Peak. 100.0 ns (1.0x), Avg. 100.0 ns, Total. 100.00 ns (0.0%)
[Performance] WinEditorMain.Licensing                                                                                        :        1 samples, Peak.   972 ms (1.0x), Avg.   972 ms, Total. 971.8 ms (13.1%)
[Performance] WinEditorMain.InitializeCrashHandler                                                                           :        1 samples, Peak.  23.7 ms (1.0x), Avg.  23.7 ms, Total. 23.67 ms (0.3%)
[Performance] WinEditorMain.CreateApplication                                                                                :        1 samples, Peak.   170 us (1.0x), Avg.   170 us, Total. 170.3 us (0.0%)
[Performance] Application.InitializeProject                                                                                  :        1 samples, Peak.  4.48 s (1.0x), Avg.  4.48 s, Total. 4.480 s (60.4%)
[Performance] Application.PackageManager.StartServer                                                                         :        1 samples, Peak.  2.85 ms (1.0x), Avg.  2.85 ms, Total. 2.851 ms (0.0%)
[Performance] Application.AcquireProjectLock                                                                                 :        1 samples, Peak.  4.90 ms (1.0x), Avg.  4.90 ms, Total. 4.903 ms (0.1%)
[Performance] Application.InitializeEngineNoGraphics                                                                         :        1 samples, Peak.  52.0 ms (1.0x), Avg.  52.0 ms, Total. 51.96 ms (0.7%)
[Performance] Application.PackageManager.Initialize                                                                          :        1 samples, Peak.   380 ms (1.0x), Avg.   380 ms, Total. 380.1 ms (5.1%)
[Performance] Connecting to Package Manager                                                                                  :       39 samples, Peak.  67.5 us (21.6x), Avg.  3.13 us, Total. 121.9 us (0.0%)
[Performance] Application.EngineGraphics.Initialize                                                                          :        1 samples, Peak.  20.2 ms (1.0x), Avg.  20.2 ms, Total. 20.15 ms (0.3%)
[Performance] Application.GI.Initialize                                                                                      :        1 samples, Peak.  2.49 ms (1.0x), Avg.  2.49 ms, Total. 2.492 ms (0.0%)
[Performance] Application.LoadAllDefaultResourcesFromEditor                                                                  :        1 samples, Peak.  1.81 ms (1.0x), Avg.  1.81 ms, Total. 1.808 ms (0.0%)
[Performance] Application.LoadMonoAssemblies                                                                                 :        1 samples, Peak.   586 ms (1.0x), Avg.   586 ms, Total. 586.1 ms (7.9%)
[Performance] RestoreManagedReferences                                                                                       :        2 samples, Peak.  46.6 ms (2.0x), Avg.  23.3 ms, Total. 46.65 ms (0.6%)
[Performance] InitializeOnLoad DrivenRectTransformUndo                                                                       :        2 samples, Peak.   439 us (1.1x), Avg.   415 us, Total. 830.0 us (0.0%)
[Performance] InitializeOnLoad SceneSearch                                                                                   :        2 samples, Peak.   157 us (1.2x), Avg.   136 us, Total. 271.7 us (0.0%)
[Performance] InitializeOnLoad CloudBuild                                                                                    :        2 samples, Peak.  5.30 us (1.1x), Avg.  4.75 us, Total. 9.500 us (0.0%)
[Performance] InitializeOnLoad NativeFormatImporterUtility                                                                   :        2 samples, Peak.  2.72 ms (1.1x), Avg.  2.49 ms, Total. 4.989 ms (0.1%)
[Performance] InitializeOnLoad SearchService                                                                                 :        2 samples, Peak.   478 us (1.6x), Avg.   291 us, Total. 582.8 us (0.0%)
[Performance] InitializeOnLoad SettingsService                                                                               :        2 samples, Peak.  19.5 us (1.5x), Avg.  13.2 us, Total. 26.50 us (0.0%)
[Performance] InitializeOnLoad WindowLayout                                                                                  :        2 samples, Peak.  1.29 ms (1.2x), Avg.  1.04 ms, Total. 2.085 ms (0.0%)
[Performance] InitializeOnLoad AssetStoreContext                                                                             :        2 samples, Peak.  31.8 ms (1.1x), Avg.  28.3 ms, Total. 56.57 ms (0.8%)
[Performance] InitializeOnLoad PoolManager                                                                                   :        2 samples, Peak.   931 us (1.3x), Avg.   744 us, Total. 1.487 ms (0.0%)
[Performance] InitializeOnLoad MixerEffectDefinitionReloader                                                                 :        2 samples, Peak.  2.46 ms (1.2x), Avg.  2.02 ms, Total. 4.040 ms (0.1%)
[Performance] InitializeOnLoad ProjectSearch                                                                                 :        2 samples, Peak.  79.4 us (1.3x), Avg.  63.1 us, Total. 126.2 us (0.0%)
[Performance] InitializeOnLoad UISystemProfilerRenderService                                                                 :        2 samples, Peak.  10.8 us (1.2x), Avg.  8.95 us, Total. 17.90 us (0.0%)
[Performance] InitializeOnLoad EditMode                                                                                      :        2 samples, Peak.   488 us (1.1x), Avg.   442 us, Total. 884.5 us (0.0%)
[Performance] InitializeOnLoad UnityConnect                                                                                  :        2 samples, Peak.  54.2 us (1.0x), Avg.  52.4 us, Total. 104.8 us (0.0%)
[Performance] InitializeOnLoad ManagedDebugger                                                                               :        2 samples, Peak.   833 us (1.2x), Avg.   715 us, Total. 1.431 ms (0.0%)
[Performance] InitializeOnLoad ShortcutIntegration                                                                           :        2 samples, Peak.  70.8 us (1.1x), Avg.  63.9 us, Total. 127.9 us (0.0%)
[Performance] InitializeOnLoad AddComponentWindow                                                                            :        2 samples, Peak.   124 us (1.1x), Avg.   110 us, Total. 219.6 us (0.0%)
[Performance] InitializeOnLoad ManagedDebuggerWindow                                                                         :        2 samples, Peak.   148 us (1.1x), Avg.   135 us, Total. 269.2 us (0.0%)
[Performance] InitializeOnLoad CacheServerWindow                                                                             :        2 samples, Peak.  13.7 us (1.3x), Avg.  10.3 us, Total. 20.50 us (0.0%)
[Performance] InitializeOnLoad PlayModeDownload                                                                              :        2 samples, Peak.  4.03 ms (1.9x), Avg.  2.12 ms, Total. 4.233 ms (0.1%)
[Performance] InitializeOnLoad MenuItems                                                                                     :        2 samples, Peak.  85.1 us (1.0x), Avg.  82.3 us, Total. 164.6 us (0.0%)
[Performance] InitializeOnLoad PrefabInstanceChangedListener                                                                 :        2 samples, Peak.   133 us (1.0x), Avg.   131 us, Total. 262.3 us (0.0%)
[Performance] InitializeOnLoad ObjectSelectorSearch                                                                          :        2 samples, Peak.  49.6 us (1.2x), Avg.  43.0 us, Total. 86.10 us (0.0%)
[Performance] InitializeOnLoad EditorMonitor                                                                                 :        2 samples, Peak.   711 us (1.3x), Avg.   551 us, Total. 1.101 ms (0.0%)
[Performance] InitializeOnLoad RetainedMode                                                                                  :        2 samples, Peak.  3.05 ms (1.2x), Avg.  2.54 ms, Total. 5.074 ms (0.1%)
[Performance] InitializeOnLoad EditorShaderLoader                                                                            :        2 samples, Peak.  1.16 ms (1.3x), Avg.   897 us, Total. 1.794 ms (0.0%)
[Performance] InitializeOnLoad EditorDelegateRegistration                                                                    :        2 samples, Peak.   906 us (1.4x), Avg.   655 us, Total. 1.310 ms (0.0%)
[Performance] InitializeOnLoad UIDocumentHierarchyWatcher                                                                    :        2 samples, Peak.   137 us (1.3x), Avg.   107 us, Total. 213.3 us (0.0%)
[Performance] InitializeOnLoad LiveReloadTrackerCreator                                                                      :        2 samples, Peak.   406 us (1.4x), Avg.   282 us, Total. 563.2 us (0.0%)
[Performance] InitializeOnLoad UxmlObjectEditorFactories                                                                     :        2 samples, Peak.   850 us (1.4x), Avg.   608 us, Total. 1.216 ms (0.0%)
[Performance] InitializeOnLoad UXMLEditorFactories                                                                           :        2 samples, Peak.  62.9 ms (1.1x), Avg.  58.1 ms, Total. 116.1 ms (1.6%)
[Performance] InitializeOnLoad PurchasingService                                                                             :        2 samples, Peak.  6.78 ms (1.0x), Avg.  6.57 ms, Total. 13.14 ms (0.2%)
[Performance] InitializeOnLoad CloudBuildPoller                                                                              :        2 samples, Peak.   121 us (1.1x), Avg.   110 us, Total. 219.6 us (0.0%)
[Performance] InitializeOnLoad EditorGameServicesAnalytics                                                                   :        2 samples, Peak.  2.65 ms (1.4x), Avg.  1.85 ms, Total. 3.699 ms (0.0%)
[Performance] InitializeOnLoad AnalyticsService                                                                              :        2 samples, Peak.   174 us (1.0x), Avg.   169 us, Total. 337.7 us (0.0%)
[Performance] InitializeOnLoad BuildService                                                                                  :        2 samples, Peak.   153 us (1.0x), Avg.   149 us, Total. 297.2 us (0.0%)
[Performance] InitializeOnLoad AdsService                                                                                    :        2 samples, Peak.   386 us (1.0x), Avg.   381 us, Total. 762.1 us (0.0%)
[Performance] InitializeOnLoad UDPService                                                                                    :        2 samples, Peak.   154 us (1.0x), Avg.   151 us, Total. 301.4 us (0.0%)
[Performance] InitializeOnLoad CrashService                                                                                  :        2 samples, Peak.   147 us (1.0x), Avg.   145 us, Total. 289.1 us (0.0%)
[Performance] InitializeOnLoad ServicesRepository                                                                            :        2 samples, Peak.  1.50 us (1.5x), Avg.  1000 ns, Total. 2.000 us (0.0%)
[Performance] InitializeOnLoad SearchWindow                                                                                  :        2 samples, Peak.   128 us (1.1x), Avg.   113 us, Total. 226.8 us (0.0%)
[Performance] InitializeOnLoad CustomIndexers                                                                                :        2 samples, Peak.  17.7 ms (1.0x), Avg.  17.2 ms, Total. 34.31 ms (0.5%)
[Performance] InitializeOnLoad SearchMonitor                                                                                 :        2 samples, Peak.  1.01 ms (1.1x), Avg.   887 us, Total. 1.774 ms (0.0%)
[Performance] InitializeOnLoad ParameterControllerEditor                                                                     :        2 samples, Peak.  15.7 us (1.0x), Avg.  15.5 us, Total. 31.10 us (0.0%)
[Performance] InitializeOnLoad LayerSettingsWindow                                                                           :        2 samples, Peak.  21.2 us (1.7x), Avg.  12.7 us, Total. 25.40 us (0.0%)
[Performance] InitializeOnLoad PackageManagerHookGUIDConverter.RegisterPackagesEventHandler                                  :        2 samples, Peak.   703 us (1.7x), Avg.   426 us, Total. 852.6 us (0.0%)
[Performance] InitializeOnLoad EditorDragAndDrop.RegisterEditorClient                                                        :        2 samples, Peak.   239 us (1.2x), Avg.   206 us, Total. 411.1 us (0.0%)
[Performance] InitializeOnLoad EditorEventCallbacks.InitializeFontAssetResourceChangeCallBacks                               :        2 samples, Peak.  1.48 ms (1.1x), Avg.  1.31 ms, Total. 2.626 ms (0.0%)
[Performance] InitializeOnLoad SceneTemplateService.Init                                                                     :        2 samples, Peak.  1.62 ms (1.1x), Avg.  1.44 ms, Total. 2.890 ms (0.0%)
[Performance] InitializeOnLoad DiagnosticSwitchesConsoleMessage.Init                                                         :        2 samples, Peak.  5.60 ms (1.7x), Avg.  3.30 ms, Total. 6.596 ms (0.1%)
[Performance] InitializeOnLoad PackageManagerWindow.EditorInitializedInSafeMode                                              :        2 samples, Peak.  23.3 ms (2.0x), Avg.  11.7 ms, Total. 23.42 ms (0.3%)
[Performance] InitializeOnLoad ToolShortcutContext.Init                                                                      :        2 samples, Peak.   136 us (1.0x), Avg.   132 us, Total. 263.2 us (0.0%)
[Performance] InitializeOnLoad MemoryProfilerCompilationGuard.InjectCompileGuard                                             :        2 samples, Peak.   158 us (1.0x), Avg.   151 us, Total. 301.6 us (0.0%)
[Performance] InitializeOnLoad AssetPostprocessingInternal.RefreshCustomDependencies                                         :        2 samples, Peak.  2.67 ms (1.3x), Avg.  2.06 ms, Total. 4.119 ms (0.1%)
[Performance] InitializeOnLoad SysrootManager.Initialize                                                                     :        2 samples, Peak.   510 us (1.2x), Avg.   440 us, Total. 880.2 us (0.0%)
[Performance] InitializeOnLoad ScopedRegistryAddedPopup.SubscribeToRegistriesAdded                                           :        2 samples, Peak.  7.46 ms (2.0x), Avg.  3.77 ms, Total. 7.547 ms (0.1%)
[Performance] InitializeOnLoad SceneVisibilityManager.Initialize                                                             :        2 samples, Peak.  4.45 ms (1.7x), Avg.  2.64 ms, Total. 5.271 ms (0.1%)
[Performance] InitializeOnLoad EditorWindow.Initialize                                                                       :        2 samples, Peak.   238 us (1.1x), Avg.   222 us, Total. 443.1 us (0.0%)
[Performance] AssemblyReloadEvents.afterAssemblyReload: UnityEditor.SceneTemplate.SceneTemplateService.AfterAssemblyReload   :        2 samples, Peak.  4.39 ms (1.9x), Avg.  2.33 ms, Total. 4.656 ms (0.1%)
[Performance] ProcessService.EditorAfterLoadAllAssemblies                                                                    :        2 samples, Peak.   405 us (1.3x), Avg.   314 us, Total. 627.6 us (0.0%)
[Performance] Application.ReadLicenseInfo                                                                                    :        1 samples, Peak.  13.9 ms (1.0x), Avg.  13.9 ms, Total. 13.93 ms (0.2%)
[Performance] Application.InitialRefresh                                                                                     :        1 samples, Peak.  2.97 s (1.0x), Avg.  2.97 s, Total. 2.972 s (40.1%)
[Performance] ShaderImporter.SourceAssetModified                                                                             :       21 samples, Peak.  1.00 us (1.7x), Avg.   600 ns, Total. 12.60 us (0.0%)
[Performance] ShaderIncludeImporter.SourceAssetModified                                                                      :       21 samples, Peak.  1.30 us (2.1x), Avg.   633 ns, Total. 13.30 us (0.0%)
[Performance] Compiling Scripts                                                                                              :        1 samples, Peak.  1.93 s (1.0x), Avg.  1.93 s, Total. 1.932 s (26.0%)
[Performance] AssemblyReloadEvents.beforeAssemblyReload: UnityEditor.SceneTemplate.SceneTemplateService.BeforeAssemblyReload :        1 samples, Peak.   444 us (1.0x), Avg.   444 us, Total. 444.1 us (0.0%)
[Performance] PresetManagerPostProcessor.OnPreprocessAsset                                                                   :      100 samples, Peak.  1.30 ms (54.5x), Avg.  23.8 us, Total. 2.379 ms (0.0%)
[Performance] CancelSplashScreenOnAssetChange.OnPreprocessAsset                                                              :      100 samples, Peak.   133 us (42.4x), Avg.  3.14 us, Total. 313.9 us (0.0%)
[Performance] InitializeOnLoad ProjectAPlusAssetGenerator                                                                    :        1 samples, Peak.   369 us (1.0x), Avg.   369 us, Total. 368.7 us (0.0%)
[Performance] InitializeOnLoad PrefabLayoutRebuilder                                                                         :        1 samples, Peak.   227 us (1.0x), Avg.   227 us, Total. 226.7 us (0.0%)
[Performance] DidReloadScriptsAdvancedDropdownWindow.OnScriptReload                                                          :        1 samples, Peak.   208 us (1.0x), Avg.   208 us, Total. 208.1 us (0.0%)
[Performance] AssetDatabase.ImportAssets                                                                                     :      100 samples, Peak.  3.10 us (6.2x), Avg.   497 ns, Total. 49.70 us (0.0%)
[Performance] VersionControl.Task.Wait                                                                                       :        1 samples, Peak.  14.5 us (1.0x), Avg.  14.5 us, Total. 14.50 us (0.0%)
[Performance] BuilderAssetPostprocessor.OnPostprocessAllAssets                                                               :      200 samples, Peak.  4.45 ms (62.1x), Avg.  71.6 us, Total. 14.32 ms (0.2%)
[Performance] ArtifactBrowserPostProcessor.OnPostprocessAllAssets                                                            :      200 samples, Peak.   735 us (71.0x), Avg.  10.3 us, Total. 2.068 ms (0.0%)
[Performance] AssetEvents.OnPostprocessAllAssets                                                                             :      400 samples, Peak.   200 us (56.6x), Avg.  3.53 us, Total. 1.411 ms (0.0%)
[Performance] AudioMixerPostprocessor.OnPostprocessAllAssets                                                                 :      200 samples, Peak.   441 us (68.2x), Avg.  6.46 us, Total. 1.292 ms (0.0%)
[Performance] StyleCatalogPostProcessor.OnPostprocessAllAssets                                                               :      200 samples, Peak.  21.0 ms (96.6x), Avg.   217 us, Total. 43.44 ms (0.6%)
[Performance] BuildCatalog                                                                                                   :        1 samples, Peak.  19.4 ms (1.0x), Avg.  19.4 ms, Total. 19.40 ms (0.3%)
[Performance] ModelImporterPostProcessor.OnPostprocessAllAssets                                                              :      200 samples, Peak.  1.37 ms (53.0x), Avg.  25.8 us, Total. 5.163 ms (0.1%)
[Performance] RetainedModeAssetPostprocessor.OnPostprocessAllAssets                                                          :      200 samples, Peak.  2.88 ms (75.7x), Avg.  38.1 us, Total. 7.615 ms (0.1%)
[Performance] AssetChangedListener.OnPostprocessAllAssets                                                                    :      200 samples, Peak.  2.04 ms (52.1x), Avg.  39.2 us, Total. 7.831 ms (0.1%)
[Performance] SpeedTreePostProcessor.OnPostprocessAllAssets                                                                  :      200 samples, Peak.   223 us (21.1x), Avg.  10.6 us, Total. 2.121 ms (0.0%)
[Performance] TextAssetPostProcessor.OnPostprocessAllAssets                                                                  :      200 samples, Peak.  2.16 ms (61.9x), Avg.  34.9 us, Total. 6.971 ms (0.1%)
[Performance] SyncVS.PostprocessSyncProject                                                                                  :      100 samples, Peak.  1.83 ms (43.2x), Avg.  42.4 us, Total. 4.240 ms (0.1%)
[Performance] Application.ImportPackagesAndSetTemplateWhenCreatingProject                                                    :        1 samples, Peak.  16.6 ms (1.0x), Avg.  16.6 ms, Total. 16.56 ms (0.2%)
[Performance] Application.SyncCurrentColorSpace                                                                              :        1 samples, Peak.  6.56 ms (1.0x), Avg.  6.56 ms, Total. 6.557 ms (0.1%)
[Performance] Application.OnUsbDevicesChanged                                                                                :        1 samples, Peak.  4.27 ms (1.0x), Avg.  4.27 ms, Total. 4.266 ms (0.1%)
[Performance] Application.AssetInstanceCacheUpdate                                                                           :        1 samples, Peak.   400 ns (1.0x), Avg.   400 ns, Total. 400.0 ns (0.0%)
[Performance] Application.UnityExtensions.Initialize                                                                         :        1 samples, Peak.   529 us (1.0x), Avg.   529 us, Total. 528.6 us (0.0%)
[Performance] CodeEditorProjectSync.SyncEditorProject                                                                        :        1 samples, Peak.   107 us (1.0x), Avg.   107 us, Total. 106.9 us (0.0%)
[Performance] Application.ExecuteStartups                                                                                    :        1 samples, Peak.  45.0 ms (1.0x), Avg.  45.0 ms, Total. 45.03 ms (0.6%)
[Performance] Menu.RegisterMenuInterface                                                                                     :       26 samples, Peak.   700 ns (4.4x), Avg.   158 ns, Total. 4.100 us (0.0%)
[Performance] Gizmo.RebuildRenderers                                                                                         :        1 samples, Peak.  44.6 ms (1.0x), Avg.  44.6 ms, Total. 44.56 ms (0.6%)
[Performance] Gizmo.AddGizmoRenderers                                                                                        :       22 samples, Peak.  1.93 ms (14.7x), Avg.   132 us, Total. 2.894 ms (0.0%)
[Performance] Application.editorInitializingProject                                                                          :        1 samples, Peak.   100 ms (1.0x), Avg.   100 ms, Total. 100.3 ms (1.4%)
[Performance] Application.InitializeMenu                                                                                     :        1 samples, Peak.  68.7 ms (1.0x), Avg.  68.7 ms, Total. 68.69 ms (0.9%)
[Performance] Menu.RebuildAll                                                                                                :        1 samples, Peak.  68.7 ms (1.0x), Avg.  68.7 ms, Total. 68.67 ms (0.9%)
[Performance] Menu.BuildRegisteredMenuInterfaces                                                                             :        1 samples, Peak.  66.0 ms (1.0x), Avg.  66.0 ms, Total. 65.96 ms (0.9%)
[Performance] Menu.FilterMenuItem                                                                                            :      466 samples, Peak.  15.8 ms (459.4x), Avg.  34.3 us, Total. 15.99 ms (0.2%)
[Performance] UpdateAllMenus                                                                                                 :        1 samples, Peak.   726 us (1.0x), Avg.   726 us, Total. 725.9 us (0.0%)
[Performance] Menu.RebuildOSMainMenu                                                                                         :        2 samples, Peak.  1.70 ms (1.0x), Avg.  1.64 ms, Total. 3.284 ms (0.0%)
[Performance] EditorSceneManager.sceneClosing: UnityEditor.SceneVisibilityManager.EditorSceneManagerOnSceneClosing           :        1 samples, Peak.   384 us (1.0x), Avg.   384 us, Total. 383.8 us (0.0%)
[Performance] GUIView.RepaintAll.PlayerLoopController                                                                        :        1 samples, Peak.  3.00 us (1.0x), Avg.  3.00 us, Total. 3.000 us (0.0%)
[Performance] EditorSceneManager.newSceneCreated: UnityEditor.SceneTemplate.SceneTemplateService.OnNewSceneCreated           :        1 samples, Peak.   283 us (1.0x), Avg.   283 us, Total. 283.4 us (0.0%)
[Performance] EditorSceneManager.newSceneCreated: UnityEditor.SceneVisibilityManager.EditorSceneManagerOnNewSceneCreated     :        1 samples, Peak.   215 us (1.0x), Avg.   215 us, Total. 214.5 us (0.0%)
[Performance] EditorSceneManager.newSceneCreated: UnityEditor.SceneManagement.StageNavigationManager.OnNewSceneCreated       :        1 samples, Peak.  57.4 us (1.0x), Avg.  57.4 us, Total. 57.40 us (0.0%)
[Performance] Application.InvokeFinishedLoadingProject                                                                       :        1 samples, Peak.   826 us (1.0x), Avg.   826 us, Total. 825.6 us (0.0%)
[Performance] ProcessService.OnProjectLoaded                                                                                 :        1 samples, Peak.  46.9 us (1.0x), Avg.  46.9 us, Total. 46.90 us (0.0%)
[Performance] AssetDatabase.ImportAsset                                                                                      :       97 samples, Peak.  49.5 ms (6.1x), Avg.  8.13 ms, Total. 788.4 ms (10.6%)
[Performance] TextureImporter.Import                                                                                         :       96 samples, Peak.  6.46 ms (4.5x), Avg.  1.43 ms, Total. 137.4 ms (1.9%)
[Performance] EditorApplication.projectChanged: UnityEditor.Audio.MixerEffectDefinitionReloader.OnProjectChanged             :       17 samples, Peak.   598 us (1.7x), Avg.   361 us, Total. 6.135 ms (0.1%)
[Performance] BuilderAssetModificationProcessor.OnWillSaveAssets                                                             :        5 samples, Peak.  1.44 ms (4.9x), Avg.   292 us, Total. 1.462 ms (0.0%)
[Performance] TerrainModificationProcessor.OnWillSaveAssets                                                                  :        5 samples, Peak.   596 us (4.9x), Avg.   121 us, Total. 602.8 us (0.0%)
[Performance] AssetDatabase.Refresh                                                                                          :        1 samples, Peak.  12.9 ms (1.0x), Avg.  12.9 ms, Total. 12.87 ms (0.2%)
[Performance] EditorApplication.quitting: callback in UnityEditor.TextCore.Text.EditorEventCallbacks                         :        1 samples, Peak.  3.60 ms (1.0x), Avg.  3.60 ms, Total. 3.599 ms (0.0%)
[Performance] Application.Shutdown.PauseProfilerSession                                                                      :        1 samples, Peak.  43.6 us (1.0x), Avg.  43.6 us, Total. 43.60 us (0.0%)
[Performance] Application.Shutdown.PauseAssetImportWorkers                                                                   :        1 samples, Peak.  85.3 us (1.0x), Avg.  85.3 us, Total. 85.30 us (0.0%)
[Performance] Application.Shutdown.SaveAssets                                                                                :        1 samples, Peak.   451 us (1.0x), Avg.   451 us, Total. 450.7 us (0.0%)
[Performance] Application.Shutdown.CleanupRenderPipeline                                                                     :        1 samples, Peak.  2.30 us (1.0x), Avg.  2.30 us, Total. 2.300 us (0.0%)
[Performance] Application.Shutdown.StopPreloadManager                                                                        :        1 samples, Peak.  9.98 ms (1.0x), Avg.  9.98 ms, Total. 9.980 ms (0.1%)
[Performance] Application.Shutdown.DestroyWorld                                                                              :        1 samples, Peak.   404 us (1.0x), Avg.   404 us, Total. 404.1 us (0.0%)
[Performance] Application.Shutdown.CleanupAfterLoad                                                                          :        1 samples, Peak.  2.15 ms (1.0x), Avg.  2.15 ms, Total. 2.153 ms (0.0%)
[Performance] Application.Shutdown.Progress                                                                                  :        1 samples, Peak.  10.3 us (1.0x), Avg.  10.3 us, Total. 10.30 us (0.0%)
[Performance] Application.Shutdown.GICleanupManagers                                                                         :        1 samples, Peak.   410 us (1.0x), Avg.   410 us, Total. 410.0 us (0.0%)
[Performance] Application.Shutdown.MenuCleanupClass                                                                          :        1 samples, Peak.   105 us (1.0x), Avg.   105 us, Total. 104.6 us (0.0%)
[Performance] Application.Shutdown.ADBSaveStateBeforeShutdown                                                                :        1 samples, Peak.  5.80 us (1.0x), Avg.  5.80 us, Total. 5.800 us (0.0%)
[Performance] Application.Shutdown.RemoteShutdown                                                                            :        1 samples, Peak.   600 ns (1.0x), Avg.   600 ns, Total. 600.0 ns (0.0%)
[Performance] Application.Shutdown.CleanupVCProvider                                                                         :        1 samples, Peak.  9.10 us (1.0x), Avg.  9.10 us, Total. 9.100 us (0.0%)
[Performance] Application.Shutdown.InputShutdown                                                                             :        1 samples, Peak.  3.20 us (1.0x), Avg.  3.20 us, Total. 3.200 us (0.0%)
[Performance] Application.Shutdown.GizmoManagerDestroy                                                                       :        1 samples, Peak.   888 us (1.0x), Avg.   888 us, Total. 888.2 us (0.0%)
[Performance] Application.Shutdown.ProfilerSession                                                                           :        1 samples, Peak.   160 us (1.0x), Avg.   160 us, Total. 159.9 us (0.0%)
[Performance] Application.Shutdown.ReleaseGfxWindowOnAllGUIViews                                                             :        1 samples, Peak.   500 ns (1.0x), Avg.   500 ns, Total. 500.0 ns (0.0%)
[Performance] Application.Shutdown.CleanupEngine                                                                             :        1 samples, Peak.   141 ms (1.0x), Avg.   141 ms, Total. 141.0 ms (1.9%)
[Performance] Application.Shutdown.CleanupAssetDatabase                                                                      :        1 samples, Peak.  2.51 ms (1.0x), Avg.  2.51 ms, Total. 2.509 ms (0.0%)
[Performance] Application.Shutdown.ScriptCompilationCleanUp                                                                  :        1 samples, Peak.  11.1 ms (1.0x), Avg.  11.1 ms, Total. 11.13 ms (0.2%)
[Performance] Application.Shutdown.DestroyJobSystem                                                                          :        1 samples, Peak.  99.1 us (1.0x), Avg.  99.1 us, Total. 99.10 us (0.0%)
[Performance] Application.Shutdown.CleanupPersistentManager                                                                  :        1 samples, Peak.   682 us (1.0x), Avg.   682 us, Total. 682.5 us (0.0%)
[Performance] Application.Shutdown.CleanupAsyncReadManager                                                                   :        1 samples, Peak.   176 us (1.0x), Avg.   176 us, Total. 176.0 us (0.0%)
[Performance] Application.Shutdown.CleanupProgressBar                                                                        :        1 samples, Peak.   300 ns (1.0x), Avg.   300 ns, Total. 300.0 ns (0.0%)
[Performance] Application.Shutdown.CleanupMono                                                                               :        1 samples, Peak.  33.2 ms (1.0x), Avg.  33.2 ms, Total. 33.19 ms (0.4%)
[Performance] Application.Shutdown.CleanupStdConverters                                                                      :        1 samples, Peak.  7.90 us (1.0x), Avg.  7.90 us, Total. 7.900 us (0.0%)
[Performance] Application.Shutdown.UnloadAllPlatformSupportModuleNativeDlls                                                  :        1 samples, Peak.   400 ns (1.0x), Avg.   400 ns, Total. 400.0 ns (0.0%)
[Performance] Application.Shutdown.UnloadAllPlatformSupportNativeLibraries                                                   :        1 samples, Peak. 0.0 (-nan(ind)x), Avg. 0.0, Total. 0.0 (0.0%)
[Performance] Application.Shutdown.CleanupAutoDocumentation                                                                  :        1 samples, Peak.   355 us (1.0x), Avg.   355 us, Total. 355.5 us (0.0%)
[Performance] Application.Shutdown.ShaderNameManagerDestroy                                                                  :        1 samples, Peak.  47.3 us (1.0x), Avg.  47.3 us, Total. 47.30 us (0.0%)
[Performance] Application.Shutdown.CleanupCacheServer                                                                        :        1 samples, Peak. 0.0 (-nan(ind)x), Avg. 0.0, Total. 0.0 (0.0%)
[Performance] Application.Shutdown.Virtualization_Shutdown                                                                   :        1 samples, Peak.   400 ns (1.0x), Avg.   400 ns, Total. 400.0 ns (0.0%)
[Performance] Application.Shutdown.DevConnections                                                                            :        1 samples, Peak.  74.0 us (1.0x), Avg.  74.0 us, Total. 74.00 us (0.0%)
Exiting batchmode successfully now!
Exiting without the bug reporter. Application will terminate with return code 0