[Licensing::Module] Trying to connect to existing licensing client channel...
[Licensing::IpcConnector] Successfully connected to: "LicenseClient-ryu" at "2026-06-10T15:14:32.1093298Z"
[Licensing::Client] Code 10 while verifying Licensing Client signature (process Id: 6760, path: "C:/Program Files/Unity Hub/UnityLicensingClient_V1/Unity.Licensing.Client.exe")
[Licensing::Module] LicensingClient has failed validation; ignoring
[Licensing::Client] Handshaking with LicensingClient:
  Version:                 1.17.4+4293ba1
  Session Id:              5f392252f6c245638567390601d8a6a6
  Correlation Id:          a4ec32d7fa3ccb5e3ca9521351e72f06
  External correlation Id: 2537532187797587111
  Machine Id:              DmiLKw+t5DT3/hMBSqk+rgCMFBw=
[Licensing::Module] Successfully connected to LicensingClient on channel: "LicenseClient-ryu" (connect: 0.00s, validation: 0.01s, handshake: 0.05s)
[Licensing::IpcConnector] Successfully connected to: "LicenseClient-ryu-notifications" at "2026-06-10T15:14:32.173138Z"
[Licensing::Module] Error: Access token is unavailable; failed to update
[Licensing::Client] Successfully updated license
Built from '2022.3/respin/2022.3.62f2-4af31df585-v2' branch; Version is '2022.3.62f3 (96770f904ca7) revision 9860879'; Using compiler version '192829333'; Build Type 'Release'
OS: 'Windows 11  (10.0.26200) 64bit Professional' Language: 'ko' Physical Memory: 16300 MB
[Licensing::Client] Successfully resolved entitlement details
[Licensing::Module] Serial number assigned to: "14568691939415-UnityPersXXXX"
BatchMode: 1, IsHumanControllingUs: 0, StartBugReporterOnCrash: 0, Is64bit: 1, IsPro: 0
[Licensing::Client] Successfully resolved entitlement details

COMMAND LINE ARGUMENTS:
C:\Program Files\Unity\Hub\Editor\2022.3.62f3\Editor\Unity.exe
-batchmode
-nographics
-projectPath
C:\Users\ryu\Documents\Codex\2026-06-10\files-mentioned-by-the-user-3
-executeMethod
ProjectAPlus.Editor.ProjectAPlusAssetGenerator.BuildWindowsGame
-quit
-logFile
C:\Users\ryu\Documents\Codex\2026-06-10\files-mentioned-by-the-user-3\work\unity-windows-build-final.log
Successfully changed project path to: C:\Users\ryu\Documents\Codex\2026-06-10\files-mentioned-by-the-user-3
C:/Users/ryu/Documents/Codex/2026-06-10/files-mentioned-by-the-user-3
[UnityMemory] Configuration Parameters - Can be set up in boot.config
    "memorysetup-bucket-allocator-granularity=16"
    "memorysetup-bucket-allocator-bucket-count=8"
    "memorysetup-bucket-allocator-block-size=33554432"
    "memorysetup-bucket-allocator-block-count=8"
    "memorysetup-main-allocator-block-size=16777216"
    "memorysetup-thread-allocator-block-size=16777216"
    "memorysetup-gfx-main-allocator-block-size=16777216"
    "memorysetup-gfx-thread-allocator-block-size=16777216"
    "memorysetup-cache-allocator-block-size=4194304"
    "memorysetup-typetree-allocator-block-size=2097152"
    "memorysetup-profiler-bucket-allocator-granularity=16"
    "memorysetup-profiler-bucket-allocator-bucket-count=8"
    "memorysetup-profiler-bucket-allocator-block-size=33554432"
    "memorysetup-profiler-bucket-allocator-block-count=8"
    "memorysetup-profiler-allocator-block-size=16777216"
    "memorysetup-profiler-editor-allocator-block-size=1048576"
    "memorysetup-temp-allocator-size-main=16777216"
    "memorysetup-job-temp-allocator-block-size=2097152"
    "memorysetup-job-temp-allocator-block-size-background=1048576"
    "memorysetup-job-temp-allocator-reduction-small-platforms=262144"
    "memorysetup-allocator-temp-initial-block-size-main=262144"
    "memorysetup-allocator-temp-initial-block-size-worker=262144"
    "memorysetup-temp-allocator-size-background-worker=32768"
    "memorysetup-temp-allocator-size-job-worker=262144"
    "memorysetup-temp-allocator-size-preload-manager=33554432"
    "memorysetup-temp-allocator-size-nav-mesh-worker=65536"
    "memorysetup-temp-allocator-size-audio-worker=65536"
    "memorysetup-temp-allocator-size-cloud-worker=32768"
    "memorysetup-temp-allocator-size-gi-baking-worker=262144"
    "memorysetup-temp-allocator-size-gfx=262144"
Player connection [30236]  Target information:

Player connection [30236]  * "[IP] 192.168.45.15 [Port] 55504 [Flags] 2 [Guid] 3745870353 [EditorId] 3745870353 [Version] 1048832 [Id] WindowsEditor(7,DESKTOP-27JCNNG) [Debug] 1 [PackageName] WindowsEditor [ProjectName] Editor" 

Player connection [30236]  * "[IP] 10.121.44.238 [Port] 55504 [Flags] 2 [Guid] 3745870353 [EditorId] 3745870353 [Version] 1048832 [Id] WindowsEditor(7,DESKTOP-27JCNNG) [Debug] 1 [PackageName] WindowsEditor [ProjectName] Editor" 

Player connection [30236] Host joined multi-casting on [225.0.0.222:54997]...
Player connection [30236] Host joined alternative multi-casting on [225.0.0.222:34997]...
Input System module state changed to: Initialized.
[PhysX] Initialized MultithreadedTaskDispatcher with 16 workers.
[Package Manager] UpmClient::Connect -- Connected to IPC stream "Upm-29800" after 0.4 seconds.
[Package Manager] Restoring resolved packages state from cache
[Licensing::Client] Successfully resolved entitlement details
[Package Manager] Registered 7 packages:
  Built-in packages:
    com.unity.modules.audio@1.0.0 (location: C:\Users\ryu\Documents\Codex\2026-06-10\files-mentioned-by-the-user-3\Library\PackageCache\com.unity.modules.audio@1.0.0)
    com.unity.modules.imageconversion@1.0.0 (location: C:\Users\ryu\Documents\Codex\2026-06-10\files-mentioned-by-the-user-3\Library\PackageCache\com.unity.modules.imageconversion@1.0.0)
    com.unity.modules.jsonserialize@1.0.0 (location: C:\Users\ryu\Documents\Codex\2026-06-10\files-mentioned-by-the-user-3\Library\PackageCache\com.unity.modules.jsonserialize@1.0.0)
    com.unity.modules.physics2d@1.0.0 (location: C:\Users\ryu\Documents\Codex\2026-06-10\files-mentioned-by-the-user-3\Library\PackageCache\com.unity.modules.physics2d@1.0.0)
    com.unity.modules.ui@1.0.0 (location: C:\Users\ryu\Documents\Codex\2026-06-10\files-mentioned-by-the-user-3\Library\PackageCache\com.unity.modules.ui@1.0.0)
    com.unity.ugui@1.0.0 (location: C:\Users\ryu\Documents\Codex\2026-06-10\files-mentioned-by-the-user-3\Library\PackageCache\com.unity.ugui@1.0.0)
    com.unity.modules.imgui@1.0.0 (location: C:\Users\ryu\Documents\Codex\2026-06-10\files-mentioned-by-the-user-3\Library\PackageCache\com.unity.modules.imgui@1.0.0)
[Subsystems] No new subsystems found in resolved package list.
Package Manager log level set to [2]
[Package Manager] Done registering packages in 0.06 seconds
Refreshing native plugins compatible for Editor in 0.00 ms, found 0 plugins.
Preloading 0 native plugins for Editor in 0.00 ms.
Initialize engine version: 2022.3.62f3 (96770f904ca7)
[Subsystems] Discovering subsystems at path C:/Program Files/Unity/Hub/Editor/2022.3.62f3/Editor/Data/Resources/UnitySubsystems
[Subsystems] Discovering subsystems at path C:/Users/ryu/Documents/Codex/2026-06-10/files-mentioned-by-the-user-3/Assets
Forcing GfxDevice: Null
GfxDevice: creating device client; threaded=0; jobified=0
NullGfxDevice:
    Version:  NULL 1.0 [1.0]
    Renderer: Null Device
    Vendor:   Unity Technologies
[Licensing::Client] Successfully resolved entitlement details
Initialize mono
Mono path[0] = 'C:/Program Files/Unity/Hub/Editor/2022.3.62f3/Editor/Data/Managed'
Mono path[1] = 'C:/Program Files/Unity/Hub/Editor/2022.3.62f3/Editor/Data/MonoBleedingEdge/lib/mono/unityjit-win32'
Mono config path = 'C:/Program Files/Unity/Hub/Editor/2022.3.62f3/Editor/Data/MonoBleedingEdge/etc'
Using monoOptions --debugger-agent=transport=dt_socket,embedding=1,server=y,suspend=n,address=127.0.0.1:56800
Using cacheserver namespaces - metadata:defaultmetadata, artifacts:defaultartifacts
Using cacheserver namespaces - metadata:defaultmetadata, artifacts:defaultartifacts
ImportWorker Server TCP listen port: 0
Begin MonoManager ReloadAssembly
Registering precompiled unity dll's ...
Register platform support module: C:/Program Files/Unity/Hub/Editor/2022.3.62f3/Editor/Data/PlaybackEngines/WindowsStandaloneSupport/UnityEditor.WindowsStandalone.Extensions.dll
Registered in 0.011413 seconds.
- Loaded All Assemblies, in  0.362 seconds
Native extension for WindowsStandalone target not found
Mono: successfully reloaded assembly
- Finished resetting the current domain, in  0.278 seconds
Domain Reload Profiling: 636ms
	BeginReloadAssembly (111ms)
		ExecutionOrderSort (0ms)
		DisableScriptedObjects (0ms)
		BackupInstance (0ms)
		ReleaseScriptingObjects (0ms)
		CreateAndSetChildDomain (1ms)
	RebuildCommonClasses (35ms)
	RebuildNativeTypeToScriptingClass (11ms)
	initialDomainReloadingComplete (66ms)
	LoadAllAssembliesAndSetupDomain (136ms)
		LoadAssemblies (108ms)
		RebuildTransferFunctionScriptingTraits (0ms)
		AnalyzeDomain (133ms)
			TypeCache.Refresh (132ms)
				TypeCache.ScanAssembly (119ms)
			ScanForSourceGeneratedMonoScriptInfo (0ms)
			ResolveRequiredComponents (0ms)
	FinalizeReload (278ms)
		ReleaseScriptCaches (0ms)
		RebuildScriptCaches (0ms)
		SetupLoadedEditorAssemblies (224ms)
			LogAssemblyErrors (0ms)
			InitializePlatformSupportModulesInManaged (12ms)
			SetLoadedEditorAssemblies (8ms)
			RefreshPlugins (0ms)
			BeforeProcessingInitializeOnLoad (3ms)
			ProcessInitializeOnLoadAttributes (152ms)
			ProcessInitializeOnLoadMethodAttributes (49ms)
			AfterProcessingInitializeOnLoad (0ms)
			EditorAssembliesLoaded (0ms)
		ExecutionOrderSort2 (0ms)
		AwakeInstancesAfterBackupRestoration (0ms)
[Licensing::Client] Successfully resolved entitlement details
Application.AssetDatabase Initial Refresh Start
[ScriptCompilation] Requested script compilation because: Assetdatabase observed changes in script compilation related files
info: Microsoft.Hosting.Lifetime[14]
      Now listening on: http://localhost:80
info: Microsoft.Hosting.Lifetime[0]
      Application started. Press Ctrl+C to shut down.
info: Microsoft.Hosting.Lifetime[0]
      Hosting environment: Production
info: Microsoft.Hosting.Lifetime[0]
      Content root path: C:\Users\ryu\Documents\Codex\2026-06-10\files-mentioned-by-the-user-3\
info: Microsoft.AspNetCore.Hosting.Diagnostics[1]
      Request starting HTTP/2 POST http://ilpp/UnityILPP.PostProcessing/Ping application/grpc -
info: Microsoft.AspNetCore.Routing.EndpointMiddleware[0]
      Executing endpoint 'gRPC - /UnityILPP.PostProcessing/Ping'
info: Microsoft.AspNetCore.Routing.EndpointMiddleware[1]
      Executed endpoint 'gRPC - /UnityILPP.PostProcessing/Ping'
info: Microsoft.AspNetCore.Hosting.Diagnostics[2]
      Request finished HTTP/2 POST http://ilpp/UnityILPP.PostProcessing/Ping application/grpc - - 200 - application/grpc 40.1204ms
Starting: C:\Program Files\Unity\Hub\Editor\2022.3.62f3\Editor\Data\bee_backend.exe --ipc --defer-dag-verification --dagfile="Library/Bee/1900b0aE.dag" --continue-on-failure --profile="Library/Bee/backend1.traceevents" ScriptAssemblies
WorkingDir: C:/Users/ryu/Documents/Codex/2026-06-10/files-mentioned-by-the-user-3
DisplayProgressbar: Compiling Scripts
ExitCode: 0 Duration: 1s715ms
[115/121    1s] Csc Library/Bee/artifacts/1900b0aE.dag/ProjectAPlus.Runtime.dll (+2 others)
[119/121    0s] CopyFiles Library/ScriptAssemblies/ProjectAPlus.Runtime.pdb
[120/121    0s] CopyFiles Library/ScriptAssemblies/ProjectAPlus.Runtime.dll
*** Tundra build success (1.68 seconds), 3 items updated, 121 evaluated
AssetDatabase: script compilation time: 2.175569s
Begin MonoManager ReloadAssembly
Total cache size 2574824
Total cache size after purge 2574824
- Loaded All Assemblies, in  0.555 seconds
Refreshing native plugins compatible for Editor in 0.00 ms, found 0 plugins.
Preloading 0 native plugins for Editor in 0.00 ms.
Start importing Assets/ProjectAPlus/Scripts/Utility/RuntimeArt.cs using Guid(5e7f456110e7ff241bf4d6f92c469ecf) Importer(-1,00000000000000000000000000000000) [PhysX] Initialized MultithreadedTaskDispatcher with 16 workers.
 -> (artifact id: '13efc236190b97b543d25532618c3871') in 0.016918 seconds
Refreshing native plugins compatible for Editor in 0.00 ms, found 0 plugins.
Native extension for WindowsStandalone target not found
Mono: successfully reloaded assembly
- Finished resetting the current domain, in  0.329 seconds
Domain Reload Profiling: 881ms
	BeginReloadAssembly (174ms)
		ExecutionOrderSort (0ms)
		DisableScriptedObjects (5ms)
		BackupInstance (0ms)
		ReleaseScriptingObjects (0ms)
		CreateAndSetChildDomain (35ms)
	RebuildCommonClasses (38ms)
	RebuildNativeTypeToScriptingClass (10ms)
	initialDomainReloadingComplete (27ms)
	LoadAllAssembliesAndSetupDomain (304ms)
		LoadAssemblies (377ms)
		RebuildTransferFunctionScriptingTraits (0ms)
		AnalyzeDomain (14ms)
			TypeCache.Refresh (10ms)
				TypeCache.ScanAssembly (3ms)
			ScanForSourceGeneratedMonoScriptInfo (1ms)
			ResolveRequiredComponents (2ms)
	FinalizeReload (329ms)
		ReleaseScriptCaches (0ms)
		RebuildScriptCaches (0ms)
		SetupLoadedEditorAssemblies (222ms)
			LogAssemblyErrors (0ms)
			InitializePlatformSupportModulesInManaged (6ms)
			SetLoadedEditorAssemblies (6ms)
			RefreshPlugins (0ms)
			BeforeProcessingInitializeOnLoad (40ms)
			ProcessInitializeOnLoadAttributes (142ms)
			ProcessInitializeOnLoadMethodAttributes (17ms)
			AfterProcessingInitializeOnLoad (12ms)
			EditorAssembliesLoaded (0ms)
		ExecutionOrderSort2 (0ms)
		AwakeInstancesAfterBackupRestoration (8ms)
Refreshing native plugins compatible for Editor in 0.00 ms, found 0 plugins.
Preloading 0 native plugins for Editor in 0.00 ms.
Asset Pipeline Refresh (id=404d19ef6747dbf44ac0dead9d3f27f9): Total: 3.367 seconds - Initiated by InitialRefreshV2(ForceSynchronousImport)
	Summary:
		Imports: total=1 (actual=1, local cache=0, cache server=0)
		Asset DB Process Time: managed=3 ms, native=207 ms
		Asset DB Callback time: managed=50 ms, native=2 ms
		Scripting: domain reloads=1, domain reload time=912 ms, compile time=2178 ms, other=13 ms
		Project Asset Count: scripts=345, non-scripts=66
		Asset File Changes: new=0, changed=1, moved=0, deleted=0
		Scan Filter Count: 0
	InvokeBeforeRefreshCallbacks: 1.236ms
	ApplyChangesToAssetFolders: 0.028ms
	Scan: 49.368ms
	OnSourceAssetsModified: 2.712ms
	GetAllGuidsForCategorization: 0.085ms
	CategorizeAssets: 3.619ms
	ImportOutOfDateAssets: 352.683ms (-1848.538ms without children)
		ImportManagerImport: 21.723ms (4.603ms without children)
			ImportInProcess: 17.099ms
			UpdateCategorizedAssets: 0.021ms
		CompileScripts: 2177.709ms
		ReloadNativeAssets: 0.000ms
		UnloadImportedAssets: 1.298ms
		ReloadImportedAssets: 0.297ms
		EnsureUptoDateAssetsAreRegisteredWithGuidPM: 0.090ms
		InitializingProgressBar: 0.006ms
		PostProcessAllAssetNotificationsAddChangedAssets: 0.000ms
		OnDemandSchedulerStart: 0.097ms
	PostProcessAllAssets: 48.880ms
	Hotreload: 0.518ms
	GatherAllCurrentPrimaryArtifactRevisions: 0.000ms
	UnloadStreamsBegin: 0.468ms
	PersistCurrentRevisions: 0.052ms
	UnloadStreamsEnd: 0.002ms
	GenerateScriptTypeHashes: 0.021ms
	Untracked: 2907.779ms
Application.AssetDatabase Initial Refresh End
Scanning for USB devices : 4.376ms
Initializing Unity extensions:
[Licensing::Client] Successfully resolved entitlement details
[MODES] ModeService[none].Initialize
[MODES] ModeService[none].LoadModes
[MODES] Loading mode Default (0) for mode-current-id-Project A+
[PhysX] Initialized MultithreadedTaskDispatcher with 16 workers.
ProgressiveSceneManager::Cancel()
Unloading 3 Unused Serialized files (Serialized files now loaded: 0)
Unloading 14 unused Assets / (469.9 KB). Loaded Objects now: 752.
Memory consumption went from 79.0 MB to 78.5 MB.
Total: 2.400000 ms (FindLiveObjects: 0.056200 ms CreateObjectMapping: 0.010300 ms MarkObjects: 2.152400 ms  DeleteObjects: 0.180400 ms)

Start importing Assets/ProjectAPlus/Sprites/Player/idle_0.png using Guid(544020e1b7bcf52469bede7bbf7fda22) Importer(-1,00000000000000000000000000000000) [PhysX] Initialized MultithreadedTaskDispatcher with 16 workers.
 -> (artifact id: '80de4e5e0b69f6aa1633674b671e4798') in 0.011380 seconds
Refreshing native plugins compatible for Editor in 0.00 ms, found 0 plugins.
Preloading 0 native plugins for Editor in 0.00 ms.
Asset Pipeline Refresh (id=876a58a68ab9a9c4e93995ce74e8c593): Total: 0.023 seconds - Initiated by StopAssetImportingV2(NoUpdateAssetOptions)
Start importing Assets/ProjectAPlus/Sprites/Player/idle_0.png using Guid(544020e1b7bcf52469bede7bbf7fda22) Importer(-1,00000000000000000000000000000000) [PhysX] Initialized MultithreadedTaskDispatcher with 16 workers.
 -> (artifact id: '80de4e5e0b69f6aa1633674b671e4798') in 0.002523 seconds
Refreshing native plugins compatible for Editor in 0.00 ms, found 0 plugins.
Preloading 0 native plugins for Editor in 0.00 ms.
Asset Pipeline Refresh (id=b27a3e886e00ca24c8a8b1d67b800ee3): Total: 0.007 seconds - Initiated by StopAssetImportingV2(NoUpdateAssetOptions)
Start importing Assets/ProjectAPlus/Sprites/Player/idle_1.png using Guid(3e4f10e16e1b801409f89693a91917ba) Importer(-1,00000000000000000000000000000000) [PhysX] Initialized MultithreadedTaskDispatcher with 16 workers.
 -> (artifact id: 'd283d9642cced6553cf8404fa3aaee9c') in 0.002388 seconds
Refreshing native plugins compatible for Editor in 0.00 ms, found 0 plugins.
Preloading 0 native plugins for Editor in 0.00 ms.
Asset Pipeline Refresh (id=ef86cd64256120a41bd5a52294a1f511): Total: 0.009 seconds - Initiated by StopAssetImportingV2(NoUpdateAssetOptions)
Start importing Assets/ProjectAPlus/Sprites/Player/idle_1.png using Guid(3e4f10e16e1b801409f89693a91917ba) Importer(-1,00000000000000000000000000000000) [PhysX] Initialized MultithreadedTaskDispatcher with 16 workers.
 -> (artifact id: 'd283d9642cced6553cf8404fa3aaee9c') in 0.002624 seconds
Refreshing native plugins compatible for Editor in 0.00 ms, found 0 plugins.
Preloading 0 native plugins for Editor in 0.00 ms.
Asset Pipeline Refresh (id=7a423f037d204b148a42d39ff118c903): Total: 0.008 seconds - Initiated by StopAssetImportingV2(NoUpdateAssetOptions)
Start importing Assets/ProjectAPlus/Sprites/Player/jump.png using Guid(daaa2ac0266e09c42a9a72d5ce94a09c) Importer(-1,00000000000000000000000000000000) [PhysX] Initialized MultithreadedTaskDispatcher with 16 workers.
 -> (artifact id: 'a7f3028c639bf3dcb1711e05d2da056d') in 0.002534 seconds
Refreshing native plugins compatible for Editor in 0.00 ms, found 0 plugins.
Preloading 0 native plugins for Editor in 0.00 ms.
Asset Pipeline Refresh (id=3d9b54822b9ca664bb072ae863231a72): Total: 0.007 seconds - Initiated by StopAssetImportingV2(NoUpdateAssetOptions)
Start importing Assets/ProjectAPlus/Sprites/Player/jump.png using Guid(daaa2ac0266e09c42a9a72d5ce94a09c) Importer(-1,00000000000000000000000000000000) [PhysX] Initialized MultithreadedTaskDispatcher with 16 workers.
 -> (artifact id: 'a7f3028c639bf3dcb1711e05d2da056d') in 0.002562 seconds
Refreshing native plugins compatible for Editor in 0.00 ms, found 0 plugins.
Preloading 0 native plugins for Editor in 0.00 ms.
Asset Pipeline Refresh (id=8ddcbe906c2d3364daf547a825e8b573): Total: 0.007 seconds - Initiated by StopAssetImportingV2(NoUpdateAssetOptions)
Start importing Assets/ProjectAPlus/Sprites/Player/fall.png using Guid(834935eb141f2d949a1f676e096567ef) Importer(-1,00000000000000000000000000000000) [PhysX] Initialized MultithreadedTaskDispatcher with 16 workers.
 -> (artifact id: '1fdb33f30568ed234424d0835b13d409') in 0.002641 seconds
Refreshing native plugins compatible for Editor in 0.00 ms, found 0 plugins.
Preloading 0 native plugins for Editor in 0.00 ms.
Asset Pipeline Refresh (id=cf80f4a851b9d89468f2bf5ae2c37e93): Total: 0.007 seconds - Initiated by StopAssetImportingV2(NoUpdateAssetOptions)
Start importing Assets/ProjectAPlus/Sprites/Player/fall.png using Guid(834935eb141f2d949a1f676e096567ef) Importer(-1,00000000000000000000000000000000) [PhysX] Initialized MultithreadedTaskDispatcher with 16 workers.
 -> (artifact id: '1fdb33f30568ed234424d0835b13d409') in 0.002532 seconds
Refreshing native plugins compatible for Editor in 0.00 ms, found 0 plugins.
Preloading 0 native plugins for Editor in 0.00 ms.
Asset Pipeline Refresh (id=4a40bb2dfed9a1245a7dbb5ad30915e2): Total: 0.007 seconds - Initiated by StopAssetImportingV2(NoUpdateAssetOptions)
Start importing Assets/ProjectAPlus/Sprites/Player/damaged.png using Guid(89805c258d83b9d4f8d31e5125cd0c28) Importer(-1,00000000000000000000000000000000) [PhysX] Initialized MultithreadedTaskDispatcher with 16 workers.
 -> (artifact id: '18ea05cf5176aaf666fb1c4e2b650033') in 0.002599 seconds
Refreshing native plugins compatible for Editor in 0.00 ms, found 0 plugins.
Preloading 0 native plugins for Editor in 0.00 ms.
Asset Pipeline Refresh (id=966995a326b673540b3e6f130da62420): Total: 0.006 seconds - Initiated by StopAssetImportingV2(NoUpdateAssetOptions)
Start importing Assets/ProjectAPlus/Sprites/Player/damaged.png using Guid(89805c258d83b9d4f8d31e5125cd0c28) Importer(-1,00000000000000000000000000000000) [PhysX] Initialized MultithreadedTaskDispatcher with 16 workers.
 -> (artifact id: '18ea05cf5176aaf666fb1c4e2b650033') in 0.002611 seconds
Refreshing native plugins compatible for Editor in 0.00 ms, found 0 plugins.
Preloading 0 native plugins for Editor in 0.00 ms.
Asset Pipeline Refresh (id=e32ddb71f4d76a740b03ba9abf6717f9): Total: 0.007 seconds - Initiated by StopAssetImportingV2(NoUpdateAssetOptions)
Start importing Assets/ProjectAPlus/Sprites/Player/dead.png using Guid(31adc1ad260cdb245a7c23447cbb976d) Importer(-1,00000000000000000000000000000000) [PhysX] Initialized MultithreadedTaskDispatcher with 16 workers.
 -> (artifact id: '05bb821d7ccd6b5a75634781e4582c61') in 0.002472 seconds
Refreshing native plugins compatible for Editor in 0.00 ms, found 0 plugins.
Preloading 0 native plugins for Editor in 0.00 ms.
Asset Pipeline Refresh (id=3780a99b6a124fc47a7c6238021c8f92): Total: 0.006 seconds - Initiated by StopAssetImportingV2(NoUpdateAssetOptions)
Start importing Assets/ProjectAPlus/Sprites/Player/dead.png using Guid(31adc1ad260cdb245a7c23447cbb976d) Importer(-1,00000000000000000000000000000000) [PhysX] Initialized MultithreadedTaskDispatcher with 16 workers.
 -> (artifact id: '05bb821d7ccd6b5a75634781e4582c61') in 0.002778 seconds
Refreshing native plugins compatible for Editor in 0.00 ms, found 0 plugins.
Preloading 0 native plugins for Editor in 0.00 ms.
Asset Pipeline Refresh (id=2e2bd476d61864d43acb2cfdf8b7b8b1): Total: 0.007 seconds - Initiated by StopAssetImportingV2(NoUpdateAssetOptions)
Start importing Assets/ProjectAPlus/Sprites/Player/dodge_0.png using Guid(27bc2dcddc442764e99ca767b036935e) Importer(-1,00000000000000000000000000000000) [PhysX] Initialized MultithreadedTaskDispatcher with 16 workers.
 -> (artifact id: 'e2b0a0400c6e98e89943305018e66043') in 0.002680 seconds
Refreshing native plugins compatible for Editor in 0.00 ms, found 0 plugins.
Preloading 0 native plugins for Editor in 0.00 ms.
Asset Pipeline Refresh (id=f8b1b0e94b4578c4c9fc4d5d1765b568): Total: 0.007 seconds - Initiated by StopAssetImportingV2(NoUpdateAssetOptions)
Start importing Assets/ProjectAPlus/Sprites/Player/dodge_0.png using Guid(27bc2dcddc442764e99ca767b036935e) Importer(-1,00000000000000000000000000000000) [PhysX] Initialized MultithreadedTaskDispatcher with 16 workers.
 -> (artifact id: 'e2b0a0400c6e98e89943305018e66043') in 0.002412 seconds
Refreshing native plugins compatible for Editor in 0.00 ms, found 0 plugins.
Preloading 0 native plugins for Editor in 0.00 ms.
Asset Pipeline Refresh (id=e325fb82e9b6e724faf26abf9946d713): Total: 0.006 seconds - Initiated by StopAssetImportingV2(NoUpdateAssetOptions)
Start importing Assets/ProjectAPlus/Sprites/Player/dodge_1.png using Guid(82a0e2c99a468ce43ad56ba301713340) Importer(-1,00000000000000000000000000000000) [PhysX] Initialized MultithreadedTaskDispatcher with 16 workers.
 -> (artifact id: '22839ab296e0801fca2ebf55792cc367') in 0.002618 seconds
Refreshing native plugins compatible for Editor in 0.00 ms, found 0 plugins.
Preloading 0 native plugins for Editor in 0.00 ms.
Asset Pipeline Refresh (id=e948a17f9e5c4234091ee5ec282c0494): Total: 0.007 seconds - Initiated by StopAssetImportingV2(NoUpdateAssetOptions)
Start importing Assets/ProjectAPlus/Sprites/Player/dodge_1.png using Guid(82a0e2c99a468ce43ad56ba301713340) Importer(-1,00000000000000000000000000000000) [PhysX] Initialized MultithreadedTaskDispatcher with 16 workers.
 -> (artifact id: '22839ab296e0801fca2ebf55792cc367') in 0.002217 seconds
Refreshing native plugins compatible for Editor in 0.00 ms, found 0 plugins.
Preloading 0 native plugins for Editor in 0.00 ms.
Asset Pipeline Refresh (id=e8ac759086ee46144a3e5878982289aa): Total: 0.006 seconds - Initiated by StopAssetImportingV2(NoUpdateAssetOptions)
Start importing Assets/ProjectAPlus/Sprites/Player/run_0.png using Guid(5d21ed7aa57b4984eba55c8e534cc849) Importer(-1,00000000000000000000000000000000) [PhysX] Initialized MultithreadedTaskDispatcher with 16 workers.
 -> (artifact id: 'd4f49b99175a2974b5e999c359dde4d7') in 0.002562 seconds
Refreshing native plugins compatible for Editor in 0.00 ms, found 0 plugins.
Preloading 0 native plugins for Editor in 0.00 ms.
Asset Pipeline Refresh (id=1c41274fb27adf84280f94dfe611fc46): Total: 0.011 seconds - Initiated by StopAssetImportingV2(NoUpdateAssetOptions)
Start importing Assets/ProjectAPlus/Sprites/Player/run_0.png using Guid(5d21ed7aa57b4984eba55c8e534cc849) Importer(-1,00000000000000000000000000000000) [PhysX] Initialized MultithreadedTaskDispatcher with 16 workers.
 -> (artifact id: 'd4f49b99175a2974b5e999c359dde4d7') in 0.002337 seconds
Refreshing native plugins compatible for Editor in 0.00 ms, found 0 plugins.
Preloading 0 native plugins for Editor in 0.00 ms.
Asset Pipeline Refresh (id=fbc9479de3d2b20439955ad4c94a0d8e): Total: 0.006 seconds - Initiated by StopAssetImportingV2(NoUpdateAssetOptions)
Start importing Assets/ProjectAPlus/Sprites/Player/run_1.png using Guid(69751afafe76f5347a552a0ddded4e72) Importer(-1,00000000000000000000000000000000) [PhysX] Initialized MultithreadedTaskDispatcher with 16 workers.
 -> (artifact id: 'c59ef5340a92b88b55c4ec75af754f61') in 0.002457 seconds
Refreshing native plugins compatible for Editor in 0.00 ms, found 0 plugins.
Preloading 0 native plugins for Editor in 0.00 ms.
Asset Pipeline Refresh (id=10f1d9a602b96c944a8e6a5c35771a41): Total: 0.011 seconds - Initiated by StopAssetImportingV2(NoUpdateAssetOptions)
Start importing Assets/ProjectAPlus/Sprites/Player/run_1.png using Guid(69751afafe76f5347a552a0ddded4e72) Importer(-1,00000000000000000000000000000000) [PhysX] Initialized MultithreadedTaskDispatcher with 16 workers.
 -> (artifact id: 'c59ef5340a92b88b55c4ec75af754f61') in 0.002530 seconds
Refreshing native plugins compatible for Editor in 0.00 ms, found 0 plugins.
Preloading 0 native plugins for Editor in 0.00 ms.
Asset Pipeline Refresh (id=4122370f6919a9a40b9fd5ecbf969320): Total: 0.007 seconds - Initiated by StopAssetImportingV2(NoUpdateAssetOptions)
Start importing Assets/ProjectAPlus/Sprites/Player/run_2.png using Guid(3016f8ad7048afb48b66a8603c055a9f) Importer(-1,00000000000000000000000000000000) [PhysX] Initialized MultithreadedTaskDispatcher with 16 workers.
 -> (artifact id: 'a35a940f5261fc91705d6ebe2b17494e') in 0.002887 seconds
Refreshing native plugins compatible for Editor in 0.00 ms, found 0 plugins.
Preloading 0 native plugins for Editor in 0.00 ms.
Asset Pipeline Refresh (id=26fbbeded1e17a648afa50d89a3c3c32): Total: 0.007 seconds - Initiated by StopAssetImportingV2(NoUpdateAssetOptions)
Start importing Assets/ProjectAPlus/Sprites/Player/run_2.png using Guid(3016f8ad7048afb48b66a8603c055a9f) Importer(-1,00000000000000000000000000000000) [PhysX] Initialized MultithreadedTaskDispatcher with 16 workers.
 -> (artifact id: 'a35a940f5261fc91705d6ebe2b17494e') in 0.003012 seconds
Refreshing native plugins compatible for Editor in 0.00 ms, found 0 plugins.
Preloading 0 native plugins for Editor in 0.00 ms.
Asset Pipeline Refresh (id=11032b4529fac2d4497a7125aa4b2b28): Total: 0.007 seconds - Initiated by StopAssetImportingV2(NoUpdateAssetOptions)
Start importing Assets/ProjectAPlus/Sprites/Player/run_3.png using Guid(52c397a36f6fbbe469024c1da64b1efb) Importer(-1,00000000000000000000000000000000) [PhysX] Initialized MultithreadedTaskDispatcher with 16 workers.
 -> (artifact id: '17c7cdfda23af21df07cc6c47cb9fc80') in 0.002513 seconds
Refreshing native plugins compatible for Editor in 0.00 ms, found 0 plugins.
Preloading 0 native plugins for Editor in 0.00 ms.
Asset Pipeline Refresh (id=3cf587ca668ac5840a5b97e3efed7aa2): Total: 0.006 seconds - Initiated by StopAssetImportingV2(NoUpdateAssetOptions)
Start importing Assets/ProjectAPlus/Sprites/Player/run_3.png using Guid(52c397a36f6fbbe469024c1da64b1efb) Importer(-1,00000000000000000000000000000000) [PhysX] Initialized MultithreadedTaskDispatcher with 16 workers.
 -> (artifact id: '17c7cdfda23af21df07cc6c47cb9fc80') in 0.002732 seconds
Refreshing native plugins compatible for Editor in 0.00 ms, found 0 plugins.
Preloading 0 native plugins for Editor in 0.00 ms.
Asset Pipeline Refresh (id=f593b40dcceb709418f463ab66fe3715): Total: 0.007 seconds - Initiated by StopAssetImportingV2(NoUpdateAssetOptions)
Start importing Assets/ProjectAPlus/Sprites/Player/attack_0.png using Guid(9a23013f74a597a46b9329faea8e78c7) Importer(-1,00000000000000000000000000000000) [PhysX] Initialized MultithreadedTaskDispatcher with 16 workers.
 -> (artifact id: '1463bc439153036de1017ebdc92312ba') in 0.002888 seconds
Refreshing native plugins compatible for Editor in 0.00 ms, found 0 plugins.
Preloading 0 native plugins for Editor in 0.00 ms.
Asset Pipeline Refresh (id=a68bd6d1c96ce7c4fbf1452891ac5f6c): Total: 0.008 seconds - Initiated by StopAssetImportingV2(NoUpdateAssetOptions)
Start importing Assets/ProjectAPlus/Sprites/Player/attack_0.png using Guid(9a23013f74a597a46b9329faea8e78c7) Importer(-1,00000000000000000000000000000000) [PhysX] Initialized MultithreadedTaskDispatcher with 16 workers.
 -> (artifact id: '1463bc439153036de1017ebdc92312ba') in 0.002586 seconds
Refreshing native plugins compatible for Editor in 0.00 ms, found 0 plugins.
Preloading 0 native plugins for Editor in 0.00 ms.
Asset Pipeline Refresh (id=6b6f7b2da456589409b6235e66fb67d0): Total: 0.007 seconds - Initiated by StopAssetImportingV2(NoUpdateAssetOptions)
Start importing Assets/ProjectAPlus/Sprites/Player/attack_1.png using Guid(8347bfa3cd7454643b1f4aeb3999cd9c) Importer(-1,00000000000000000000000000000000) [PhysX] Initialized MultithreadedTaskDispatcher with 16 workers.
 -> (artifact id: 'eb2ecda005ac5916d812b8128fde7a9a') in 0.003007 seconds
Refreshing native plugins compatible for Editor in 0.00 ms, found 0 plugins.
Preloading 0 native plugins for Editor in 0.00 ms.
Asset Pipeline Refresh (id=c18a4e85ad83fe949b6032ddce70396e): Total: 0.007 seconds - Initiated by StopAssetImportingV2(NoUpdateAssetOptions)
Start importing Assets/ProjectAPlus/Sprites/Player/attack_1.png using Guid(8347bfa3cd7454643b1f4aeb3999cd9c) Importer(-1,00000000000000000000000000000000) [PhysX] Initialized MultithreadedTaskDispatcher with 16 workers.
 -> (artifact id: 'eb2ecda005ac5916d812b8128fde7a9a') in 0.002658 seconds
Refreshing native plugins compatible for Editor in 0.00 ms, found 0 plugins.
Preloading 0 native plugins for Editor in 0.00 ms.
Asset Pipeline Refresh (id=b24565cb6f0157c46bc569fdacbb9e8e): Total: 0.007 seconds - Initiated by StopAssetImportingV2(NoUpdateAssetOptions)
Start importing Assets/ProjectAPlus/Sprites/Player/attack_2.png using Guid(6b0828177da513a49801835f43375206) Importer(-1,00000000000000000000000000000000) [PhysX] Initialized MultithreadedTaskDispatcher with 16 workers.
 -> (artifact id: '63d9b47f7a7aa3e896617749f0f4f078') in 0.002626 seconds
Refreshing native plugins compatible for Editor in 0.00 ms, found 0 plugins.
Preloading 0 native plugins for Editor in 0.00 ms.
Asset Pipeline Refresh (id=2f201ae2ed27ac242a181ecf0560f749): Total: 0.007 seconds - Initiated by StopAssetImportingV2(NoUpdateAssetOptions)
Start importing Assets/ProjectAPlus/Sprites/Player/attack_2.png using Guid(6b0828177da513a49801835f43375206) Importer(-1,00000000000000000000000000000000) [PhysX] Initialized MultithreadedTaskDispatcher with 16 workers.
 -> (artifact id: '63d9b47f7a7aa3e896617749f0f4f078') in 0.002463 seconds
Refreshing native plugins compatible for Editor in 0.00 ms, found 0 plugins.
Preloading 0 native plugins for Editor in 0.00 ms.
Asset Pipeline Refresh (id=fb390ad4b058687478b141a8ec30ea49): Total: 0.007 seconds - Initiated by StopAssetImportingV2(NoUpdateAssetOptions)
Start importing Assets/ProjectAPlus/Sprites/Enemies/SleepSlime.png using Guid(46df90e4a94934a44a8350d9411fd4ee) Importer(-1,00000000000000000000000000000000) [PhysX] Initialized MultithreadedTaskDispatcher with 16 workers.
 -> (artifact id: 'b3f69c24da350a45cebb6a4752f9c06e') in 0.002536 seconds
Refreshing native plugins compatible for Editor in 0.00 ms, found 0 plugins.
Preloading 0 native plugins for Editor in 0.00 ms.
Asset Pipeline Refresh (id=4545cc16eb9039140b0b5cd4da1986c0): Total: 0.007 seconds - Initiated by StopAssetImportingV2(NoUpdateAssetOptions)
Start importing Assets/ProjectAPlus/Sprites/Enemies/SleepSlime.png using Guid(46df90e4a94934a44a8350d9411fd4ee) Importer(-1,00000000000000000000000000000000) [PhysX] Initialized MultithreadedTaskDispatcher with 16 workers.
 -> (artifact id: 'b3f69c24da350a45cebb6a4752f9c06e') in 0.002466 seconds
Refreshing native plugins compatible for Editor in 0.00 ms, found 0 plugins.
Preloading 0 native plugins for Editor in 0.00 ms.
Asset Pipeline Refresh (id=df32d7d1fafef78479de9d3608606f04): Total: 0.006 seconds - Initiated by StopAssetImportingV2(NoUpdateAssetOptions)
Start importing Assets/ProjectAPlus/Sprites/Enemies/PhoneTemptation.png using Guid(ff2b1c8eef0ba334bbd761055bc8a57c) Importer(-1,00000000000000000000000000000000) [PhysX] Initialized MultithreadedTaskDispatcher with 16 workers.
 -> (artifact id: '7b323de7ecd53314b9c179fa18d685d6') in 0.003218 seconds
Refreshing native plugins compatible for Editor in 0.00 ms, found 0 plugins.
Preloading 0 native plugins for Editor in 0.00 ms.
Asset Pipeline Refresh (id=987ea85dc6644034384c046ab95d9ee2): Total: 0.008 seconds - Initiated by StopAssetImportingV2(NoUpdateAssetOptions)
Start importing Assets/ProjectAPlus/Sprites/Enemies/PhoneTemptation.png using Guid(ff2b1c8eef0ba334bbd761055bc8a57c) Importer(-1,00000000000000000000000000000000) [PhysX] Initialized MultithreadedTaskDispatcher with 16 workers.
 -> (artifact id: '7b323de7ecd53314b9c179fa18d685d6') in 0.002383 seconds
Refreshing native plugins compatible for Editor in 0.00 ms, found 0 plugins.
Preloading 0 native plugins for Editor in 0.00 ms.
Asset Pipeline Refresh (id=12d37d6509f486448889fc6d0de735ac): Total: 0.007 seconds - Initiated by StopAssetImportingV2(NoUpdateAssetOptions)
Start importing Assets/ProjectAPlus/Sprites/Enemies/AssignmentMonster.png using Guid(f49566478b2638046ae58bc21a5d9db9) Importer(-1,00000000000000000000000000000000) [PhysX] Initialized MultithreadedTaskDispatcher with 16 workers.
 -> (artifact id: '275845fc5daba4030d1b82b0c8a9aadb') in 0.002866 seconds
Refreshing native plugins compatible for Editor in 0.00 ms, found 0 plugins.
Preloading 0 native plugins for Editor in 0.00 ms.
Asset Pipeline Refresh (id=68035b569dda7cc4bacdcd85610b883d): Total: 0.008 seconds - Initiated by StopAssetImportingV2(NoUpdateAssetOptions)
Start importing Assets/ProjectAPlus/Sprites/Enemies/AssignmentMonster.png using Guid(f49566478b2638046ae58bc21a5d9db9) Importer(-1,00000000000000000000000000000000) [PhysX] Initialized MultithreadedTaskDispatcher with 16 workers.
 -> (artifact id: '275845fc5daba4030d1b82b0c8a9aadb') in 0.002696 seconds
Refreshing native plugins compatible for Editor in 0.00 ms, found 0 plugins.
Preloading 0 native plugins for Editor in 0.00 ms.
Asset Pipeline Refresh (id=3d6921ec728208b45a54c6711db913f0): Total: 0.007 seconds - Initiated by StopAssetImportingV2(NoUpdateAssetOptions)
Start importing Assets/ProjectAPlus/Sprites/Enemies/TeamProjectMonster.png using Guid(913da663fe74bcc4c90c651376a7148b) Importer(-1,00000000000000000000000000000000) [PhysX] Initialized MultithreadedTaskDispatcher with 16 workers.
 -> (artifact id: '3e0d5d00e9677d2683c78c0fd804c42f') in 0.002842 seconds
Refreshing native plugins compatible for Editor in 0.00 ms, found 0 plugins.
Preloading 0 native plugins for Editor in 0.00 ms.
Asset Pipeline Refresh (id=4327a8eeaf6191d44b777ca5a686915f): Total: 0.012 seconds - Initiated by StopAssetImportingV2(NoUpdateAssetOptions)
Start importing Assets/ProjectAPlus/Sprites/Enemies/TeamProjectMonster.png using Guid(913da663fe74bcc4c90c651376a7148b) Importer(-1,00000000000000000000000000000000) [PhysX] Initialized MultithreadedTaskDispatcher with 16 workers.
 -> (artifact id: '3e0d5d00e9677d2683c78c0fd804c42f') in 0.002762 seconds
Refreshing native plugins compatible for Editor in 0.00 ms, found 0 plugins.
Preloading 0 native plugins for Editor in 0.00 ms.
Asset Pipeline Refresh (id=7e8aa837d9ca78d489c5e568fa7ce603): Total: 0.008 seconds - Initiated by StopAssetImportingV2(NoUpdateAssetOptions)
Start importing Assets/ProjectAPlus/Sprites/Enemies/PresentationLaserMonster.png using Guid(f676e5cdd7be9434fac3c070492629a9) Importer(-1,00000000000000000000000000000000) [PhysX] Initialized MultithreadedTaskDispatcher with 16 workers.
 -> (artifact id: '07d3ac00722a186f64453850a9d9ff84') in 0.003248 seconds
Refreshing native plugins compatible for Editor in 0.00 ms, found 0 plugins.
Preloading 0 native plugins for Editor in 0.00 ms.
Asset Pipeline Refresh (id=67a9675dbb41f6448a1f94f278c2ad7f): Total: 0.007 seconds - Initiated by StopAssetImportingV2(NoUpdateAssetOptions)
Start importing Assets/ProjectAPlus/Sprites/Enemies/PresentationLaserMonster.png using Guid(f676e5cdd7be9434fac3c070492629a9) Importer(-1,00000000000000000000000000000000) [PhysX] Initialized MultithreadedTaskDispatcher with 16 workers.
 -> (artifact id: '07d3ac00722a186f64453850a9d9ff84') in 0.003135 seconds
Refreshing native plugins compatible for Editor in 0.00 ms, found 0 plugins.
Preloading 0 native plugins for Editor in 0.00 ms.
Asset Pipeline Refresh (id=7d0bb6716e8126a448732f019485042d): Total: 0.007 seconds - Initiated by StopAssetImportingV2(NoUpdateAssetOptions)
Start importing Assets/ProjectAPlus/Sprites/Enemies/DeadlineTimer.png using Guid(751b6c2595f4111418f981e29743b757) Importer(-1,00000000000000000000000000000000) [PhysX] Initialized MultithreadedTaskDispatcher with 16 workers.
 -> (artifact id: '49c6122d40541c2f493c5c029ec4dc5d') in 0.002725 seconds
Refreshing native plugins compatible for Editor in 0.00 ms, found 0 plugins.
Preloading 0 native plugins for Editor in 0.00 ms.
Asset Pipeline Refresh (id=67330ec220e425d4a998721471d1c1e3): Total: 0.007 seconds - Initiated by StopAssetImportingV2(NoUpdateAssetOptions)
Start importing Assets/ProjectAPlus/Sprites/Enemies/DeadlineTimer.png using Guid(751b6c2595f4111418f981e29743b757) Importer(-1,00000000000000000000000000000000) [PhysX] Initialized MultithreadedTaskDispatcher with 16 workers.
 -> (artifact id: '49c6122d40541c2f493c5c029ec4dc5d') in 0.002460 seconds
Refreshing native plugins compatible for Editor in 0.00 ms, found 0 plugins.
Preloading 0 native plugins for Editor in 0.00 ms.
Asset Pipeline Refresh (id=18cb3e6613b046b49a02fdd7bfee8ceb): Total: 0.007 seconds - Initiated by StopAssetImportingV2(NoUpdateAssetOptions)
Start importing Assets/ProjectAPlus/Sprites/Enemies/AnxietyShadow.png using Guid(9b314f2766a32744fbf89c5bd96b2b05) Importer(-1,00000000000000000000000000000000) [PhysX] Initialized MultithreadedTaskDispatcher with 16 workers.
 -> (artifact id: 'bcbd5aea303841f0beced97db3b6c501') in 0.003429 seconds
Refreshing native plugins compatible for Editor in 0.00 ms, found 0 plugins.
Preloading 0 native plugins for Editor in 0.00 ms.
Asset Pipeline Refresh (id=fef615d42c2be9b48ab8c70521f74995): Total: 0.008 seconds - Initiated by StopAssetImportingV2(NoUpdateAssetOptions)
Start importing Assets/ProjectAPlus/Sprites/Enemies/AnxietyShadow.png using Guid(9b314f2766a32744fbf89c5bd96b2b05) Importer(-1,00000000000000000000000000000000) [PhysX] Initialized MultithreadedTaskDispatcher with 16 workers.
 -> (artifact id: 'bcbd5aea303841f0beced97db3b6c501') in 0.002848 seconds
Refreshing native plugins compatible for Editor in 0.00 ms, found 0 plugins.
Preloading 0 native plugins for Editor in 0.00 ms.
Asset Pipeline Refresh (id=fb1147227b0ffce499b47a17b4eee9bd): Total: 0.007 seconds - Initiated by StopAssetImportingV2(NoUpdateAssetOptions)
Start importing Assets/ProjectAPlus/Sprites/Bosses/MidtermWatcher.png using Guid(6a59058ad11aaa144b41aca5244a7d19) Importer(-1,00000000000000000000000000000000) [PhysX] Initialized MultithreadedTaskDispatcher with 16 workers.
 -> (artifact id: 'edd0dff6414b3c5c5d9b1e4b2e910f1b') in 0.003400 seconds
Refreshing native plugins compatible for Editor in 0.00 ms, found 0 plugins.
Preloading 0 native plugins for Editor in 0.00 ms.
Asset Pipeline Refresh (id=d8c6439916b1ed049b65f5ccc158ea64): Total: 0.008 seconds - Initiated by StopAssetImportingV2(NoUpdateAssetOptions)
Start importing Assets/ProjectAPlus/Sprites/Bosses/MidtermWatcher.png using Guid(6a59058ad11aaa144b41aca5244a7d19) Importer(-1,00000000000000000000000000000000) [PhysX] Initialized MultithreadedTaskDispatcher with 16 workers.
 -> (artifact id: 'edd0dff6414b3c5c5d9b1e4b2e910f1b') in 0.003409 seconds
Refreshing native plugins compatible for Editor in 0.00 ms, found 0 plugins.
Preloading 0 native plugins for Editor in 0.00 ms.
Asset Pipeline Refresh (id=eba1e9d10e55dc54cb40f07995e2aa8a): Total: 0.008 seconds - Initiated by StopAssetImportingV2(NoUpdateAssetOptions)
Start importing Assets/ProjectAPlus/Sprites/Bosses/FinalExamJudge.png using Guid(08f304972375ac948a5f4b07ae75236f) Importer(-1,00000000000000000000000000000000) [PhysX] Initialized MultithreadedTaskDispatcher with 16 workers.
 -> (artifact id: '14fd72b56fa3e1d298a3628ee579514e') in 0.003820 seconds
Refreshing native plugins compatible for Editor in 0.00 ms, found 0 plugins.
Preloading 0 native plugins for Editor in 0.00 ms.
Asset Pipeline Refresh (id=b58c5a3b150b73543b00f202e717932e): Total: 0.012 seconds - Initiated by StopAssetImportingV2(NoUpdateAssetOptions)
Start importing Assets/ProjectAPlus/Sprites/Bosses/FinalExamJudge.png using Guid(08f304972375ac948a5f4b07ae75236f) Importer(-1,00000000000000000000000000000000) [PhysX] Initialized MultithreadedTaskDispatcher with 16 workers.
 -> (artifact id: '14fd72b56fa3e1d298a3628ee579514e') in 0.002799 seconds
Refreshing native plugins compatible for Editor in 0.00 ms, found 0 plugins.
Preloading 0 native plugins for Editor in 0.00 ms.
Asset Pipeline Refresh (id=033b7a6d8eaaaf34a89329c1a958ace8): Total: 0.007 seconds - Initiated by StopAssetImportingV2(NoUpdateAssetOptions)
Start importing Assets/ProjectAPlus/Sprites/UI/EnergyJelly.png using Guid(b78252304257a5947af6e0adb03ffda7) Importer(-1,00000000000000000000000000000000) [PhysX] Initialized MultithreadedTaskDispatcher with 16 workers.
 -> (artifact id: 'd11ae961a1fc8149610784f0b5be1dfb') in 0.003507 seconds
Refreshing native plugins compatible for Editor in 0.00 ms, found 0 plugins.
Preloading 0 native plugins for Editor in 0.00 ms.
Asset Pipeline Refresh (id=c53c20d55c885cf40aaeaa9d631d3a77): Total: 0.008 seconds - Initiated by StopAssetImportingV2(NoUpdateAssetOptions)
Start importing Assets/ProjectAPlus/Sprites/UI/EnergyJelly.png using Guid(b78252304257a5947af6e0adb03ffda7) Importer(-1,00000000000000000000000000000000) [PhysX] Initialized MultithreadedTaskDispatcher with 16 workers.
 -> (artifact id: 'd11ae961a1fc8149610784f0b5be1dfb') in 0.002695 seconds
Refreshing native plugins compatible for Editor in 0.00 ms, found 0 plugins.
Preloading 0 native plugins for Editor in 0.00 ms.
Asset Pipeline Refresh (id=ffa8a82dc75ca8c4aa42d5c170990192): Total: 0.007 seconds - Initiated by StopAssetImportingV2(NoUpdateAssetOptions)
Start importing Assets/ProjectAPlus/Sprites/UI/NightCoffee.png using Guid(4d950dd068b870d4fbada2a7c5188a57) Importer(-1,00000000000000000000000000000000) [PhysX] Initialized MultithreadedTaskDispatcher with 16 workers.
 -> (artifact id: 'f68f3a13d1060653a095b1b8fa35660b') in 0.003707 seconds
Refreshing native plugins compatible for Editor in 0.00 ms, found 0 plugins.
Preloading 0 native plugins for Editor in 0.00 ms.
Asset Pipeline Refresh (id=fb9c15de89209d645ba86c2f69f88d87): Total: 0.008 seconds - Initiated by StopAssetImportingV2(NoUpdateAssetOptions)
Start importing Assets/ProjectAPlus/Sprites/UI/NightCoffee.png using Guid(4d950dd068b870d4fbada2a7c5188a57) Importer(-1,00000000000000000000000000000000) [PhysX] Initialized MultithreadedTaskDispatcher with 16 workers.
 -> (artifact id: 'f68f3a13d1060653a095b1b8fa35660b') in 0.002615 seconds
Refreshing native plugins compatible for Editor in 0.00 ms, found 0 plugins.
Preloading 0 native plugins for Editor in 0.00 ms.
Asset Pipeline Refresh (id=41b6b8d6e8383f24b9617d686ab1a610): Total: 0.007 seconds - Initiated by StopAssetImportingV2(NoUpdateAssetOptions)
Start importing Assets/ProjectAPlus/Sprites/UI/OrganizedNotes.png using Guid(ed0b20ceefe968b4c81c87c14a9ec10c) Importer(-1,00000000000000000000000000000000) [PhysX] Initialized MultithreadedTaskDispatcher with 16 workers.
 -> (artifact id: 'ae92302c503f1ef53043397cd242a59e') in 0.003528 seconds
Refreshing native plugins compatible for Editor in 0.00 ms, found 0 plugins.
Preloading 0 native plugins for Editor in 0.00 ms.
Asset Pipeline Refresh (id=29f30e1088ecf324b968e9d48f5f5c47): Total: 0.008 seconds - Initiated by StopAssetImportingV2(NoUpdateAssetOptions)
Start importing Assets/ProjectAPlus/Sprites/UI/OrganizedNotes.png using Guid(ed0b20ceefe968b4c81c87c14a9ec10c) Importer(-1,00000000000000000000000000000000) [PhysX] Initialized MultithreadedTaskDispatcher with 16 workers.
 -> (artifact id: 'ae92302c503f1ef53043397cd242a59e') in 0.002720 seconds
Refreshing native plugins compatible for Editor in 0.00 ms, found 0 plugins.
Preloading 0 native plugins for Editor in 0.00 ms.
Asset Pipeline Refresh (id=382de8d4c5649d84d94590098c9201cb): Total: 0.007 seconds - Initiated by StopAssetImportingV2(NoUpdateAssetOptions)
Start importing Assets/ProjectAPlus/Sprites/UI/PastExamBook.png using Guid(96aab7f48d3e84a4381fc3be32694002) Importer(-1,00000000000000000000000000000000) [PhysX] Initialized MultithreadedTaskDispatcher with 16 workers.
 -> (artifact id: '519798c3c747ea707914d63802b20420') in 0.003669 seconds
Refreshing native plugins compatible for Editor in 0.00 ms, found 0 plugins.
Preloading 0 native plugins for Editor in 0.00 ms.
Asset Pipeline Refresh (id=03412e6c9a628a14985d9401317a7086): Total: 0.012 seconds - Initiated by StopAssetImportingV2(NoUpdateAssetOptions)
Start importing Assets/ProjectAPlus/Sprites/UI/PastExamBook.png using Guid(96aab7f48d3e84a4381fc3be32694002) Importer(-1,00000000000000000000000000000000) [PhysX] Initialized MultithreadedTaskDispatcher with 16 workers.
 -> (artifact id: '519798c3c747ea707914d63802b20420') in 0.002505 seconds
Refreshing native plugins compatible for Editor in 0.00 ms, found 0 plugins.
Preloading 0 native plugins for Editor in 0.00 ms.
Asset Pipeline Refresh (id=badcad091d1b0794284a1507b4b61eeb): Total: 0.008 seconds - Initiated by StopAssetImportingV2(NoUpdateAssetOptions)
Start importing Assets/ProjectAPlus/Sprites/UI/PresentationScript.png using Guid(0306c6a75487c9e4fa596b5b5d3a3584) Importer(-1,00000000000000000000000000000000) [PhysX] Initialized MultithreadedTaskDispatcher with 16 workers.
 -> (artifact id: '7acae1d81e95670e1f449876f888b53c') in 0.002638 seconds
Refreshing native plugins compatible for Editor in 0.00 ms, found 0 plugins.
Preloading 0 native plugins for Editor in 0.00 ms.
Asset Pipeline Refresh (id=593aa8fea187f8e4dbffc6643a8072b4): Total: 0.007 seconds - Initiated by StopAssetImportingV2(NoUpdateAssetOptions)
Start importing Assets/ProjectAPlus/Sprites/UI/PresentationScript.png using Guid(0306c6a75487c9e4fa596b5b5d3a3584) Importer(-1,00000000000000000000000000000000) [PhysX] Initialized MultithreadedTaskDispatcher with 16 workers.
 -> (artifact id: '7acae1d81e95670e1f449876f888b53c') in 0.002280 seconds
Refreshing native plugins compatible for Editor in 0.00 ms, found 0 plugins.
Preloading 0 native plugins for Editor in 0.00 ms.
Asset Pipeline Refresh (id=906e0bfbb28795b4f83f542b3ae999b4): Total: 0.006 seconds - Initiated by StopAssetImportingV2(NoUpdateAssetOptions)
Start importing Assets/ProjectAPlus/Sprites/UI/FocusHeadphones.png using Guid(90b9b9ca9da573e4a83c457c6c72f1e3) Importer(-1,00000000000000000000000000000000) [PhysX] Initialized MultithreadedTaskDispatcher with 16 workers.
 -> (artifact id: 'ce60d10585c5e418dc25fc344ada4eea') in 0.002707 seconds
Refreshing native plugins compatible for Editor in 0.00 ms, found 0 plugins.
Preloading 0 native plugins for Editor in 0.00 ms.
Asset Pipeline Refresh (id=51dba37beec942341aabcf47e11b8e6e): Total: 0.007 seconds - Initiated by StopAssetImportingV2(NoUpdateAssetOptions)
Start importing Assets/ProjectAPlus/Sprites/UI/FocusHeadphones.png using Guid(90b9b9ca9da573e4a83c457c6c72f1e3) Importer(-1,00000000000000000000000000000000) [PhysX] Initialized MultithreadedTaskDispatcher with 16 workers.
 -> (artifact id: 'ce60d10585c5e418dc25fc344ada4eea') in 0.002277 seconds
Refreshing native plugins compatible for Editor in 0.00 ms, found 0 plugins.
Preloading 0 native plugins for Editor in 0.00 ms.
Asset Pipeline Refresh (id=e1c452dfc3eea154ebbe759d136ada5a): Total: 0.006 seconds - Initiated by StopAssetImportingV2(NoUpdateAssetOptions)
Start importing Assets/ProjectAPlus/Sprites/UI/FinalNotes.png using Guid(22791d9f082dd5b489d235954b45e652) Importer(-1,00000000000000000000000000000000) [PhysX] Initialized MultithreadedTaskDispatcher with 16 workers.
 -> (artifact id: 'c7a538e2a1530bf25771ea2584f183da') in 0.003212 seconds
Refreshing native plugins compatible for Editor in 0.00 ms, found 0 plugins.
Preloading 0 native plugins for Editor in 0.00 ms.
Asset Pipeline Refresh (id=875641bbbd8948d4ca8906a533e81ef2): Total: 0.008 seconds - Initiated by StopAssetImportingV2(NoUpdateAssetOptions)
Start importing Assets/ProjectAPlus/Sprites/UI/FinalNotes.png using Guid(22791d9f082dd5b489d235954b45e652) Importer(-1,00000000000000000000000000000000) [PhysX] Initialized MultithreadedTaskDispatcher with 16 workers.
 -> (artifact id: 'c7a538e2a1530bf25771ea2584f183da') in 0.002372 seconds
Refreshing native plugins compatible for Editor in 0.00 ms, found 0 plugins.
Preloading 0 native plugins for Editor in 0.00 ms.
Asset Pipeline Refresh (id=9eecaf6f80a8fb94485e71d058f74a15): Total: 0.007 seconds - Initiated by StopAssetImportingV2(NoUpdateAssetOptions)
Start importing Assets/ProjectAPlus/Sprites/Effects/Attack.png using Guid(c911d43c9424c3240a20e69f0138c7d8) Importer(-1,00000000000000000000000000000000) [PhysX] Initialized MultithreadedTaskDispatcher with 16 workers.
 -> (artifact id: '42c23e1e8db4fde4990ea91fb14a7353') in 0.002838 seconds
Refreshing native plugins compatible for Editor in 0.00 ms, found 0 plugins.
Preloading 0 native plugins for Editor in 0.00 ms.
Asset Pipeline Refresh (id=09c70f96a2575444f93462e74763eff5): Total: 0.008 seconds - Initiated by StopAssetImportingV2(NoUpdateAssetOptions)
Start importing Assets/ProjectAPlus/Sprites/Effects/Attack.png using Guid(c911d43c9424c3240a20e69f0138c7d8) Importer(-1,00000000000000000000000000000000) [PhysX] Initialized MultithreadedTaskDispatcher with 16 workers.
 -> (artifact id: '42c23e1e8db4fde4990ea91fb14a7353') in 0.002311 seconds
Refreshing native plugins compatible for Editor in 0.00 ms, found 0 plugins.
Preloading 0 native plugins for Editor in 0.00 ms.
Asset Pipeline Refresh (id=5821104622910004785c9476cc70c99f): Total: 0.006 seconds - Initiated by StopAssetImportingV2(NoUpdateAssetOptions)
Start importing Assets/ProjectAPlus/Sprites/Effects/Hit.png using Guid(100027fe851b4cf4cad86368b53b7da4) Importer(-1,00000000000000000000000000000000) [PhysX] Initialized MultithreadedTaskDispatcher with 16 workers.
 -> (artifact id: '689b92337614d97f8b2d1d9ce0752ce6') in 0.003059 seconds
Refreshing native plugins compatible for Editor in 0.00 ms, found 0 plugins.
Preloading 0 native plugins for Editor in 0.00 ms.
Asset Pipeline Refresh (id=9eaa94ded9c0e6b46b481b108bcad15a): Total: 0.007 seconds - Initiated by StopAssetImportingV2(NoUpdateAssetOptions)
Start importing Assets/ProjectAPlus/Sprites/Effects/Hit.png using Guid(100027fe851b4cf4cad86368b53b7da4) Importer(-1,00000000000000000000000000000000) [PhysX] Initialized MultithreadedTaskDispatcher with 16 workers.
 -> (artifact id: '689b92337614d97f8b2d1d9ce0752ce6') in 0.002518 seconds
Refreshing native plugins compatible for Editor in 0.00 ms, found 0 plugins.
Preloading 0 native plugins for Editor in 0.00 ms.
Asset Pipeline Refresh (id=b86cfa0d3db2ce34fb9a53b67cf73bcf): Total: 0.006 seconds - Initiated by StopAssetImportingV2(NoUpdateAssetOptions)
Start importing Assets/ProjectAPlus/Sprites/Effects/LevelUp.png using Guid(bdd5c1c540d027d488889fdfac576c48) Importer(-1,00000000000000000000000000000000) [PhysX] Initialized MultithreadedTaskDispatcher with 16 workers.
 -> (artifact id: '36348655b14d7243edae4c957c499091') in 0.003175 seconds
Refreshing native plugins compatible for Editor in 0.00 ms, found 0 plugins.
Preloading 0 native plugins for Editor in 0.00 ms.
Asset Pipeline Refresh (id=90aa24f60bdc3db40bd7a6d77050bd83): Total: 0.007 seconds - Initiated by StopAssetImportingV2(NoUpdateAssetOptions)
Start importing Assets/ProjectAPlus/Sprites/Effects/LevelUp.png using Guid(bdd5c1c540d027d488889fdfac576c48) Importer(-1,00000000000000000000000000000000) [PhysX] Initialized MultithreadedTaskDispatcher with 16 workers.
 -> (artifact id: '36348655b14d7243edae4c957c499091') in 0.002268 seconds
Refreshing native plugins compatible for Editor in 0.00 ms, found 0 plugins.
Preloading 0 native plugins for Editor in 0.00 ms.
Asset Pipeline Refresh (id=2f68a130c51f6ed42a59f3e8273fe18c): Total: 0.006 seconds - Initiated by StopAssetImportingV2(NoUpdateAssetOptions)
Start importing Assets/ProjectAPlus/Sprites/Effects/ItemGet.png using Guid(cca2fc0d667e35949a6dde894a49a6f5) Importer(-1,00000000000000000000000000000000) [PhysX] Initialized MultithreadedTaskDispatcher with 16 workers.
 -> (artifact id: '43ddc944b70a53b6313d250e0f7ce413') in 0.002803 seconds
Refreshing native plugins compatible for Editor in 0.00 ms, found 0 plugins.
Preloading 0 native plugins for Editor in 0.00 ms.
Asset Pipeline Refresh (id=64668bc47aa7dcb4c871b46376a25856): Total: 0.007 seconds - Initiated by StopAssetImportingV2(NoUpdateAssetOptions)
Start importing Assets/ProjectAPlus/Sprites/Effects/ItemGet.png using Guid(cca2fc0d667e35949a6dde894a49a6f5) Importer(-1,00000000000000000000000000000000) [PhysX] Initialized MultithreadedTaskDispatcher with 16 workers.
 -> (artifact id: '43ddc944b70a53b6313d250e0f7ce413') in 0.002439 seconds
Refreshing native plugins compatible for Editor in 0.00 ms, found 0 plugins.
Preloading 0 native plugins for Editor in 0.00 ms.
Asset Pipeline Refresh (id=9d43011950ef3134a9b084640ca4c993): Total: 0.007 seconds - Initiated by StopAssetImportingV2(NoUpdateAssetOptions)
Start importing Assets/ProjectAPlus/Sprites/Effects/BossWarning.png using Guid(f30bb4d6ef9380b4b85bc6cae65d3d56) Importer(-1,00000000000000000000000000000000) [PhysX] Initialized MultithreadedTaskDispatcher with 16 workers.
 -> (artifact id: '8c5a6f541b15e7a968ae135bb87ccca8') in 0.002671 seconds
Refreshing native plugins compatible for Editor in 0.00 ms, found 0 plugins.
Preloading 0 native plugins for Editor in 0.00 ms.
Asset Pipeline Refresh (id=d453eddd5f58f954488588f1bce067b1): Total: 0.007 seconds - Initiated by StopAssetImportingV2(NoUpdateAssetOptions)
Start importing Assets/ProjectAPlus/Sprites/Effects/BossWarning.png using Guid(f30bb4d6ef9380b4b85bc6cae65d3d56) Importer(-1,00000000000000000000000000000000) [PhysX] Initialized MultithreadedTaskDispatcher with 16 workers.
 -> (artifact id: '8c5a6f541b15e7a968ae135bb87ccca8') in 0.002349 seconds
Refreshing native plugins compatible for Editor in 0.00 ms, found 0 plugins.
Preloading 0 native plugins for Editor in 0.00 ms.
Asset Pipeline Refresh (id=65ccb3e0fb425064f82b625c284f4cc4): Total: 0.007 seconds - Initiated by StopAssetImportingV2(NoUpdateAssetOptions)
Start importing Assets/ProjectAPlus/Sprites/Effects/BossProjectile.png using Guid(8305a73397b94574e9fcf78f64697aa7) Importer(-1,00000000000000000000000000000000) [PhysX] Initialized MultithreadedTaskDispatcher with 16 workers.
 -> (artifact id: '25576ba38726548bb699e2a167d4f775') in 0.002619 seconds
Refreshing native plugins compatible for Editor in 0.00 ms, found 0 plugins.
Preloading 0 native plugins for Editor in 0.00 ms.
Asset Pipeline Refresh (id=b2b345f0271dba648a7e2b3bd77f92dd): Total: 0.010 seconds - Initiated by StopAssetImportingV2(NoUpdateAssetOptions)
Start importing Assets/ProjectAPlus/Sprites/Effects/BossProjectile.png using Guid(8305a73397b94574e9fcf78f64697aa7) Importer(-1,00000000000000000000000000000000) [PhysX] Initialized MultithreadedTaskDispatcher with 16 workers.
 -> (artifact id: '25576ba38726548bb699e2a167d4f775') in 0.002581 seconds
Refreshing native plugins compatible for Editor in 0.00 ms, found 0 plugins.
Preloading 0 native plugins for Editor in 0.00 ms.
Asset Pipeline Refresh (id=72078b18a06f132408ace7f6874c7fd2): Total: 0.007 seconds - Initiated by StopAssetImportingV2(NoUpdateAssetOptions)
Start importing Assets/ProjectAPlus/Sprites/Backgrounds/MorningClassroom.png using Guid(569ac54e93a781b4d89464d4c6c0bf19) Importer(-1,00000000000000000000000000000000) [PhysX] Initialized MultithreadedTaskDispatcher with 16 workers.
 -> (artifact id: 'bc2b1d9c49bc58bab1e8c44570644a78') in 0.004477 seconds
Refreshing native plugins compatible for Editor in 0.00 ms, found 0 plugins.
Preloading 0 native plugins for Editor in 0.00 ms.
Asset Pipeline Refresh (id=ca05cb30449bc20408e45c8cd2fa6db5): Total: 0.009 seconds - Initiated by StopAssetImportingV2(NoUpdateAssetOptions)
Start importing Assets/ProjectAPlus/Sprites/Backgrounds/MorningClassroom.png using Guid(569ac54e93a781b4d89464d4c6c0bf19) Importer(-1,00000000000000000000000000000000) [PhysX] Initialized MultithreadedTaskDispatcher with 16 workers.
 -> (artifact id: 'bc2b1d9c49bc58bab1e8c44570644a78') in 0.004282 seconds
Refreshing native plugins compatible for Editor in 0.00 ms, found 0 plugins.
Preloading 0 native plugins for Editor in 0.00 ms.
Asset Pipeline Refresh (id=b764a6cc07d65fd4d91a58514b557078): Total: 0.009 seconds - Initiated by StopAssetImportingV2(NoUpdateAssetOptions)
Start importing Assets/ProjectAPlus/Sprites/Backgrounds/Classroom.png using Guid(91682f348fed00e419507128f9c46cc1) Importer(-1,00000000000000000000000000000000) [PhysX] Initialized MultithreadedTaskDispatcher with 16 workers.
 -> (artifact id: '506ba8daaadaf377bc374155716b842e') in 0.004229 seconds
Refreshing native plugins compatible for Editor in 0.00 ms, found 0 plugins.
Preloading 0 native plugins for Editor in 0.00 ms.
Asset Pipeline Refresh (id=c3f0a2a1d151fc641abfe51a2cc2c636): Total: 0.011 seconds - Initiated by StopAssetImportingV2(NoUpdateAssetOptions)
Start importing Assets/ProjectAPlus/Sprites/Backgrounds/Classroom.png using Guid(91682f348fed00e419507128f9c46cc1) Importer(-1,00000000000000000000000000000000) [PhysX] Initialized MultithreadedTaskDispatcher with 16 workers.
 -> (artifact id: '506ba8daaadaf377bc374155716b842e') in 0.004044 seconds
Refreshing native plugins compatible for Editor in 0.00 ms, found 0 plugins.
Preloading 0 native plugins for Editor in 0.00 ms.
Asset Pipeline Refresh (id=883f5a2f7f8998a49b977d94a13213ee): Total: 0.008 seconds - Initiated by StopAssetImportingV2(NoUpdateAssetOptions)
Start importing Assets/ProjectAPlus/Sprites/Backgrounds/LunchClassroom.png using Guid(e51015840ae4d9f439c34c2989e7d734) Importer(-1,00000000000000000000000000000000) [PhysX] Initialized MultithreadedTaskDispatcher with 16 workers.
 -> (artifact id: '8159e5c0551e2b2586a00b52b16fb8ab') in 0.004346 seconds
Refreshing native plugins compatible for Editor in 0.00 ms, found 0 plugins.
Preloading 0 native plugins for Editor in 0.00 ms.
Asset Pipeline Refresh (id=a5064841beaed3049814e460b6b77e8e): Total: 0.008 seconds - Initiated by StopAssetImportingV2(NoUpdateAssetOptions)
Start importing Assets/ProjectAPlus/Sprites/Backgrounds/LunchClassroom.png using Guid(e51015840ae4d9f439c34c2989e7d734) Importer(-1,00000000000000000000000000000000) [PhysX] Initialized MultithreadedTaskDispatcher with 16 workers.
 -> (artifact id: '8159e5c0551e2b2586a00b52b16fb8ab') in 0.004637 seconds
Refreshing native plugins compatible for Editor in 0.00 ms, found 0 plugins.
Preloading 0 native plugins for Editor in 0.00 ms.
Asset Pipeline Refresh (id=d1a56bafb39cb744187ac23a03623bbd): Total: 0.009 seconds - Initiated by StopAssetImportingV2(NoUpdateAssetOptions)
Start importing Assets/ProjectAPlus/Sprites/Backgrounds/TeamMeetingRoom.png using Guid(61806a61e767369429d388d2109caf12) Importer(-1,00000000000000000000000000000000) [PhysX] Initialized MultithreadedTaskDispatcher with 16 workers.
 -> (artifact id: '3348f6d31057bb9ef05f3357088c2473') in 0.004504 seconds
Refreshing native plugins compatible for Editor in 0.00 ms, found 0 plugins.
Preloading 0 native plugins for Editor in 0.00 ms.
Asset Pipeline Refresh (id=f00145cb13598934a965fc0d700cd845): Total: 0.009 seconds - Initiated by StopAssetImportingV2(NoUpdateAssetOptions)
Start importing Assets/ProjectAPlus/Sprites/Backgrounds/TeamMeetingRoom.png using Guid(61806a61e767369429d388d2109caf12) Importer(-1,00000000000000000000000000000000) [PhysX] Initialized MultithreadedTaskDispatcher with 16 workers.
 -> (artifact id: '3348f6d31057bb9ef05f3357088c2473') in 0.004828 seconds
Refreshing native plugins compatible for Editor in 0.00 ms, found 0 plugins.
Preloading 0 native plugins for Editor in 0.00 ms.
Asset Pipeline Refresh (id=303300e9256dbeb4e96c0b6ddb588821): Total: 0.009 seconds - Initiated by StopAssetImportingV2(NoUpdateAssetOptions)
Start importing Assets/ProjectAPlus/Sprites/Backgrounds/ExamHall.png using Guid(091ad928ecb91634a833036fe29c6bd6) Importer(-1,00000000000000000000000000000000) [PhysX] Initialized MultithreadedTaskDispatcher with 16 workers.
 -> (artifact id: 'd1d6dab7da677e43efab6dd7b4387a5f') in 0.004540 seconds
Refreshing native plugins compatible for Editor in 0.00 ms, found 0 plugins.
Preloading 0 native plugins for Editor in 0.00 ms.
Asset Pipeline Refresh (id=0a1f684b4c42ba44e8f26360f99d6b16): Total: 0.009 seconds - Initiated by StopAssetImportingV2(NoUpdateAssetOptions)
Start importing Assets/ProjectAPlus/Sprites/Backgrounds/ExamHall.png using Guid(091ad928ecb91634a833036fe29c6bd6) Importer(-1,00000000000000000000000000000000) [PhysX] Initialized MultithreadedTaskDispatcher with 16 workers.
 -> (artifact id: 'd1d6dab7da677e43efab6dd7b4387a5f') in 0.005323 seconds
Refreshing native plugins compatible for Editor in 0.00 ms, found 0 plugins.
Preloading 0 native plugins for Editor in 0.00 ms.
Asset Pipeline Refresh (id=eb3667e6bd7524e4f927892364a0660a): Total: 0.011 seconds - Initiated by StopAssetImportingV2(NoUpdateAssetOptions)
Start importing Assets/ProjectAPlus/Sprites/Backgrounds/EveningClassroom.png using Guid(8dab425873a1a1649b949e1a3b1115eb) Importer(-1,00000000000000000000000000000000) [PhysX] Initialized MultithreadedTaskDispatcher with 16 workers.
 -> (artifact id: 'e14216d8b3cc7a31ca029bc7cc4e0264') in 0.005173 seconds
Refreshing native plugins compatible for Editor in 0.00 ms, found 0 plugins.
Preloading 0 native plugins for Editor in 0.00 ms.
Asset Pipeline Refresh (id=50ec220dc3c180f4492fa693f705a7c8): Total: 0.010 seconds - Initiated by StopAssetImportingV2(NoUpdateAssetOptions)
Start importing Assets/ProjectAPlus/Sprites/Backgrounds/EveningClassroom.png using Guid(8dab425873a1a1649b949e1a3b1115eb) Importer(-1,00000000000000000000000000000000) [PhysX] Initialized MultithreadedTaskDispatcher with 16 workers.
 -> (artifact id: 'e14216d8b3cc7a31ca029bc7cc4e0264') in 0.005376 seconds
Refreshing native plugins compatible for Editor in 0.00 ms, found 0 plugins.
Preloading 0 native plugins for Editor in 0.00 ms.
Asset Pipeline Refresh (id=c29588f7643aa2b4289b15cbd06a7e4d): Total: 0.010 seconds - Initiated by StopAssetImportingV2(NoUpdateAssetOptions)
Start importing Assets/ProjectAPlus/Sprites/Backgrounds/PresentationRoom.png using Guid(70ad77cfa7a16104bad37b97ed6e02f7) Importer(-1,00000000000000000000000000000000) [PhysX] Initialized MultithreadedTaskDispatcher with 16 workers.
 -> (artifact id: '938bb67f799ba0faa6de2287ce7b2d4c') in 0.004971 seconds
Refreshing native plugins compatible for Editor in 0.00 ms, found 0 plugins.
Preloading 0 native plugins for Editor in 0.00 ms.
Asset Pipeline Refresh (id=e5c5128a03bbc7f4bb7c914671b02f12): Total: 0.009 seconds - Initiated by StopAssetImportingV2(NoUpdateAssetOptions)
Start importing Assets/ProjectAPlus/Sprites/Backgrounds/PresentationRoom.png using Guid(70ad77cfa7a16104bad37b97ed6e02f7) Importer(-1,00000000000000000000000000000000) [PhysX] Initialized MultithreadedTaskDispatcher with 16 workers.
 -> (artifact id: '938bb67f799ba0faa6de2287ce7b2d4c') in 0.005771 seconds
Refreshing native plugins compatible for Editor in 0.00 ms, found 0 plugins.
Preloading 0 native plugins for Editor in 0.00 ms.
Asset Pipeline Refresh (id=993c3bcf1c7476b4b9cee60d0810abc4): Total: 0.010 seconds - Initiated by StopAssetImportingV2(NoUpdateAssetOptions)
Start importing Assets/ProjectAPlus/Sprites/Backgrounds/Library.png using Guid(039f2c9c0b3d43a46b36ff8f6e17f5af) Importer(-1,00000000000000000000000000000000) [PhysX] Initialized MultithreadedTaskDispatcher with 16 workers.
 -> (artifact id: 'cf8a7f09d6548fe29ff5a1fcaf8940b0') in 0.005617 seconds
Refreshing native plugins compatible for Editor in 0.00 ms, found 0 plugins.
Preloading 0 native plugins for Editor in 0.00 ms.
Asset Pipeline Refresh (id=58df5c8390698024c83e285c212be4a2): Total: 0.011 seconds - Initiated by StopAssetImportingV2(NoUpdateAssetOptions)
Start importing Assets/ProjectAPlus/Sprites/Backgrounds/Library.png using Guid(039f2c9c0b3d43a46b36ff8f6e17f5af) Importer(-1,00000000000000000000000000000000) [PhysX] Initialized MultithreadedTaskDispatcher with 16 workers.
 -> (artifact id: 'cf8a7f09d6548fe29ff5a1fcaf8940b0') in 0.006132 seconds
Refreshing native plugins compatible for Editor in 0.00 ms, found 0 plugins.
Preloading 0 native plugins for Editor in 0.00 ms.
Asset Pipeline Refresh (id=1bb9eee02eb940a4bb06474e532f0701): Total: 0.011 seconds - Initiated by StopAssetImportingV2(NoUpdateAssetOptions)
Start importing Assets/ProjectAPlus/Sprites/Backgrounds/NightLibrary.png using Guid(73867fb8e3698844795cd7b392d808c7) Importer(-1,00000000000000000000000000000000) [PhysX] Initialized MultithreadedTaskDispatcher with 16 workers.
 -> (artifact id: 'f226a74c9f942f7c43c49fede4d3fd85') in 0.006117 seconds
Refreshing native plugins compatible for Editor in 0.00 ms, found 0 plugins.
Preloading 0 native plugins for Editor in 0.00 ms.
Asset Pipeline Refresh (id=8a0f79eba66a158458bb9b6cb5a06e31): Total: 0.011 seconds - Initiated by StopAssetImportingV2(NoUpdateAssetOptions)
Start importing Assets/ProjectAPlus/Sprites/Backgrounds/NightLibrary.png using Guid(73867fb8e3698844795cd7b392d808c7) Importer(-1,00000000000000000000000000000000) [PhysX] Initialized MultithreadedTaskDispatcher with 16 workers.
 -> (artifact id: 'f226a74c9f942f7c43c49fede4d3fd85') in 0.004814 seconds
Refreshing native plugins compatible for Editor in 0.00 ms, found 0 plugins.
Preloading 0 native plugins for Editor in 0.00 ms.
Asset Pipeline Refresh (id=586f7fbc7b832764c9e0cc24df919a6d): Total: 0.009 seconds - Initiated by StopAssetImportingV2(NoUpdateAssetOptions)
Start importing Assets/ProjectAPlus/Sprites/Backgrounds/FinalExamHall.png using Guid(f74de8dbc65fd164abc9b1a89ae66a70) Importer(-1,00000000000000000000000000000000) [PhysX] Initialized MultithreadedTaskDispatcher with 16 workers.
 -> (artifact id: 'a1fce0e1f9d676d2be730b2632113d26') in 0.005150 seconds
Refreshing native plugins compatible for Editor in 0.00 ms, found 0 plugins.
Preloading 0 native plugins for Editor in 0.00 ms.
Asset Pipeline Refresh (id=89c1cc2c9d55c4843b2f271d3a3f79cc): Total: 0.010 seconds - Initiated by StopAssetImportingV2(NoUpdateAssetOptions)
Start importing Assets/ProjectAPlus/Sprites/Backgrounds/FinalExamHall.png using Guid(f74de8dbc65fd164abc9b1a89ae66a70) Importer(-1,00000000000000000000000000000000) [PhysX] Initialized MultithreadedTaskDispatcher with 16 workers.
 -> (artifact id: 'a1fce0e1f9d676d2be730b2632113d26') in 0.004417 seconds
Refreshing native plugins compatible for Editor in 0.00 ms, found 0 plugins.
Preloading 0 native plugins for Editor in 0.00 ms.
Asset Pipeline Refresh (id=0f792cab07a7eac40b3bd95069e055a6): Total: 0.009 seconds - Initiated by StopAssetImportingV2(NoUpdateAssetOptions)
Start importing Assets/ProjectAPlus/Sprites/Backgrounds/CampusOutside.png using Guid(b8a023bf164c9ef44a69c8f7dc649c2e) Importer(-1,00000000000000000000000000000000) [PhysX] Initialized MultithreadedTaskDispatcher with 16 workers.
 -> (artifact id: '381487f8d550cc0b828b523ee48e54dd') in 0.004484 seconds
Refreshing native plugins compatible for Editor in 0.00 ms, found 0 plugins.
Preloading 0 native plugins for Editor in 0.00 ms.
Asset Pipeline Refresh (id=398304de4d6ca3843aaba1b8e71227ff): Total: 0.009 seconds - Initiated by StopAssetImportingV2(NoUpdateAssetOptions)
Start importing Assets/ProjectAPlus/Sprites/Backgrounds/CampusOutside.png using Guid(b8a023bf164c9ef44a69c8f7dc649c2e) Importer(-1,00000000000000000000000000000000) [PhysX] Initialized MultithreadedTaskDispatcher with 16 workers.
 -> (artifact id: '381487f8d550cc0b828b523ee48e54dd') in 0.004574 seconds
Refreshing native plugins compatible for Editor in 0.00 ms, found 0 plugins.
Preloading 0 native plugins for Editor in 0.00 ms.
Asset Pipeline Refresh (id=f202a2ff912a33946ad35bd8c4d4139f): Total: 0.010 seconds - Initiated by StopAssetImportingV2(NoUpdateAssetOptions)
Asset Pipeline Refresh (id=eda878cf5db63f54caa136346133c280): Total: 0.002 seconds - Initiated by StopAssetImportingV2(NoUpdateAssetOptions)
Start importing Assets/ProjectAPlus/Prefabs/Player.prefab using Guid(359c532df87d817498bcc49268a56d2a) Importer(-1,00000000000000000000000000000000) [PhysX] Initialized MultithreadedTaskDispatcher with 16 workers.
[PhysX] Initialized MultithreadedTaskDispatcher with 16 workers.
 -> (artifact id: 'a01a010f6d5ac647bfcd06f345b7b664') in 0.004013 seconds
Refreshing native plugins compatible for Editor in 0.00 ms, found 0 plugins.
Preloading 0 native plugins for Editor in 0.00 ms.
Asset Pipeline Refresh (id=3d02561286824fd4894c041ed256bba2): Total: 0.022 seconds - Initiated by StopAssetImportingV2(NoUpdateAssetOptions)
Start importing Assets/ProjectAPlus/Prefabs/Enemy.prefab using Guid(138a0a8eea1dae042a2826ab67cb31c6) Importer(-1,00000000000000000000000000000000) [PhysX] Initialized MultithreadedTaskDispatcher with 16 workers.
[PhysX] Initialized MultithreadedTaskDispatcher with 16 workers.
 -> (artifact id: '1cf76253b1acb2458b8af2bd834590a2') in 0.004791 seconds
Refreshing native plugins compatible for Editor in 0.00 ms, found 0 plugins.
Preloading 0 native plugins for Editor in 0.00 ms.
Asset Pipeline Refresh (id=bff759ea6bf2cbc4a84702040dfb4f3b): Total: 0.020 seconds - Initiated by StopAssetImportingV2(NoUpdateAssetOptions)
Start importing Assets/ProjectAPlus/Data/StageCatalog.json using Guid(843bc7388c622064aabb4e1edaa9d62f) Importer(-1,00000000000000000000000000000000) [PhysX] Initialized MultithreadedTaskDispatcher with 16 workers.
 -> (artifact id: 'e23d4ea06810dac7beb97da7e9b160cd') in 0.002249 seconds
Refreshing native plugins compatible for Editor in 0.00 ms, found 0 plugins.
Preloading 0 native plugins for Editor in 0.00 ms.
Asset Pipeline Refresh (id=58bca8d583958964a82073a964a9e133): Total: 0.012 seconds - Initiated by StopAssetImportingV2(NoUpdateAssetOptions)
Asset Pipeline Refresh (id=d436f505ac62a7c48ac488f346d716c6): Total: 0.013 seconds - Initiated by RefreshV2(NoUpdateAssetOptions)
Project A+: all offline pixel assets and scenes generated.
UnityEngine.StackTraceUtility:ExtractStackTrace ()
UnityEngine.DebugLogHandler:LogFormat (UnityEngine.LogType,UnityEngine.Object,string,object[])
UnityEngine.Logger:Log (UnityEngine.LogType,object)
UnityEngine.Debug:Log (object)
ProjectAPlus.Editor.ProjectAPlusAssetGenerator:GenerateAllAssets () (at Assets/ProjectAPlus/Editor/ProjectAPlusAssetGenerator.cs:65)
ProjectAPlus.Editor.ProjectAPlusAssetGenerator:BuildWindowsGame () (at Assets/ProjectAPlus/Editor/ProjectAPlusAssetGenerator.cs:87)

(Filename: Assets/ProjectAPlus/Editor/ProjectAPlusAssetGenerator.cs Line: 65)

Launched and connected shader compiler UnityShaderCompiler.exe after 0.04 seconds
info: Microsoft.AspNetCore.Hosting.Diagnostics[1]
      Request starting HTTP/2 POST http://ilpp/UnityILPP.PostProcessing/Ping application/grpc -
info: Microsoft.AspNetCore.Routing.EndpointMiddleware[0]
      Executing endpoint 'gRPC - /UnityILPP.PostProcessing/Ping'
info: Microsoft.AspNetCore.Routing.EndpointMiddleware[1]
      Executed endpoint 'gRPC - /UnityILPP.PostProcessing/Ping'
info: Microsoft.AspNetCore.Hosting.Diagnostics[2]
      Request finished HTTP/2 POST http://ilpp/UnityILPP.PostProcessing/Ping application/grpc - - 200 - application/grpc 1.7579ms
Starting: C:\Program Files\Unity\Hub\Editor\2022.3.62f3\Editor\Data\bee_backend.exe --ipc --defer-dag-verification --dagfile="Library/Bee/1900b0aESkipCompile.dag" --continue-on-failure --profile="Library/Bee/backend1.traceevents" ScriptAssembliesAndTypeDB
WorkingDir: C:/Users/ryu/Documents/Codex/2026-06-10/files-mentioned-by-the-user-3
ExitCode: 0 Duration: 0s297ms
[2/3        0s] BuildPlayerDataGenerator Library/BuildPlayerData/Editor/TypeDb-All.json
*** Tundra build success (0.26 seconds), 1 items updated, 3 evaluated
Asset Pipeline Refresh (id=407a98a81f5867f40971fb2b9ab53a29): Total: 0.002 seconds - Initiated by RefreshV2(NoUpdateAssetOptions)
[ScriptCompilation] Requested script compilation because: Recompiling scripts for player build.
BuildPlayer: start building target 19
Total cache size 2574824
Total cache size after purge 2574824
info: Microsoft.AspNetCore.Hosting.Diagnostics[1]
      Request starting HTTP/2 POST http://ilpp/UnityILPP.PostProcessing/Ping application/grpc -
info: Microsoft.AspNetCore.Routing.EndpointMiddleware[0]
      Executing endpoint 'gRPC - /UnityILPP.PostProcessing/Ping'
info: Microsoft.AspNetCore.Routing.EndpointMiddleware[1]
      Executed endpoint 'gRPC - /UnityILPP.PostProcessing/Ping'
info: Microsoft.AspNetCore.Hosting.Diagnostics[2]
      Request finished HTTP/2 POST http://ilpp/UnityILPP.PostProcessing/Ping application/grpc - - 200 - application/grpc 0.5080ms
Starting: C:\Program Files\Unity\Hub\Editor\2022.3.62f3\Editor\Data\bee_backend.exe --ipc --defer-dag-verification --dagfile="Library/Bee/1900b0aP.dag" --continue-on-failure --profile="Library/Bee/backend1.traceevents" ScriptAssembliesAndTypeDB
WorkingDir: C:/Users/ryu/Documents/Codex/2026-06-10/files-mentioned-by-the-user-3
ExitCode: 0 Duration: 1s289ms
[54/61      0s] CopyFiles Library/Bee/PlayerScriptAssemblies/UnityEngine.UI.pdb
[55/61      0s] CopyFiles Library/Bee/PlayerScriptAssemblies/UnityEngine.UI.dll
[56/61      0s] Csc Library/Bee/artifacts/1900b0aP.dag/ProjectAPlus.Runtime.dll (+2 others)
[57/61      0s] CopyFiles Library/Bee/PlayerScriptAssemblies/ProjectAPlus.Runtime.pdb
[58/61      0s] CopyFiles Library/Bee/PlayerScriptAssemblies/ProjectAPlus.Runtime.dll
[60/61      0s] BuildPlayerDataGenerator Library/BuildPlayerData/Player/RuntimeInitializeOnLoads.json (+1 other)
*** Tundra build success (1.27 seconds), 6 items updated, 61 evaluated
Not rebuilding Data files -- no changes
Asset Pipeline Refresh (id=706dd5e4be4f0b6478ded5be1a1fe409): Total: 0.005 seconds - Initiated by RefreshV2(NoUpdateAssetOptions)
Total cache size 2574824
Total cache size after purge 2574824


Mono dependencies included in the build
Dependency assembly - Mono.Security.dll
Dependency assembly - mscorlib.dll
Dependency assembly - ProjectAPlus.Runtime.dll
Dependency assembly - System.ServiceModel.Internals.dll
Dependency assembly - System.Configuration.dll
Dependency assembly - System.EnterpriseServices.dll
Dependency assembly - System.Transactions.dll
Dependency assembly - System.Net.Http.dll
Dependency assembly - System.Xml.Linq.dll
Dependency assembly - System.Numerics.dll
Dependency assembly - System.ComponentModel.Composition.dll
Dependency assembly - System.Data.DataSetExtensions.dll
Dependency assembly - netstandard.dll
Dependency assembly - System.Drawing.dll
Dependency assembly - System.IO.Compression.dll
Dependency assembly - System.IO.Compression.FileSystem.dll
Dependency assembly - UnityEngine.UI.dll
Dependency assembly - System.Core.dll
Dependency assembly - System.Runtime.Serialization.dll
Dependency assembly - System.Data.dll
Dependency assembly - System.dll
Dependency assembly - System.Security.dll
Dependency assembly - System.Xml.dll

info: Microsoft.AspNetCore.Hosting.Diagnostics[1]
      Request starting HTTP/2 POST http://ilpp/UnityILPP.PostProcessing/Ping application/grpc -
info: Microsoft.AspNetCore.Routing.EndpointMiddleware[0]
      Executing endpoint 'gRPC - /UnityILPP.PostProcessing/Ping'
info: Microsoft.AspNetCore.Routing.EndpointMiddleware[1]
      Executed endpoint 'gRPC - /UnityILPP.PostProcessing/Ping'
info: Microsoft.AspNetCore.Hosting.Diagnostics[2]
      Request finished HTTP/2 POST http://ilpp/UnityILPP.PostProcessing/Ping application/grpc - - 200 - application/grpc 0.1988ms
Starting: C:\Program Files\Unity\Hub\Editor\2022.3.62f3\Editor\Data\bee_backend.exe --ipc --dagfile="Library/Bee/Player09a8d253.dag" --profile="Library/Bee/backend1.traceevents" Player
WorkingDir: C:/Users/ryu/Documents/Codex/2026-06-10/files-mentioned-by-the-user-3
DisplayProgressbar: Incremental Player Build
[126/129    0s] CopyFiles outputs/ProjectAPlus_Windows/Project A+_Data/Managed/ProjectAPlus.Runtime.dll
[127/129    0s] AddBootConfigGUID Library/Bee/artifacts/WinPlayerBuildProgram/boot.config
[128/129    0s] CopyFiles outputs/ProjectAPlus_Windows/Project A+_Data/boot.config
*** Tundra build success (0.15 seconds), 3 items updated, 129 evaluated
ExitCode: 0 Duration: 0s170ms
Refreshing native plugins compatible for Editor in 0.00 ms, found 0 plugins.
Preloading 0 native plugins for Editor in 0.00 ms.

-------------------------------------------------------------------------------
Build Report
Information on used Assets is not available, since player data was not rebuilt.
Do a clean build to view the Asset build report information.
-------------------------------------------------------------------------------
Unloading 2 Unused Serialized files (Serialized files now loaded: 0)
Unloading 96 unused Assets / (0.7 MB). Loaded Objects now: 774.
Memory consumption went from 83.1 MB to 82.4 MB.
Total: 4.909300 ms (FindLiveObjects: 0.127000 ms CreateObjectMapping: 0.031400 ms MarkObjects: 4.390000 ms  DeleteObjects: 0.360000 ms)

DisplayProgressNotification: Build Successful
Build Finished, Result: Success.
Total cache size 2574824
Total cache size after purge 2574824
##utp:{"type":"PlayerBuildInfo","version":2,"phase":"Immediate","time":1781104482585,"processId":29800,"steps":[{"description":"Preprocess Player","duration":9},{"description":"Prepare For Build","duration":6},{"description":"ProducePlayerScriptAssemblies","duration":1917},{"description":"Verify Build setup","duration":44},{"description":"Prepare assets for target platform","duration":10},{"description":"Prepare splash screen","duration":0},{"description":"Run script only build","duration":1030},{"description":"Postprocess built player","duration":344}],"duration":3360}
[PhysX] Initialized MultithreadedTaskDispatcher with 16 workers.
Unloading 0 Unused Serialized files (Serialized files now loaded: 0)
Loaded scene 'Temp/__Backupscenes/0.backup'
	Deserialize:            0.632 ms
	Integration:            4.465 ms
	Integration of assets:  0.002 ms
	Thread Wait Time:       0.009 ms
	Total Operation Time:   5.107 ms
Unloading 0 unused Assets / (0 B). Loaded Objects now: 768.
Memory consumption went from 79.2 MB to 79.2 MB.
Total: 3.307400 ms (FindLiveObjects: 0.090200 ms CreateObjectMapping: 0.016000 ms MarkObjects: 3.194600 ms  DeleteObjects: 0.005500 ms)

Project A+ Windows build ready: C:\Users\ryu\Documents\Codex\2026-06-10\files-mentioned-by-the-user-3\outputs\ProjectAPlus_Windows\Project A+.exe
UnityEngine.StackTraceUtility:ExtractStackTrace ()
UnityEngine.DebugLogHandler:LogFormat (UnityEngine.LogType,UnityEngine.Object,string,object[])
UnityEngine.Logger:Log (UnityEngine.LogType,object)
UnityEngine.Debug:Log (object)
ProjectAPlus.Editor.ProjectAPlusAssetGenerator:BuildWindowsGame () (at Assets/ProjectAPlus/Editor/ProjectAPlusAssetGenerator.cs:104)

(Filename: Assets/ProjectAPlus/Editor/ProjectAPlusAssetGenerator.cs Line: 104)

Batchmode quit successfully invoked - shutting down!
[PhysX] Initialized MultithreadedTaskDispatcher with 16 workers.
Input System module state changed to: ShutdownInProgress.
Input System polling thread exited.
Input System module state changed to: Shutdown.
[Licensing::IpcConnector] LicenseClient-ryu-notifications channel disconnected successfully.
[Licensing::IpcConnector] LicenseClient-ryu channel disconnected successfully.
Cleanup mono
abort_threads: Failed aborting id: 0000000000005110, mono_thread_manage will ignore it

abort_threads: Failed aborting id: 00000000000061FC, mono_thread_manage will ignore it

abort_threads: Failed aborting id: 0000000000005110, mono_thread_manage will ignore it

abort_threads: Failed aborting id: 00000000000061FC, mono_thread_manage will ignore it

debugger-agent: Unable to listen on 4620
[Performance] WinEditorMain                                                                                                  :        1 samples, Peak.   604 ms (1.0x), Avg.   604 ms, Total. 603.6 ms (5.6%)
[Performance] WinEditorMain.ConfigureCrashHandler                                                                            :        1 samples, Peak.  44.2 us (1.0x), Avg.  44.2 us, Total. 44.20 us (0.0%)
[Performance] WinEditorMain.CurlRequestInitialize                                                                            :        1 samples, Peak.   723 us (1.0x), Avg.   723 us, Total. 722.9 us (0.0%)
[Performance] WinEditorMain.SetupLogFile                                                                                     :        1 samples, Peak.   885 us (1.0x), Avg.   885 us, Total. 884.7 us (0.0%)
[Performance] WinEditorMain.RunNativeTestsIfRequiredAndExit                                                                  :        1 samples, Peak.   400 ns (1.0x), Avg.   400 ns, Total. 400.0 ns (0.0%)
[Performance] WinEditorMain.Licensing                                                                                        :        1 samples, Peak.   586 ms (1.0x), Avg.   586 ms, Total. 586.0 ms (5.5%)
[Performance] WinEditorMain.InitializeCrashHandler                                                                           :        1 samples, Peak.  12.1 ms (1.0x), Avg.  12.1 ms, Total. 12.07 ms (0.1%)
[Performance] WinEditorMain.CreateApplication                                                                                :        1 samples, Peak.   231 us (1.0x), Avg.   231 us, Total. 230.9 us (0.0%)
[Performance] Application.InitializeProject                                                                                  :        1 samples, Peak.  4.95 s (1.0x), Avg.  4.95 s, Total. 4.952 s (46.2%)
[Performance] Application.PackageManager.StartServer                                                                         :        1 samples, Peak.  3.45 ms (1.0x), Avg.  3.45 ms, Total. 3.454 ms (0.0%)
[Performance] Application.AcquireProjectLock                                                                                 :        1 samples, Peak.  4.68 ms (1.0x), Avg.  4.68 ms, Total. 4.680 ms (0.0%)
[Performance] Application.InitializeEngineNoGraphics                                                                         :        1 samples, Peak.  55.5 ms (1.0x), Avg.  55.5 ms, Total. 55.51 ms (0.5%)
[Performance] Application.PackageManager.Initialize                                                                          :        1 samples, Peak.   380 ms (1.0x), Avg.   380 ms, Total. 380.2 ms (3.5%)
[Performance] Connecting to Package Manager                                                                                  :       39 samples, Peak.  53.8 us (18.1x), Avg.  2.97 us, Total. 115.8 us (0.0%)
[Performance] Application.EngineGraphics.Initialize                                                                          :        1 samples, Peak.  21.6 ms (1.0x), Avg.  21.6 ms, Total. 21.56 ms (0.2%)
[Performance] Application.GI.Initialize                                                                                      :        1 samples, Peak.  2.88 ms (1.0x), Avg.  2.88 ms, Total. 2.877 ms (0.0%)
[Performance] Application.LoadAllDefaultResourcesFromEditor                                                                  :        1 samples, Peak.  2.40 ms (1.0x), Avg.  2.40 ms, Total. 2.398 ms (0.0%)
[Performance] Application.LoadMonoAssemblies                                                                                 :        1 samples, Peak.   660 ms (1.0x), Avg.   660 ms, Total. 659.8 ms (6.2%)
[Performance] RestoreManagedReferences                                                                                       :        2 samples, Peak.  46.2 ms (2.0x), Avg.  23.1 ms, Total. 46.16 ms (0.4%)
[Performance] InitializeOnLoad DrivenRectTransformUndo                                                                       :        2 samples, Peak.   414 us (1.1x), Avg.   394 us, Total. 787.5 us (0.0%)
[Performance] InitializeOnLoad SceneSearch                                                                                   :        2 samples, Peak.   141 us (1.1x), Avg.   124 us, Total. 247.6 us (0.0%)
[Performance] InitializeOnLoad CloudBuild                                                                                    :        2 samples, Peak.  5.50 us (1.2x), Avg.  4.65 us, Total. 9.300 us (0.0%)
[Performance] InitializeOnLoad NativeFormatImporterUtility                                                                   :        2 samples, Peak.  2.93 ms (1.2x), Avg.  2.40 ms, Total. 4.808 ms (0.0%)
[Performance] InitializeOnLoad SearchService                                                                                 :        2 samples, Peak.   366 us (1.4x), Avg.   252 us, Total. 504.5 us (0.0%)
[Performance] InitializeOnLoad SettingsService                                                                               :        2 samples, Peak.  13.9 us (1.2x), Avg.  11.7 us, Total. 23.40 us (0.0%)
[Performance] InitializeOnLoad WindowLayout                                                                                  :        2 samples, Peak.   940 us (1.1x), Avg.   870 us, Total. 1.740 ms (0.0%)
[Performance] InitializeOnLoad AssetStoreContext                                                                             :        2 samples, Peak.  32.2 ms (1.1x), Avg.  30.1 ms, Total. 60.27 ms (0.6%)
[Performance] InitializeOnLoad PoolManager                                                                                   :        2 samples, Peak.   626 us (1.1x), Avg.   585 us, Total. 1.170 ms (0.0%)
[Performance] InitializeOnLoad MixerEffectDefinitionReloader                                                                 :        2 samples, Peak.  3.51 ms (1.4x), Avg.  2.53 ms, Total. 5.056 ms (0.0%)
[Performance] InitializeOnLoad ProjectSearch                                                                                 :        2 samples, Peak.   112 us (1.2x), Avg.  90.6 us, Total. 181.3 us (0.0%)
[Performance] InitializeOnLoad UISystemProfilerRenderService                                                                 :        2 samples, Peak.  15.8 us (1.2x), Avg.  12.8 us, Total. 25.70 us (0.0%)
[Performance] InitializeOnLoad EditMode                                                                                      :        2 samples, Peak.   717 us (1.3x), Avg.   535 us, Total. 1.070 ms (0.0%)
[Performance] InitializeOnLoad UnityConnect                                                                                  :        2 samples, Peak.  83.7 us (1.2x), Avg.  67.8 us, Total. 135.6 us (0.0%)
[Performance] InitializeOnLoad ManagedDebugger                                                                               :        2 samples, Peak.   976 us (1.1x), Avg.   858 us, Total. 1.717 ms (0.0%)
[Performance] InitializeOnLoad ShortcutIntegration                                                                           :        2 samples, Peak.  92.9 us (1.2x), Avg.  77.1 us, Total. 154.2 us (0.0%)
[Performance] InitializeOnLoad AddComponentWindow                                                                            :        2 samples, Peak.   166 us (1.2x), Avg.   142 us, Total. 285.0 us (0.0%)
[Performance] InitializeOnLoad ManagedDebuggerWindow                                                                         :        2 samples, Peak.   210 us (1.2x), Avg.   172 us, Total. 344.1 us (0.0%)
[Performance] InitializeOnLoad CacheServerWindow                                                                             :        2 samples, Peak.  13.7 us (1.1x), Avg.  12.6 us, Total. 25.10 us (0.0%)
[Performance] InitializeOnLoad PlayModeDownload                                                                              :        2 samples, Peak.  4.60 ms (1.9x), Avg.  2.41 ms, Total. 4.826 ms (0.0%)
[Performance] InitializeOnLoad MenuItems                                                                                     :        2 samples, Peak.  92.0 us (1.0x), Avg.  90.4 us, Total. 180.9 us (0.0%)
[Performance] InitializeOnLoad PrefabInstanceChangedListener                                                                 :        2 samples, Peak.   146 us (1.1x), Avg.   139 us, Total. 277.2 us (0.0%)
[Performance] InitializeOnLoad ObjectSelectorSearch                                                                          :        2 samples, Peak.  51.9 us (1.2x), Avg.  45.0 us, Total. 90.00 us (0.0%)
[Performance] InitializeOnLoad EditorMonitor                                                                                 :        2 samples, Peak.   742 us (1.3x), Avg.   589 us, Total. 1.177 ms (0.0%)
[Performance] InitializeOnLoad RetainedMode                                                                                  :        2 samples, Peak.  2.61 ms (1.1x), Avg.  2.36 ms, Total. 4.719 ms (0.0%)
[Performance] InitializeOnLoad EditorShaderLoader                                                                            :        2 samples, Peak.   667 us (1.0x), Avg.   660 us, Total. 1.320 ms (0.0%)
[Performance] InitializeOnLoad EditorDelegateRegistration                                                                    :        2 samples, Peak.   591 us (1.2x), Avg.   506 us, Total. 1.011 ms (0.0%)
[Performance] InitializeOnLoad UIDocumentHierarchyWatcher                                                                    :        2 samples, Peak.  85.6 us (1.0x), Avg.  83.6 us, Total. 167.2 us (0.0%)
[Performance] InitializeOnLoad LiveReloadTrackerCreator                                                                      :        2 samples, Peak.   250 us (1.3x), Avg.   192 us, Total. 383.0 us (0.0%)
[Performance] InitializeOnLoad UxmlObjectEditorFactories                                                                     :        2 samples, Peak.   505 us (1.1x), Avg.   439 us, Total. 878.5 us (0.0%)
[Performance] InitializeOnLoad UXMLEditorFactories                                                                           :        2 samples, Peak.  66.3 ms (1.0x), Avg.  64.1 ms, Total. 128.3 ms (1.2%)
[Performance] InitializeOnLoad PurchasingService                                                                             :        2 samples, Peak.  8.04 ms (1.1x), Avg.  7.24 ms, Total. 14.48 ms (0.1%)
[Performance] InitializeOnLoad CloudBuildPoller                                                                              :        2 samples, Peak.   127 us (1.1x), Avg.   117 us, Total. 233.2 us (0.0%)
[Performance] InitializeOnLoad EditorGameServicesAnalytics                                                                   :        2 samples, Peak.  3.05 ms (1.5x), Avg.  2.10 ms, Total. 4.198 ms (0.0%)
[Performance] InitializeOnLoad AnalyticsService                                                                              :        2 samples, Peak.   233 us (1.1x), Avg.   209 us, Total. 417.7 us (0.0%)
[Performance] InitializeOnLoad BuildService                                                                                  :        2 samples, Peak.   187 us (1.1x), Avg.   172 us, Total. 344.2 us (0.0%)
[Performance] InitializeOnLoad AdsService                                                                                    :        2 samples, Peak.   451 us (1.1x), Avg.   427 us, Total. 854.7 us (0.0%)
[Performance] InitializeOnLoad UDPService                                                                                    :        2 samples, Peak.   210 us (1.0x), Avg.   201 us, Total. 402.9 us (0.0%)
[Performance] InitializeOnLoad CrashService                                                                                  :        2 samples, Peak.   167 us (1.0x), Avg.   163 us, Total. 327.0 us (0.0%)
[Performance] InitializeOnLoad ServicesRepository                                                                            :        2 samples, Peak.  1.80 us (1.4x), Avg.  1.25 us, Total. 2.500 us (0.0%)
[Performance] InitializeOnLoad SearchWindow                                                                                  :        2 samples, Peak.   172 us (1.2x), Avg.   147 us, Total. 294.4 us (0.0%)
[Performance] InitializeOnLoad CustomIndexers                                                                                :        2 samples, Peak.  18.6 ms (1.0x), Avg.  17.7 ms, Total. 35.44 ms (0.3%)
[Performance] InitializeOnLoad SearchMonitor                                                                                 :        2 samples, Peak.  1.08 ms (1.2x), Avg.   938 us, Total. 1.877 ms (0.0%)
[Performance] InitializeOnLoad ParameterControllerEditor                                                                     :        2 samples, Peak.  18.4 us (1.1x), Avg.  17.0 us, Total. 33.90 us (0.0%)
[Performance] InitializeOnLoad LayerSettingsWindow                                                                           :        2 samples, Peak.  30.7 us (1.8x), Avg.  17.5 us, Total. 34.90 us (0.0%)
[Performance] InitializeOnLoad PackageManagerHookGUIDConverter.RegisterPackagesEventHandler                                  :        2 samples, Peak.   733 us (1.5x), Avg.   479 us, Total. 958.4 us (0.0%)
[Performance] InitializeOnLoad EditorDragAndDrop.RegisterEditorClient                                                        :        2 samples, Peak.   297 us (1.2x), Avg.   241 us, Total. 481.1 us (0.0%)
[Performance] InitializeOnLoad EditorEventCallbacks.InitializeFontAssetResourceChangeCallBacks                               :        2 samples, Peak.  1.24 ms (1.0x), Avg.  1.20 ms, Total. 2.408 ms (0.0%)
[Performance] InitializeOnLoad SceneTemplateService.Init                                                                     :        2 samples, Peak.  1.34 ms (1.1x), Avg.  1.24 ms, Total. 2.474 ms (0.0%)
[Performance] InitializeOnLoad DiagnosticSwitchesConsoleMessage.Init                                                         :        2 samples, Peak.  5.67 ms (1.7x), Avg.  3.35 ms, Total. 6.701 ms (0.1%)
[Performance] InitializeOnLoad PackageManagerWindow.EditorInitializedInSafeMode                                              :        2 samples, Peak.  29.7 ms (2.0x), Avg.  14.9 ms, Total. 29.84 ms (0.3%)
[Performance] InitializeOnLoad ToolShortcutContext.Init                                                                      :        2 samples, Peak.   134 us (1.0x), Avg.   133 us, Total. 266.1 us (0.0%)
[Performance] InitializeOnLoad MemoryProfilerCompilationGuard.InjectCompileGuard                                             :        2 samples, Peak.   157 us (1.0x), Avg.   153 us, Total. 305.8 us (0.0%)
[Performance] InitializeOnLoad AssetPostprocessingInternal.RefreshCustomDependencies                                         :        2 samples, Peak.  3.24 ms (1.4x), Avg.  2.31 ms, Total. 4.622 ms (0.0%)
[Performance] InitializeOnLoad SysrootManager.Initialize                                                                     :        2 samples, Peak.   633 us (1.1x), Avg.   557 us, Total. 1.114 ms (0.0%)
[Performance] InitializeOnLoad ScopedRegistryAddedPopup.SubscribeToRegistriesAdded                                           :        2 samples, Peak.  7.94 ms (2.0x), Avg.  4.03 ms, Total. 8.058 ms (0.1%)
[Performance] InitializeOnLoad SceneVisibilityManager.Initialize                                                             :        2 samples, Peak.  5.24 ms (1.6x), Avg.  3.23 ms, Total. 6.466 ms (0.1%)
[Performance] InitializeOnLoad EditorWindow.Initialize                                                                       :        2 samples, Peak.   340 us (1.2x), Avg.   280 us, Total. 559.6 us (0.0%)
[Performance] AssemblyReloadEvents.afterAssemblyReload: UnityEditor.SceneTemplate.SceneTemplateService.AfterAssemblyReload   :        2 samples, Peak.  5.00 ms (1.8x), Avg.  2.73 ms, Total. 5.463 ms (0.1%)
[Performance] ProcessService.EditorAfterLoadAllAssemblies                                                                    :        2 samples, Peak.   363 us (1.0x), Avg.   350 us, Total. 700.4 us (0.0%)
[Performance] Application.ReadLicenseInfo                                                                                    :        1 samples, Peak.  14.1 ms (1.0x), Avg.  14.1 ms, Total. 14.11 ms (0.1%)
[Performance] Application.InitialRefresh                                                                                     :        1 samples, Peak.  3.37 s (1.0x), Avg.  3.37 s, Total. 3.368 s (31.4%)
[Performance] ShaderImporter.SourceAssetModified                                                                             :        4 samples, Peak.   700 ns (1.2x), Avg.   575 ns, Total. 2.300 us (0.0%)
[Performance] ShaderIncludeImporter.SourceAssetModified                                                                      :        4 samples, Peak.   800 ns (1.2x), Avg.   675 ns, Total. 2.700 us (0.0%)
[Performance] Compiling Scripts                                                                                              :        1 samples, Peak.  2.18 s (1.0x), Avg.  2.18 s, Total. 2.176 s (20.3%)
[Performance] AssemblyReloadEvents.beforeAssemblyReload: UnityEditor.SceneTemplate.SceneTemplateService.BeforeAssemblyReload :        1 samples, Peak.   458 us (1.0x), Avg.   458 us, Total. 458.3 us (0.0%)
[Performance] PresetManagerPostProcessor.OnPreprocessAsset                                                                   :      100 samples, Peak.  1.30 ms (51.7x), Avg.  25.1 us, Total. 2.510 ms (0.0%)
[Performance] CancelSplashScreenOnAssetChange.OnPreprocessAsset                                                              :      100 samples, Peak.   135 us (40.2x), Avg.  3.37 us, Total. 336.8 us (0.0%)
[Performance] InitializeOnLoad ProjectAPlusAssetGenerator                                                                    :        1 samples, Peak.   579 us (1.0x), Avg.   579 us, Total. 579.1 us (0.0%)
[Performance] InitializeOnLoad PrefabLayoutRebuilder                                                                         :        1 samples, Peak.   283 us (1.0x), Avg.   283 us, Total. 283.3 us (0.0%)
[Performance] DidReloadScriptsAdvancedDropdownWindow.OnScriptReload                                                          :        1 samples, Peak.   198 us (1.0x), Avg.   198 us, Total. 198.5 us (0.0%)
[Performance] AssetDatabase.ImportAssets                                                                                     :      102 samples, Peak.  2.00 us (3.4x), Avg.   594 ns, Total. 60.60 us (0.0%)
[Performance] VersionControl.Task.Wait                                                                                       :        1 samples, Peak.  15.2 us (1.0x), Avg.  15.2 us, Total. 15.20 us (0.0%)
[Performance] BuilderAssetPostprocessor.OnPostprocessAllAssets                                                               :      200 samples, Peak.  5.10 ms (63.2x), Avg.  80.7 us, Total. 16.13 ms (0.2%)
[Performance] ArtifactBrowserPostProcessor.OnPostprocessAllAssets                                                            :      200 samples, Peak.   874 us (71.5x), Avg.  12.2 us, Total. 2.444 ms (0.0%)
[Performance] AssetEvents.OnPostprocessAllAssets                                                                             :      400 samples, Peak.   243 us (60.6x), Avg.  4.01 us, Total. 1.603 ms (0.0%)
[Performance] AudioMixerPostprocessor.OnPostprocessAllAssets                                                                 :      200 samples, Peak.   434 us (65.2x), Avg.  6.66 us, Total. 1.332 ms (0.0%)
[Performance] StyleCatalogPostProcessor.OnPostprocessAllAssets                                                               :      200 samples, Peak.  19.7 ms (95.9x), Avg.   205 us, Total. 41.08 ms (0.4%)
[Performance] BuildCatalog                                                                                                   :        1 samples, Peak.  18.4 ms (1.0x), Avg.  18.4 ms, Total. 18.40 ms (0.2%)
[Performance] ModelImporterPostProcessor.OnPostprocessAllAssets                                                              :      200 samples, Peak.  1.15 ms (45.2x), Avg.  25.5 us, Total. 5.096 ms (0.0%)
[Performance] RetainedModeAssetPostprocessor.OnPostprocessAllAssets                                                          :      200 samples, Peak.  4.10 ms (79.8x), Avg.  51.4 us, Total. 10.28 ms (0.1%)
[Performance] AssetChangedListener.OnPostprocessAllAssets                                                                    :      200 samples, Peak.  2.03 ms (49.3x), Avg.  41.2 us, Total. 8.246 ms (0.1%)
[Performance] SpeedTreePostProcessor.OnPostprocessAllAssets                                                                  :      200 samples, Peak.   226 us (18.1x), Avg.  12.5 us, Total. 2.490 ms (0.0%)
[Performance] TextAssetPostProcessor.OnPostprocessAllAssets                                                                  :      200 samples, Peak.  2.05 ms (60.4x), Avg.  33.9 us, Total. 6.784 ms (0.1%)
[Performance] SyncVS.PostprocessSyncProject                                                                                  :      100 samples, Peak.  1.44 ms (34.8x), Avg.  41.4 us, Total. 4.139 ms (0.0%)
[Performance] Application.ImportPackagesAndSetTemplateWhenCreatingProject                                                    :        1 samples, Peak.  13.8 ms (1.0x), Avg.  13.8 ms, Total. 13.82 ms (0.1%)
[Performance] Application.SyncCurrentColorSpace                                                                              :        1 samples, Peak.  7.13 ms (1.0x), Avg.  7.13 ms, Total. 7.132 ms (0.1%)
[Performance] Application.OnUsbDevicesChanged                                                                                :        1 samples, Peak.  4.43 ms (1.0x), Avg.  4.43 ms, Total. 4.430 ms (0.0%)
[Performance] Application.AssetInstanceCacheUpdate                                                                           :        1 samples, Peak.   400 ns (1.0x), Avg.   400 ns, Total. 400.0 ns (0.0%)
[Performance] Application.UnityExtensions.Initialize                                                                         :        1 samples, Peak.   903 us (1.0x), Avg.   903 us, Total. 903.1 us (0.0%)
[Performance] CodeEditorProjectSync.SyncEditorProject                                                                        :        1 samples, Peak.   140 us (1.0x), Avg.   140 us, Total. 140.4 us (0.0%)
[Performance] Application.ExecuteStartups                                                                                    :        1 samples, Peak.  39.5 ms (1.0x), Avg.  39.5 ms, Total. 39.48 ms (0.4%)
[Performance] Menu.RegisterMenuInterface                                                                                     :       26 samples, Peak.  1.10 us (5.3x), Avg.   208 ns, Total. 5.400 us (0.0%)
[Performance] Gizmo.RebuildRenderers                                                                                         :        2 samples, Peak.  39.0 ms (1.3x), Avg.  29.6 ms, Total. 59.24 ms (0.6%)
[Performance] Gizmo.AddGizmoRenderers                                                                                        :       44 samples, Peak.  1.71 ms (27.8x), Avg.  61.6 us, Total. 2.709 ms (0.0%)
[Performance] Application.editorInitializingProject                                                                          :        1 samples, Peak.   118 ms (1.0x), Avg.   118 ms, Total. 118.4 ms (1.1%)
[Performance] Application.InitializeMenu                                                                                     :        1 samples, Peak.  64.9 ms (1.0x), Avg.  64.9 ms, Total. 64.92 ms (0.6%)
[Performance] Menu.RebuildAll                                                                                                :        1 samples, Peak.  64.9 ms (1.0x), Avg.  64.9 ms, Total. 64.88 ms (0.6%)
[Performance] Menu.BuildRegisteredMenuInterfaces                                                                             :        1 samples, Peak.  62.4 ms (1.0x), Avg.  62.4 ms, Total. 62.43 ms (0.6%)
[Performance] Menu.FilterMenuItem                                                                                            :      469 samples, Peak.  17.2 ms (463.7x), Avg.  37.0 us, Total. 17.35 ms (0.2%)
[Performance] UpdateAllMenus                                                                                                 :        1 samples, Peak.   456 us (1.0x), Avg.   456 us, Total. 456.0 us (0.0%)
[Performance] Menu.RebuildOSMainMenu                                                                                         :        3 samples, Peak.  2.15 ms (1.2x), Avg.  1.77 ms, Total. 5.309 ms (0.0%)
[Performance] EditorSceneManager.sceneClosing: UnityEditor.SceneVisibilityManager.EditorSceneManagerOnSceneClosing           :        2 samples, Peak.   257 us (2.0x), Avg.   131 us, Total. 261.4 us (0.0%)
[Performance] GUIView.RepaintAll.PlayerLoopController                                                                        :        2 samples, Peak.  2.60 us (1.3x), Avg.  2.00 us, Total. 4.000 us (0.0%)
[Performance] EditorSceneManager.newSceneCreated: UnityEditor.SceneTemplate.SceneTemplateService.OnNewSceneCreated           :        1 samples, Peak.   234 us (1.0x), Avg.   234 us, Total. 233.5 us (0.0%)
[Performance] EditorSceneManager.newSceneCreated: UnityEditor.SceneVisibilityManager.EditorSceneManagerOnNewSceneCreated     :        1 samples, Peak.   177 us (1.0x), Avg.   177 us, Total. 177.2 us (0.0%)
[Performance] EditorSceneManager.newSceneCreated: UnityEditor.SceneManagement.StageNavigationManager.OnNewSceneCreated       :        1 samples, Peak.  53.1 us (1.0x), Avg.  53.1 us, Total. 53.10 us (0.0%)
[Performance] Application.InvokeFinishedLoadingProject                                                                       :        1 samples, Peak.   662 us (1.0x), Avg.   662 us, Total. 662.2 us (0.0%)
[Performance] ProcessService.OnProjectLoaded                                                                                 :        1 samples, Peak.  32.8 us (1.0x), Avg.  32.8 us, Total. 32.80 us (0.0%)
[Performance] AssetDatabase.ImportAsset                                                                                      :       97 samples, Peak.  22.8 ms (2.8x), Avg.  8.25 ms, Total. 799.8 ms (7.5%)
[Performance] TextureImporter.Import                                                                                         :       96 samples, Peak.  2.93 ms (3.5x), Avg.   845 us, Total. 81.13 ms (0.8%)
[Performance] BuilderAssetModificationProcessor.OnWillSaveAssets                                                             :        6 samples, Peak.   417 us (5.6x), Avg.  74.2 us, Total. 445.2 us (0.0%)
[Performance] TerrainModificationProcessor.OnWillSaveAssets                                                                  :        6 samples, Peak.   724 us (5.9x), Avg.   122 us, Total. 732.0 us (0.0%)
[Performance] AssetDatabase.Refresh                                                                                          :        2 samples, Peak.  13.0 ms (1.8x), Avg.  7.39 ms, Total. 14.79 ms (0.1%)
[Performance] Inspector.InitOrRebuild                                                                                        :        2 samples, Peak.   334 us (1.5x), Avg.   219 us, Total. 438.6 us (0.0%)
[Performance] GenerateAssemblyTypeInfos                                                                                      :        2 samples, Peak.  6.93 ms (1.6x), Avg.  4.44 ms, Total. 8.890 ms (0.1%)
[Performance] EditorApplication.quitting: callback in UnityEditor.TextCore.Text.EditorEventCallbacks                         :        1 samples, Peak.  2.87 ms (1.0x), Avg.  2.87 ms, Total. 2.866 ms (0.0%)
[Performance] Application.Shutdown.PauseProfilerSession                                                                      :        1 samples, Peak.  42.1 us (1.0x), Avg.  42.1 us, Total. 42.10 us (0.0%)
[Performance] Application.Shutdown.PauseAssetImportWorkers                                                                   :        1 samples, Peak.  84.5 us (1.0x), Avg.  84.5 us, Total. 84.50 us (0.0%)
[Performance] Application.Shutdown.SaveAssets                                                                                :        1 samples, Peak.  2.76 ms (1.0x), Avg.  2.76 ms, Total. 2.761 ms (0.0%)
[Performance] Application.Shutdown.CleanupRenderPipeline                                                                     :        1 samples, Peak.  4.50 us (1.0x), Avg.  4.50 us, Total. 4.500 us (0.0%)
[Performance] Application.Shutdown.StopPreloadManager                                                                        :        1 samples, Peak.  9.97 ms (1.0x), Avg.  9.97 ms, Total. 9.974 ms (0.1%)
[Performance] Application.Shutdown.DestroyWorld                                                                              :        1 samples, Peak.   335 us (1.0x), Avg.   335 us, Total. 335.2 us (0.0%)
[Performance] Application.Shutdown.CleanupAfterLoad                                                                          :        1 samples, Peak.  2.45 ms (1.0x), Avg.  2.45 ms, Total. 2.448 ms (0.0%)
[Performance] Application.Shutdown.Progress                                                                                  :        1 samples, Peak.  11.1 us (1.0x), Avg.  11.1 us, Total. 11.10 us (0.0%)
[Performance] Application.Shutdown.GICleanupManagers                                                                         :        1 samples, Peak.   448 us (1.0x), Avg.   448 us, Total. 448.2 us (0.0%)
[Performance] Application.Shutdown.MenuCleanupClass                                                                          :        1 samples, Peak.   106 us (1.0x), Avg.   106 us, Total. 106.3 us (0.0%)
[Performance] Application.Shutdown.ADBSaveStateBeforeShutdown                                                                :        1 samples, Peak.  6.20 us (1.0x), Avg.  6.20 us, Total. 6.200 us (0.0%)
[Performance] Application.Shutdown.RemoteShutdown                                                                            :        1 samples, Peak.   700 ns (1.0x), Avg.   700 ns, Total. 700.0 ns (0.0%)
[Performance] Application.Shutdown.CleanupVCProvider                                                                         :        1 samples, Peak.  9.70 us (1.0x), Avg.  9.70 us, Total. 9.700 us (0.0%)
[Performance] Application.Shutdown.InputShutdown                                                                             :        1 samples, Peak.  2.70 us (1.0x), Avg.  2.70 us, Total. 2.700 us (0.0%)
[Performance] Application.Shutdown.GizmoManagerDestroy                                                                       :        1 samples, Peak.   779 us (1.0x), Avg.   779 us, Total. 778.8 us (0.0%)
[Performance] Application.Shutdown.ProfilerSession                                                                           :        1 samples, Peak.   186 us (1.0x), Avg.   186 us, Total. 186.4 us (0.0%)
[Performance] Application.Shutdown.ReleaseGfxWindowOnAllGUIViews                                                             :        1 samples, Peak.   400 ns (1.0x), Avg.   400 ns, Total. 400.0 ns (0.0%)
[Performance] Application.Shutdown.CleanupEngine                                                                             :        1 samples, Peak.  90.6 ms (1.0x), Avg.  90.6 ms, Total. 90.59 ms (0.8%)
[Performance] Application.Shutdown.CleanupAssetDatabase                                                                      :        1 samples, Peak.  3.48 ms (1.0x), Avg.  3.48 ms, Total. 3.477 ms (0.0%)
[Performance] Application.Shutdown.ScriptCompilationCleanUp                                                                  :        1 samples, Peak.  16.3 ms (1.0x), Avg.  16.3 ms, Total. 16.25 ms (0.2%)
[Performance] Application.Shutdown.DestroyJobSystem                                                                          :        1 samples, Peak.   186 us (1.0x), Avg.   186 us, Total. 185.9 us (0.0%)
[Performance] Application.Shutdown.CleanupPersistentManager                                                                  :        1 samples, Peak.   316 us (1.0x), Avg.   316 us, Total. 316.1 us (0.0%)
[Performance] Application.Shutdown.CleanupAsyncReadManager                                                                   :        1 samples, Peak.   229 us (1.0x), Avg.   229 us, Total. 228.7 us (0.0%)
[Performance] Application.Shutdown.CleanupProgressBar                                                                        :        1 samples, Peak.   400 ns (1.0x), Avg.   400 ns, Total. 400.0 ns (0.0%)
[Performance] Application.Shutdown.CleanupMono                                                                               :        1 samples, Peak.  58.3 ms (1.0x), Avg.  58.3 ms, Total. 58.32 ms (0.5%)
[Performance] Application.Shutdown.CleanupStdConverters                                                                      :        1 samples, Peak.  11.7 us (1.0x), Avg.  11.7 us, Total. 11.70 us (0.0%)
[Performance] Application.Shutdown.UnloadAllPlatformSupportModuleNativeDlls                                                  :        1 samples, Peak.   500 ns (1.0x), Avg.   500 ns, Total. 500.0 ns (0.0%)
[Performance] Application.Shutdown.UnloadAllPlatformSupportNativeLibraries                                                   :        1 samples, Peak.   100 ns (1.0x), Avg.   100 ns, Total. 100.0 ns (0.0%)
[Performance] Application.Shutdown.CleanupAutoDocumentation                                                                  :        1 samples, Peak.   568 us (1.0x), Avg.   568 us, Total. 567.7 us (0.0%)
[Performance] Application.Shutdown.ShaderNameManagerDestroy                                                                  :        1 samples, Peak.  76.5 us (1.0x), Avg.  76.5 us, Total. 76.50 us (0.0%)
[Performance] Application.Shutdown.CleanupCacheServer                                                                        :        1 samples, Peak.   100 ns (1.0x), Avg.   100 ns, Total. 100.0 ns (0.0%)
[Performance] Application.Shutdown.Virtualization_Shutdown                                                                   :        1 samples, Peak.   500 ns (1.0x), Avg.   500 ns, Total. 500.0 ns (0.0%)
[Performance] Application.Shutdown.DevConnections                                                                            :        1 samples, Peak.   127 us (1.0x), Avg.   127 us, Total. 126.7 us (0.0%)
Exiting batchmode successfully now!
Exiting without the bug reporter. Application will terminate with return code 0