[Licensing::Module] Trying to connect to existing licensing client channel...
[Licensing::IpcConnector] Successfully connected to: "LicenseClient-ryu" at "2026-06-10T15:11:35.6595367Z"
[Licensing::Client] Code 10 while verifying Licensing Client signature (process Id: 6760, path: "C:/Program Files/Unity Hub/UnityLicensingClient_V1/Unity.Licensing.Client.exe")
[Licensing::Module] LicensingClient has failed validation; ignoring
[Licensing::Client] Handshaking with LicensingClient:
  Version:                 1.17.4+4293ba1
  Session Id:              d4bc9bd304e247418e5c869dc35cf7fd
  Correlation Id:          a4ec32d7fa3ccb5e3ca9521351e72f06
  External correlation Id: 8329997058189760804
  Machine Id:              DmiLKw+t5DT3/hMBSqk+rgCMFBw=
[Licensing::Module] Successfully connected to LicensingClient on channel: "LicenseClient-ryu" (connect: 0.00s, validation: 0.01s, handshake: 0.04s)
[Licensing::IpcConnector] Successfully connected to: "LicenseClient-ryu-notifications" at "2026-06-10T15:11:35.7116206Z"
[Licensing::Module] Error: Access token is unavailable; failed to update
[Licensing::Client] Successfully updated license
Built from '2022.3/respin/2022.3.62f2-4af31df585-v2' branch; Version is '2022.3.62f3 (96770f904ca7) revision 9860879'; Using compiler version '192829333'; Build Type 'Release'
OS: 'Windows 11  (10.0.26200) 64bit Professional' Language: 'ko' Physical Memory: 16300 MB
[Licensing::Client] Successfully resolved entitlement details
[Licensing::Module] Serial number assigned to: "14568691939415-UnityPersXXXX"
BatchMode: 1, IsHumanControllingUs: 0, StartBugReporterOnCrash: 0, Is64bit: 1, IsPro: 0
[Licensing::Client] Successfully resolved entitlement details

COMMAND LINE ARGUMENTS:
C:\Program Files\Unity\Hub\Editor\2022.3.62f3\Editor\Unity.exe
-batchmode
-nographics
-projectPath
C:\Users\ryu\Documents\Codex\2026-06-10\files-mentioned-by-the-user-3
-executeMethod
ProjectAPlus.Editor.ProjectAPlusAssetGenerator.RunAllStagesSmokeTest
-logFile
C:\Users\ryu\Documents\Codex\2026-06-10\files-mentioned-by-the-user-3\work\unity-all-stages-final.log
Successfully changed project path to: C:\Users\ryu\Documents\Codex\2026-06-10\files-mentioned-by-the-user-3
C:/Users/ryu/Documents/Codex/2026-06-10/files-mentioned-by-the-user-3
[UnityMemory] Configuration Parameters - Can be set up in boot.config
    "memorysetup-bucket-allocator-granularity=16"
    "memorysetup-bucket-allocator-bucket-count=8"
    "memorysetup-bucket-allocator-block-size=33554432"
    "memorysetup-bucket-allocator-block-count=8"
    "memorysetup-main-allocator-block-size=16777216"
    "memorysetup-thread-allocator-block-size=16777216"
    "memorysetup-gfx-main-allocator-block-size=16777216"
    "memorysetup-gfx-thread-allocator-block-size=16777216"
    "memorysetup-cache-allocator-block-size=4194304"
    "memorysetup-typetree-allocator-block-size=2097152"
    "memorysetup-profiler-bucket-allocator-granularity=16"
    "memorysetup-profiler-bucket-allocator-bucket-count=8"
    "memorysetup-profiler-bucket-allocator-block-size=33554432"
    "memorysetup-profiler-bucket-allocator-block-count=8"
    "memorysetup-profiler-allocator-block-size=16777216"
    "memorysetup-profiler-editor-allocator-block-size=1048576"
    "memorysetup-temp-allocator-size-main=16777216"
    "memorysetup-job-temp-allocator-block-size=2097152"
    "memorysetup-job-temp-allocator-block-size-background=1048576"
    "memorysetup-job-temp-allocator-reduction-small-platforms=262144"
    "memorysetup-allocator-temp-initial-block-size-main=262144"
    "memorysetup-allocator-temp-initial-block-size-worker=262144"
    "memorysetup-temp-allocator-size-background-worker=32768"
    "memorysetup-temp-allocator-size-job-worker=262144"
    "memorysetup-temp-allocator-size-preload-manager=33554432"
    "memorysetup-temp-allocator-size-nav-mesh-worker=65536"
    "memorysetup-temp-allocator-size-audio-worker=65536"
    "memorysetup-temp-allocator-size-cloud-worker=32768"
    "memorysetup-temp-allocator-size-gi-baking-worker=262144"
    "memorysetup-temp-allocator-size-gfx=262144"
Player connection [14576]  Target information:

Player connection [14576]  * "[IP] 192.168.45.15 [Port] 55504 [Flags] 2 [Guid] 2171441975 [EditorId] 2171441975 [Version] 1048832 [Id] WindowsEditor(7,DESKTOP-27JCNNG) [Debug] 1 [PackageName] WindowsEditor [ProjectName] Editor" 

Player connection [14576]  * "[IP] 10.121.44.238 [Port] 55504 [Flags] 2 [Guid] 2171441975 [EditorId] 2171441975 [Version] 1048832 [Id] WindowsEditor(7,DESKTOP-27JCNNG) [Debug] 1 [PackageName] WindowsEditor [ProjectName] Editor" 

Player connection [14576] Host joined multi-casting on [225.0.0.222:54997]...
Player connection [14576] Host joined alternative multi-casting on [225.0.0.222:34997]...
Input System module state changed to: Initialized.
[PhysX] Initialized MultithreadedTaskDispatcher with 16 workers.
[Package Manager] UpmClient::Connect -- Connected to IPC stream "Upm-28596" after 0.4 seconds.
[Package Manager] Restoring resolved packages state from cache
[Licensing::Client] Successfully resolved entitlement details
[Package Manager] Registered 7 packages:
  Built-in packages:
    com.unity.modules.audio@1.0.0 (location: C:\Users\ryu\Documents\Codex\2026-06-10\files-mentioned-by-the-user-3\Library\PackageCache\com.unity.modules.audio@1.0.0)
    com.unity.modules.imageconversion@1.0.0 (location: C:\Users\ryu\Documents\Codex\2026-06-10\files-mentioned-by-the-user-3\Library\PackageCache\com.unity.modules.imageconversion@1.0.0)
    com.unity.modules.jsonserialize@1.0.0 (location: C:\Users\ryu\Documents\Codex\2026-06-10\files-mentioned-by-the-user-3\Library\PackageCache\com.unity.modules.jsonserialize@1.0.0)
    com.unity.modules.physics2d@1.0.0 (location: C:\Users\ryu\Documents\Codex\2026-06-10\files-mentioned-by-the-user-3\Library\PackageCache\com.unity.modules.physics2d@1.0.0)
    com.unity.modules.ui@1.0.0 (location: C:\Users\ryu\Documents\Codex\2026-06-10\files-mentioned-by-the-user-3\Library\PackageCache\com.unity.modules.ui@1.0.0)
    com.unity.ugui@1.0.0 (location: C:\Users\ryu\Documents\Codex\2026-06-10\files-mentioned-by-the-user-3\Library\PackageCache\com.unity.ugui@1.0.0)
    com.unity.modules.imgui@1.0.0 (location: C:\Users\ryu\Documents\Codex\2026-06-10\files-mentioned-by-the-user-3\Library\PackageCache\com.unity.modules.imgui@1.0.0)
[Subsystems] No new subsystems found in resolved package list.
Package Manager log level set to [2]
[Package Manager] Done registering packages in 0.06 seconds
Artifact Garbage Collection - Removed 2 unused hashed content files
Refreshing native plugins compatible for Editor in 0.00 ms, found 0 plugins.
Preloading 0 native plugins for Editor in 0.00 ms.
Initialize engine version: 2022.3.62f3 (96770f904ca7)
[Subsystems] Discovering subsystems at path C:/Program Files/Unity/Hub/Editor/2022.3.62f3/Editor/Data/Resources/UnitySubsystems
[Subsystems] Discovering subsystems at path C:/Users/ryu/Documents/Codex/2026-06-10/files-mentioned-by-the-user-3/Assets
Forcing GfxDevice: Null
GfxDevice: creating device client; threaded=0; jobified=0
NullGfxDevice:
    Version:  NULL 1.0 [1.0]
    Renderer: Null Device
    Vendor:   Unity Technologies
[Licensing::Client] Successfully resolved entitlement details
Initialize mono
Mono path[0] = 'C:/Program Files/Unity/Hub/Editor/2022.3.62f3/Editor/Data/Managed'
Mono path[1] = 'C:/Program Files/Unity/Hub/Editor/2022.3.62f3/Editor/Data/MonoBleedingEdge/lib/mono/unityjit-win32'
Mono config path = 'C:/Program Files/Unity/Hub/Editor/2022.3.62f3/Editor/Data/MonoBleedingEdge/etc'
Using monoOptions --debugger-agent=transport=dt_socket,embedding=1,server=y,suspend=n,address=127.0.0.1:56596
Using cacheserver namespaces - metadata:defaultmetadata, artifacts:defaultartifacts
Using cacheserver namespaces - metadata:defaultmetadata, artifacts:defaultartifacts
ImportWorker Server TCP listen port: 0
Begin MonoManager ReloadAssembly
Registering precompiled unity dll's ...
Register platform support module: C:/Program Files/Unity/Hub/Editor/2022.3.62f3/Editor/Data/PlaybackEngines/WindowsStandaloneSupport/UnityEditor.WindowsStandalone.Extensions.dll
Registered in 0.008636 seconds.
- Loaded All Assemblies, in  0.369 seconds
Native extension for WindowsStandalone target not found
Mono: successfully reloaded assembly
- Finished resetting the current domain, in  0.270 seconds
Domain Reload Profiling: 637ms
	BeginReloadAssembly (111ms)
		ExecutionOrderSort (0ms)
		DisableScriptedObjects (0ms)
		BackupInstance (0ms)
		ReleaseScriptingObjects (0ms)
		CreateAndSetChildDomain (1ms)
	RebuildCommonClasses (33ms)
	RebuildNativeTypeToScriptingClass (10ms)
	initialDomainReloadingComplete (63ms)
	LoadAllAssembliesAndSetupDomain (149ms)
		LoadAssemblies (109ms)
		RebuildTransferFunctionScriptingTraits (0ms)
		AnalyzeDomain (147ms)
			TypeCache.Refresh (146ms)
				TypeCache.ScanAssembly (132ms)
			ScanForSourceGeneratedMonoScriptInfo (0ms)
			ResolveRequiredComponents (0ms)
	FinalizeReload (271ms)
		ReleaseScriptCaches (0ms)
		RebuildScriptCaches (0ms)
		SetupLoadedEditorAssemblies (215ms)
			LogAssemblyErrors (0ms)
			InitializePlatformSupportModulesInManaged (10ms)
			SetLoadedEditorAssemblies (7ms)
			RefreshPlugins (0ms)
			BeforeProcessingInitializeOnLoad (2ms)
			ProcessInitializeOnLoadAttributes (144ms)
			ProcessInitializeOnLoadMethodAttributes (52ms)
			AfterProcessingInitializeOnLoad (0ms)
			EditorAssembliesLoaded (0ms)
		ExecutionOrderSort2 (0ms)
		AwakeInstancesAfterBackupRestoration (0ms)
[Licensing::Client] Successfully resolved entitlement details
Application.AssetDatabase Initial Refresh Start
[ScriptCompilation] Requested script compilation because: Assetdatabase observed changes in script compilation related files
info: Microsoft.Hosting.Lifetime[14]
      Now listening on: http://localhost:80
info: Microsoft.Hosting.Lifetime[0]
      Application started. Press Ctrl+C to shut down.
info: Microsoft.Hosting.Lifetime[0]
      Hosting environment: Production
info: Microsoft.Hosting.Lifetime[0]
      Content root path: C:\Users\ryu\Documents\Codex\2026-06-10\files-mentioned-by-the-user-3\
info: Microsoft.AspNetCore.Hosting.Diagnostics[1]
      Request starting HTTP/2 POST http://ilpp/UnityILPP.PostProcessing/Ping application/grpc -
info: Microsoft.AspNetCore.Routing.EndpointMiddleware[0]
      Executing endpoint 'gRPC - /UnityILPP.PostProcessing/Ping'
info: Microsoft.AspNetCore.Routing.EndpointMiddleware[1]
      Executed endpoint 'gRPC - /UnityILPP.PostProcessing/Ping'
info: Microsoft.AspNetCore.Hosting.Diagnostics[2]
      Request finished HTTP/2 POST http://ilpp/UnityILPP.PostProcessing/Ping application/grpc - - 200 - application/grpc 48.6835ms
Starting: C:\Program Files\Unity\Hub\Editor\2022.3.62f3\Editor\Data\bee_backend.exe --ipc --defer-dag-verification --dagfile="Library/Bee/1900b0aE.dag" --continue-on-failure --profile="Library/Bee/backend1.traceevents" ScriptAssemblies
WorkingDir: C:/Users/ryu/Documents/Codex/2026-06-10/files-mentioned-by-the-user-3
DisplayProgressbar: Compiling Scripts
ExitCode: 0 Duration: 1s858ms
[115/121    1s] Csc Library/Bee/artifacts/1900b0aE.dag/ProjectAPlus.Runtime.dll (+2 others)
[116/121    0s] CopyFiles Library/ScriptAssemblies/ProjectAPlus.Runtime.pdb
[117/121    0s] Csc Library/Bee/artifacts/1900b0aE.dag/Assembly-CSharp-Editor.dll (+2 others)
[118/121    0s] CopyFiles Library/ScriptAssemblies/Assembly-CSharp-Editor.pdb
[119/121    0s] CopyFiles Library/ScriptAssemblies/ProjectAPlus.Runtime.dll
[120/121    0s] CopyFiles Library/ScriptAssemblies/Assembly-CSharp-Editor.dll
*** Tundra build success (1.82 seconds), 6 items updated, 121 evaluated
AssetDatabase: script compilation time: 2.395232s
Begin MonoManager ReloadAssembly
Total cache size 2574824
Total cache size after purge 2574824
- Loaded All Assemblies, in  0.674 seconds
Refreshing native plugins compatible for Editor in 0.00 ms, found 0 plugins.
Preloading 0 native plugins for Editor in 0.00 ms.
Start importing Assets/ProjectAPlus/Scripts/Core/UIManager.cs using Guid(004cfa0ee140d4348b45a270baac7a8a) Importer(-1,00000000000000000000000000000000) [PhysX] Initialized MultithreadedTaskDispatcher with 16 workers.
 -> (artifact id: '018f551786056072659ed5114c06fd07') in 0.017455 seconds
Start importing Assets/ProjectAPlus/Scripts/Core/StageManager.cs using Guid(197ff8c0a8d2c5b46ad1a69ab7f73e47) Importer(-1,00000000000000000000000000000000) [PhysX] Initialized MultithreadedTaskDispatcher with 16 workers.
 -> (artifact id: '645f396440c8f36dc57aaa5e640c27b2') in 0.002902 seconds
Refreshing native plugins compatible for Editor in 0.00 ms, found 0 plugins.
Native extension for WindowsStandalone target not found
Mono: successfully reloaded assembly
- Finished resetting the current domain, in  0.358 seconds
Domain Reload Profiling: 1028ms
	BeginReloadAssembly (190ms)
		ExecutionOrderSort (0ms)
		DisableScriptedObjects (7ms)
		BackupInstance (0ms)
		ReleaseScriptingObjects (0ms)
		CreateAndSetChildDomain (29ms)
	RebuildCommonClasses (51ms)
	RebuildNativeTypeToScriptingClass (12ms)
	initialDomainReloadingComplete (35ms)
	LoadAllAssembliesAndSetupDomain (382ms)
		LoadAssemblies (474ms)
		RebuildTransferFunctionScriptingTraits (0ms)
		AnalyzeDomain (11ms)
			TypeCache.Refresh (7ms)
				TypeCache.ScanAssembly (3ms)
			ScanForSourceGeneratedMonoScriptInfo (2ms)
			ResolveRequiredComponents (2ms)
	FinalizeReload (358ms)
		ReleaseScriptCaches (0ms)
		RebuildScriptCaches (0ms)
		SetupLoadedEditorAssemblies (243ms)
			LogAssemblyErrors (0ms)
			InitializePlatformSupportModulesInManaged (7ms)
			SetLoadedEditorAssemblies (5ms)
			RefreshPlugins (0ms)
			BeforeProcessingInitializeOnLoad (48ms)
			ProcessInitializeOnLoadAttributes (154ms)
			ProcessInitializeOnLoadMethodAttributes (20ms)
			AfterProcessingInitializeOnLoad (9ms)
			EditorAssembliesLoaded (0ms)
		ExecutionOrderSort2 (0ms)
		AwakeInstancesAfterBackupRestoration (9ms)
Refreshing native plugins compatible for Editor in 0.00 ms, found 0 plugins.
Preloading 0 native plugins for Editor in 0.00 ms.
Asset Pipeline Refresh (id=bc15fe88f27267348b5591725bb0ec23): Total: 3.749 seconds - Initiated by InitialRefreshV2(ForceSynchronousImport)
	Summary:
		Imports: total=2 (actual=2, local cache=0, cache server=0)
		Asset DB Process Time: managed=3 ms, native=211 ms
		Asset DB Callback time: managed=58 ms, native=3 ms
		Scripting: domain reloads=1, domain reload time=1060 ms, compile time=2397 ms, other=13 ms
		Project Asset Count: scripts=345, non-scripts=66
		Asset File Changes: new=0, changed=2, moved=0, deleted=0
		Scan Filter Count: 0
	InvokeBeforeRefreshCallbacks: 1.276ms
	ApplyChangesToAssetFolders: 0.022ms
	Scan: 43.136ms
	OnSourceAssetsModified: 2.902ms
	GetAllGuidsForCategorization: 0.086ms
	CategorizeAssets: 4.282ms
	ImportOutOfDateAssets: 386.175ms (-2039.196ms without children)
		ImportManagerImport: 25.878ms (5.128ms without children)
			ImportInProcess: 20.712ms
			UpdateCategorizedAssets: 0.037ms
		CompileScripts: 2396.887ms
		ReloadNativeAssets: 0.001ms
		UnloadImportedAssets: 1.186ms
		ReloadImportedAssets: 0.855ms
		EnsureUptoDateAssetsAreRegisteredWithGuidPM: 0.113ms
		InitializingProgressBar: 0.009ms
		PostProcessAllAssetNotificationsAddChangedAssets: 0.001ms
		OnDemandSchedulerStart: 0.442ms
	PostProcessAllAssets: 57.461ms
	Hotreload: 0.586ms
	GatherAllCurrentPrimaryArtifactRevisions: 0.000ms
	UnloadStreamsBegin: 0.380ms
	PersistCurrentRevisions: 0.064ms
	UnloadStreamsEnd: 0.007ms
	GenerateScriptTypeHashes: 0.037ms
	Untracked: 3252.320ms
Application.AssetDatabase Initial Refresh End
Scanning for USB devices : 5.231ms
Initializing Unity extensions:
[Licensing::Client] Successfully resolved entitlement details
[MODES] ModeService[none].Initialize
[MODES] ModeService[none].LoadModes
[MODES] Loading mode Default (0) for mode-current-id-Project A+
[PhysX] Initialized MultithreadedTaskDispatcher with 16 workers.
ProgressiveSceneManager::Cancel()
Unloading 3 Unused Serialized files (Serialized files now loaded: 0)
Unloading 14 unused Assets / (469.7 KB). Loaded Objects now: 752.
Memory consumption went from 79.0 MB to 78.5 MB.
Total: 2.668000 ms (FindLiveObjects: 0.060400 ms CreateObjectMapping: 0.010600 ms MarkObjects: 2.387100 ms  DeleteObjects: 0.209000 ms)

Opening scene 'Assets/ProjectAPlus/Scenes/BootScene.unity'
[PhysX] Initialized MultithreadedTaskDispatcher with 16 workers.
Unloading 0 Unused Serialized files (Serialized files now loaded: 0)
Loaded scene 'Assets/ProjectAPlus/Scenes/BootScene.unity'
	Deserialize:            1.155 ms
	Integration:            4.688 ms
	Integration of assets:  0.002 ms
	Thread Wait Time:       0.014 ms
	Total Operation Time:   5.859 ms
Unloading 1 unused Assets / (Unknown). Loaded Objects now: 755.
Memory consumption went from 77.1 MB to 77.1 MB.
Total: 2.734800 ms (FindLiveObjects: 0.130900 ms CreateObjectMapping: 0.045200 ms MarkObjects: 2.544200 ms  DeleteObjects: 0.013400 ms)

Microsoft Media Foundation video decoding to texture disabled: graphics device is Null, only Direct3D 11 and Direct3D 12 (only on desktop) are supported for hardware-accelerated video decoding.
[Project] Loading completed in 6.174 seconds
	Project init time: 				5.400 seconds
		Template init time: 		0.000 seconds
		Package Manager init time: 		0.400 seconds
		Asset Database init time: 		0.189 seconds
		Global illumination init time: 	0.003 seconds
		Assemblies load time: 			0.664 seconds
		Unity extensions init time: 	0.001 seconds
		Asset Database refresh time: 	0.000 seconds
	Scene opening time: 			0.126 seconds
##utp:{"type":"ProjectInfo","version":2,"phase":"Immediate","time":1781104301810,"processId":28596,"projectLoad":6.1742376,"projectInit":5.3999356,"templateInit":0.0,"packageManagerInit":0.4002835,"assetDatabaseInit":0.1886087,"globalIlluminationInit":0.0031034,"assembliesLoad":0.6636217,"unityExtensionsInit":0.0006456,"assetDatabaseRefresh":0.0,"sceneOpening":0.1261572}
##utp:{"type":"EditorInfo","version":2,"phase":"Immediate","time":1781104301810,"processId":28596,"editorVersion":"2022.3.62f3 (96770f904ca7)","branch":"2022.3/respin/2022.3.62f2-4af31df585-v2","buildType":"Release","platform":"Windows"}
Reloading assemblies for play mode.
Reloading assemblies after forced synchronous recompile.
Begin MonoManager ReloadAssembly
- Loaded All Assemblies, in  0.237 seconds
Refreshing native plugins compatible for Editor in 0.00 ms, found 0 plugins.
Native extension for WindowsStandalone target not found
Mono: successfully reloaded assembly
- Finished resetting the current domain, in  0.353 seconds
Domain Reload Profiling: 587ms
	BeginReloadAssembly (149ms)
		ExecutionOrderSort (0ms)
		DisableScriptedObjects (5ms)
		BackupInstance (0ms)
		ReleaseScriptingObjects (0ms)
		CreateAndSetChildDomain (33ms)
	RebuildCommonClasses (36ms)
	RebuildNativeTypeToScriptingClass (11ms)
	initialDomainReloadingComplete (29ms)
	LoadAllAssembliesAndSetupDomain (10ms)
		LoadAssemblies (93ms)
		RebuildTransferFunctionScriptingTraits (0ms)
		AnalyzeDomain (7ms)
			TypeCache.Refresh (3ms)
				TypeCache.ScanAssembly (0ms)
			ScanForSourceGeneratedMonoScriptInfo (0ms)
			ResolveRequiredComponents (2ms)
	FinalizeReload (353ms)
		ReleaseScriptCaches (0ms)
		RebuildScriptCaches (0ms)
		SetupLoadedEditorAssemblies (215ms)
			LogAssemblyErrors (0ms)
			InitializePlatformSupportModulesInManaged (7ms)
			SetLoadedEditorAssemblies (5ms)
			RefreshPlugins (0ms)
			BeforeProcessingInitializeOnLoad (37ms)
			ProcessInitializeOnLoadAttributes (130ms)
			ProcessInitializeOnLoadMethodAttributes (28ms)
			AfterProcessingInitializeOnLoad (9ms)
			EditorAssembliesLoaded (0ms)
		ExecutionOrderSort2 (0ms)
		AwakeInstancesAfterBackupRestoration (5ms)
Asset Pipeline Refresh (id=cba74c560737fd64d975570713bb410f): Total: 0.639 seconds - Initiated by StopAssetImportingV2(ForceSynchronousImport | ForceDomainReload)
	Summary:
		Imports: total=0 (actual=0, local cache=0, cache server=0)
		Asset DB Process Time: managed=0 ms, native=24 ms
		Asset DB Callback time: managed=11 ms, native=1 ms
		Scripting: domain reloads=1, domain reload time=600 ms, compile time=2 ms, other=0 ms
		Project Asset Count: scripts=345, non-scripts=66
		Asset File Changes: new=0, changed=0, moved=0, deleted=0
		Scan Filter Count: 0
	InvokeBeforeRefreshCallbacks: 1.003ms
	ApplyChangesToAssetFolders: 0.014ms
	Scan: 0.001ms
	OnSourceAssetsModified: 0.001ms
	GetAllGuidsForCategorization: 0.069ms
	CategorizeAssets: 3.087ms
	ImportOutOfDateAssets: 353.491ms (351.516ms without children)
		CompileScripts: 1.762ms
		CollectScriptTypesHashes: 0.000ms
		ReloadNativeAssets: 0.000ms
		UnloadImportedAssets: 0.051ms
		EnsureUptoDateAssetsAreRegisteredWithGuidPM: 0.076ms
		InitializingProgressBar: 0.000ms
		PostProcessAllAssetNotificationsAddChangedAssets: 0.001ms
		OnDemandSchedulerStart: 0.084ms
	PostProcessAllAssets: 11.432ms
	GatherAllCurrentPrimaryArtifactRevisions: 0.035ms
	UnloadStreamsBegin: 0.052ms
	PersistCurrentRevisions: 0.013ms
	UnloadStreamsEnd: 0.002ms
	GenerateScriptTypeHashes: 0.015ms
	Untracked: 269.867ms
[PhysX] Initialized MultithreadedTaskDispatcher with 16 workers.
Project A+ core validation passed.
UnityEngine.StackTraceUtility:ExtractStackTrace ()
UnityEngine.DebugLogHandler:LogFormat (UnityEngine.LogType,UnityEngine.Object,string,object[])
UnityEngine.Logger:Log (UnityEngine.LogType,object)
UnityEngine.Debug:Log (object)
ProjectAPlus.ProjectValidator:LogResult () (at Assets/ProjectAPlus/Scripts/Utility/ProjectValidator.cs:33)
ProjectAPlus.GameManager:Awake () (at Assets/ProjectAPlus/Scripts/Core/GameManager.cs:46)
UnityEngine.GameObject:AddComponent (System.Type)
UnityEngine.GameObject:AddComponent<ProjectAPlus.GameManager> ()
ProjectAPlus.GameManager:Bootstrap () (at Assets/ProjectAPlus/Scripts/Core/GameManager.cs:26)

(Filename: Assets/ProjectAPlus/Scripts/Utility/ProjectValidator.cs Line: 33)

Project A+ title ready.
UnityEngine.StackTraceUtility:ExtractStackTrace ()
UnityEngine.DebugLogHandler:LogFormat (UnityEngine.LogType,UnityEngine.Object,string,object[])
UnityEngine.Logger:Log (UnityEngine.LogType,object)
UnityEngine.Debug:Log (object)
ProjectAPlus.GameManager:Awake () (at Assets/ProjectAPlus/Scripts/Core/GameManager.cs:52)
UnityEngine.GameObject:AddComponent (System.Type)
UnityEngine.GameObject:AddComponent<ProjectAPlus.GameManager> ()
ProjectAPlus.GameManager:Bootstrap () (at Assets/ProjectAPlus/Scripts/Core/GameManager.cs:26)

(Filename: Assets/ProjectAPlus/Scripts/Core/GameManager.cs Line: 52)

Loaded scene 'Temp/__Backupscenes/0.backup'
	Deserialize:            0.458 ms
	Integration:            174.832 ms
	Integration of assets:  0.002 ms
	Thread Wait Time:       0.006 ms
	Total Operation Time:   175.297 ms
[MODES] ModeService[none].Initialize
[MODES] ModeService[none].LoadModes
[MODES] Loading mode Default (0) for mode-current-id-Project A+
Sprite Tiling might not appear correctly because the Sprite used is not generated with Full Rect. To fix this, change the Mesh Type in the Sprite's import setting to Full Rect
UnityEngine.StackTraceUtility:ExtractStackTrace ()
ProjectAPlus.StageManager:Platform (UnityEngine.Vector2,UnityEngine.Vector2,UnityEngine.Color) (at Assets/ProjectAPlus/Scripts/Core/StageManager.cs:118)
ProjectAPlus.StageManager:BuildEnvironment () (at Assets/ProjectAPlus/Scripts/Core/StageManager.cs:68)
ProjectAPlus.StageManager:Load (ProjectAPlus.StageData) (at Assets/ProjectAPlus/Scripts/Core/StageManager.cs:36)
ProjectAPlus.GameManager:LoadStage (int) (at Assets/ProjectAPlus/Scripts/Core/GameManager.cs:108)
ProjectAPlus.Editor.ProjectAPlusAssetGenerator:AllStagesSmokeUpdate () (at Assets/ProjectAPlus/Editor/ProjectAPlusAssetGenerator.cs:157)
UnityEditor.EditorApplication:Internal_CallUpdateFunctions ()

[Assets/ProjectAPlus/Scripts/Core/StageManager.cs line 68]

Sprite Tiling might not appear correctly because the Sprite used is not generated with Full Rect. To fix this, change the Mesh Type in the Sprite's import setting to Full Rect
UnityEngine.StackTraceUtility:ExtractStackTrace ()
ProjectAPlus.StageManager:Platform (UnityEngine.Vector2,UnityEngine.Vector2,UnityEngine.Color) (at Assets/ProjectAPlus/Scripts/Core/StageManager.cs:118)
ProjectAPlus.StageManager:BuildEnvironment () (at Assets/ProjectAPlus/Scripts/Core/StageManager.cs:69)
ProjectAPlus.StageManager:Load (ProjectAPlus.StageData) (at Assets/ProjectAPlus/Scripts/Core/StageManager.cs:36)
ProjectAPlus.GameManager:LoadStage (int) (at Assets/ProjectAPlus/Scripts/Core/GameManager.cs:108)
ProjectAPlus.Editor.ProjectAPlusAssetGenerator:AllStagesSmokeUpdate () (at Assets/ProjectAPlus/Editor/ProjectAPlusAssetGenerator.cs:157)
UnityEditor.EditorApplication:Internal_CallUpdateFunctions ()

[Assets/ProjectAPlus/Scripts/Core/StageManager.cs line 69]

Sprite Tiling might not appear correctly because the Sprite used is not generated with Full Rect. To fix this, change the Mesh Type in the Sprite's import setting to Full Rect
UnityEngine.StackTraceUtility:ExtractStackTrace ()
ProjectAPlus.StageManager:Platform (UnityEngine.Vector2,UnityEngine.Vector2,UnityEngine.Color) (at Assets/ProjectAPlus/Scripts/Core/StageManager.cs:118)
ProjectAPlus.StageManager:BuildEnvironment () (at Assets/ProjectAPlus/Scripts/Core/StageManager.cs:70)
ProjectAPlus.StageManager:Load (ProjectAPlus.StageData) (at Assets/ProjectAPlus/Scripts/Core/StageManager.cs:36)
ProjectAPlus.GameManager:LoadStage (int) (at Assets/ProjectAPlus/Scripts/Core/GameManager.cs:108)
ProjectAPlus.Editor.ProjectAPlusAssetGenerator:AllStagesSmokeUpdate () (at Assets/ProjectAPlus/Editor/ProjectAPlusAssetGenerator.cs:157)
UnityEditor.EditorApplication:Internal_CallUpdateFunctions ()

[Assets/ProjectAPlus/Scripts/Core/StageManager.cs line 70]

Sprite Tiling might not appear correctly because the Sprite used is not generated with Full Rect. To fix this, change the Mesh Type in the Sprite's import setting to Full Rect
UnityEngine.StackTraceUtility:ExtractStackTrace ()
ProjectAPlus.StageManager:Platform (UnityEngine.Vector2,UnityEngine.Vector2,UnityEngine.Color) (at Assets/ProjectAPlus/Scripts/Core/StageManager.cs:118)
ProjectAPlus.StageManager:BuildEnvironment () (at Assets/ProjectAPlus/Scripts/Core/StageManager.cs:72)
ProjectAPlus.StageManager:Load (ProjectAPlus.StageData) (at Assets/ProjectAPlus/Scripts/Core/StageManager.cs:36)
ProjectAPlus.GameManager:LoadStage (int) (at Assets/ProjectAPlus/Scripts/Core/GameManager.cs:108)
ProjectAPlus.Editor.ProjectAPlusAssetGenerator:AllStagesSmokeUpdate () (at Assets/ProjectAPlus/Editor/ProjectAPlusAssetGenerator.cs:157)
UnityEditor.EditorApplication:Internal_CallUpdateFunctions ()

[Assets/ProjectAPlus/Scripts/Core/StageManager.cs line 72]

Sprite Tiling might not appear correctly because the Sprite used is not generated with Full Rect. To fix this, change the Mesh Type in the Sprite's import setting to Full Rect
UnityEngine.StackTraceUtility:ExtractStackTrace ()
ProjectAPlus.StageManager:Platform (UnityEngine.Vector2,UnityEngine.Vector2,UnityEngine.Color) (at Assets/ProjectAPlus/Scripts/Core/StageManager.cs:118)
ProjectAPlus.StageManager:BuildEnvironment () (at Assets/ProjectAPlus/Scripts/Core/StageManager.cs:73)
ProjectAPlus.StageManager:Load (ProjectAPlus.StageData) (at Assets/ProjectAPlus/Scripts/Core/StageManager.cs:36)
ProjectAPlus.GameManager:LoadStage (int) (at Assets/ProjectAPlus/Scripts/Core/GameManager.cs:108)
ProjectAPlus.Editor.ProjectAPlusAssetGenerator:AllStagesSmokeUpdate () (at Assets/ProjectAPlus/Editor/ProjectAPlusAssetGenerator.cs:157)
UnityEditor.EditorApplication:Internal_CallUpdateFunctions ()

[Assets/ProjectAPlus/Scripts/Core/StageManager.cs line 73]

Sprite Tiling might not appear correctly because the Sprite used is not generated with Full Rect. To fix this, change the Mesh Type in the Sprite's import setting to Full Rect
UnityEngine.StackTraceUtility:ExtractStackTrace ()
ProjectAPlus.StageManager:Platform (UnityEngine.Vector2,UnityEngine.Vector2,UnityEngine.Color) (at Assets/ProjectAPlus/Scripts/Core/StageManager.cs:118)
ProjectAPlus.StageManager:BuildEnvironment () (at Assets/ProjectAPlus/Scripts/Core/StageManager.cs:74)
ProjectAPlus.StageManager:Load (ProjectAPlus.StageData) (at Assets/ProjectAPlus/Scripts/Core/StageManager.cs:36)
ProjectAPlus.GameManager:LoadStage (int) (at Assets/ProjectAPlus/Scripts/Core/GameManager.cs:108)
ProjectAPlus.Editor.ProjectAPlusAssetGenerator:AllStagesSmokeUpdate () (at Assets/ProjectAPlus/Editor/ProjectAPlusAssetGenerator.cs:157)
UnityEditor.EditorApplication:Internal_CallUpdateFunctions ()

[Assets/ProjectAPlus/Scripts/Core/StageManager.cs line 74]

Sprite Tiling might not appear correctly because the Sprite used is not generated with Full Rect. To fix this, change the Mesh Type in the Sprite's import setting to Full Rect
UnityEngine.StackTraceUtility:ExtractStackTrace ()
ProjectAPlus.StageManager:Platform (UnityEngine.Vector2,UnityEngine.Vector2,UnityEngine.Color) (at Assets/ProjectAPlus/Scripts/Core/StageManager.cs:118)
ProjectAPlus.StageManager:BuildEnvironment () (at Assets/ProjectAPlus/Scripts/Core/StageManager.cs:75)
ProjectAPlus.StageManager:Load (ProjectAPlus.StageData) (at Assets/ProjectAPlus/Scripts/Core/StageManager.cs:36)
ProjectAPlus.GameManager:LoadStage (int) (at Assets/ProjectAPlus/Scripts/Core/GameManager.cs:108)
ProjectAPlus.Editor.ProjectAPlusAssetGenerator:AllStagesSmokeUpdate () (at Assets/ProjectAPlus/Editor/ProjectAPlusAssetGenerator.cs:157)
UnityEditor.EditorApplication:Internal_CallUpdateFunctions ()

[Assets/ProjectAPlus/Scripts/Core/StageManager.cs line 75]

Created GICache directory at C:/Users/ryu/AppData/LocalLow/Unity/Caches/GiCache. Took: 0.031s, timestamps: [7.078 - 7.109]
Project A+ Stage 1 runtime smoke: True, enemies=3, bosses=0
UnityEngine.StackTraceUtility:ExtractStackTrace ()
UnityEngine.DebugLogHandler:LogFormat (UnityEngine.LogType,UnityEngine.Object,string,object[])
UnityEngine.Logger:Log (UnityEngine.LogType,object)
UnityEngine.Debug:Log (object)
ProjectAPlus.Editor.ProjectAPlusAssetGenerator:AllStagesSmokeUpdate () (at Assets/ProjectAPlus/Editor/ProjectAPlusAssetGenerator.cs:171)
UnityEditor.EditorApplication:Internal_CallUpdateFunctions ()

(Filename: Assets/ProjectAPlus/Editor/ProjectAPlusAssetGenerator.cs Line: 171)

Sprite Tiling might not appear correctly because the Sprite used is not generated with Full Rect. To fix this, change the Mesh Type in the Sprite's import setting to Full Rect
UnityEngine.StackTraceUtility:ExtractStackTrace ()
ProjectAPlus.StageManager:Platform (UnityEngine.Vector2,UnityEngine.Vector2,UnityEngine.Color) (at Assets/ProjectAPlus/Scripts/Core/StageManager.cs:118)
ProjectAPlus.StageManager:BuildEnvironment () (at Assets/ProjectAPlus/Scripts/Core/StageManager.cs:68)
ProjectAPlus.StageManager:Load (ProjectAPlus.StageData) (at Assets/ProjectAPlus/Scripts/Core/StageManager.cs:36)
ProjectAPlus.GameManager:LoadStage (int) (at Assets/ProjectAPlus/Scripts/Core/GameManager.cs:108)
ProjectAPlus.Editor.ProjectAPlusAssetGenerator:AllStagesSmokeUpdate () (at Assets/ProjectAPlus/Editor/ProjectAPlusAssetGenerator.cs:157)
UnityEditor.EditorApplication:Internal_CallUpdateFunctions ()

[Assets/ProjectAPlus/Scripts/Core/StageManager.cs line 68]

Sprite Tiling might not appear correctly because the Sprite used is not generated with Full Rect. To fix this, change the Mesh Type in the Sprite's import setting to Full Rect
UnityEngine.StackTraceUtility:ExtractStackTrace ()
ProjectAPlus.StageManager:Platform (UnityEngine.Vector2,UnityEngine.Vector2,UnityEngine.Color) (at Assets/ProjectAPlus/Scripts/Core/StageManager.cs:118)
ProjectAPlus.StageManager:BuildEnvironment () (at Assets/ProjectAPlus/Scripts/Core/StageManager.cs:69)
ProjectAPlus.StageManager:Load (ProjectAPlus.StageData) (at Assets/ProjectAPlus/Scripts/Core/StageManager.cs:36)
ProjectAPlus.GameManager:LoadStage (int) (at Assets/ProjectAPlus/Scripts/Core/GameManager.cs:108)
ProjectAPlus.Editor.ProjectAPlusAssetGenerator:AllStagesSmokeUpdate () (at Assets/ProjectAPlus/Editor/ProjectAPlusAssetGenerator.cs:157)
UnityEditor.EditorApplication:Internal_CallUpdateFunctions ()

[Assets/ProjectAPlus/Scripts/Core/StageManager.cs line 69]

Sprite Tiling might not appear correctly because the Sprite used is not generated with Full Rect. To fix this, change the Mesh Type in the Sprite's import setting to Full Rect
UnityEngine.StackTraceUtility:ExtractStackTrace ()
ProjectAPlus.StageManager:Platform (UnityEngine.Vector2,UnityEngine.Vector2,UnityEngine.Color) (at Assets/ProjectAPlus/Scripts/Core/StageManager.cs:118)
ProjectAPlus.StageManager:BuildEnvironment () (at Assets/ProjectAPlus/Scripts/Core/StageManager.cs:70)
ProjectAPlus.StageManager:Load (ProjectAPlus.StageData) (at Assets/ProjectAPlus/Scripts/Core/StageManager.cs:36)
ProjectAPlus.GameManager:LoadStage (int) (at Assets/ProjectAPlus/Scripts/Core/GameManager.cs:108)
ProjectAPlus.Editor.ProjectAPlusAssetGenerator:AllStagesSmokeUpdate () (at Assets/ProjectAPlus/Editor/ProjectAPlusAssetGenerator.cs:157)
UnityEditor.EditorApplication:Internal_CallUpdateFunctions ()

[Assets/ProjectAPlus/Scripts/Core/StageManager.cs line 70]

Sprite Tiling might not appear correctly because the Sprite used is not generated with Full Rect. To fix this, change the Mesh Type in the Sprite's import setting to Full Rect
UnityEngine.StackTraceUtility:ExtractStackTrace ()
ProjectAPlus.StageManager:Platform (UnityEngine.Vector2,UnityEngine.Vector2,UnityEngine.Color) (at Assets/ProjectAPlus/Scripts/Core/StageManager.cs:118)
ProjectAPlus.StageManager:BuildEnvironment () (at Assets/ProjectAPlus/Scripts/Core/StageManager.cs:72)
ProjectAPlus.StageManager:Load (ProjectAPlus.StageData) (at Assets/ProjectAPlus/Scripts/Core/StageManager.cs:36)
ProjectAPlus.GameManager:LoadStage (int) (at Assets/ProjectAPlus/Scripts/Core/GameManager.cs:108)
ProjectAPlus.Editor.ProjectAPlusAssetGenerator:AllStagesSmokeUpdate () (at Assets/ProjectAPlus/Editor/ProjectAPlusAssetGenerator.cs:157)
UnityEditor.EditorApplication:Internal_CallUpdateFunctions ()

[Assets/ProjectAPlus/Scripts/Core/StageManager.cs line 72]

Sprite Tiling might not appear correctly because the Sprite used is not generated with Full Rect. To fix this, change the Mesh Type in the Sprite's import setting to Full Rect
UnityEngine.StackTraceUtility:ExtractStackTrace ()
ProjectAPlus.StageManager:Platform (UnityEngine.Vector2,UnityEngine.Vector2,UnityEngine.Color) (at Assets/ProjectAPlus/Scripts/Core/StageManager.cs:118)
ProjectAPlus.StageManager:BuildEnvironment () (at Assets/ProjectAPlus/Scripts/Core/StageManager.cs:73)
ProjectAPlus.StageManager:Load (ProjectAPlus.StageData) (at Assets/ProjectAPlus/Scripts/Core/StageManager.cs:36)
ProjectAPlus.GameManager:LoadStage (int) (at Assets/ProjectAPlus/Scripts/Core/GameManager.cs:108)
ProjectAPlus.Editor.ProjectAPlusAssetGenerator:AllStagesSmokeUpdate () (at Assets/ProjectAPlus/Editor/ProjectAPlusAssetGenerator.cs:157)
UnityEditor.EditorApplication:Internal_CallUpdateFunctions ()

[Assets/ProjectAPlus/Scripts/Core/StageManager.cs line 73]

Sprite Tiling might not appear correctly because the Sprite used is not generated with Full Rect. To fix this, change the Mesh Type in the Sprite's import setting to Full Rect
UnityEngine.StackTraceUtility:ExtractStackTrace ()
ProjectAPlus.StageManager:Platform (UnityEngine.Vector2,UnityEngine.Vector2,UnityEngine.Color) (at Assets/ProjectAPlus/Scripts/Core/StageManager.cs:118)
ProjectAPlus.StageManager:BuildEnvironment () (at Assets/ProjectAPlus/Scripts/Core/StageManager.cs:74)
ProjectAPlus.StageManager:Load (ProjectAPlus.StageData) (at Assets/ProjectAPlus/Scripts/Core/StageManager.cs:36)
ProjectAPlus.GameManager:LoadStage (int) (at Assets/ProjectAPlus/Scripts/Core/GameManager.cs:108)
ProjectAPlus.Editor.ProjectAPlusAssetGenerator:AllStagesSmokeUpdate () (at Assets/ProjectAPlus/Editor/ProjectAPlusAssetGenerator.cs:157)
UnityEditor.EditorApplication:Internal_CallUpdateFunctions ()

[Assets/ProjectAPlus/Scripts/Core/StageManager.cs line 74]

Sprite Tiling might not appear correctly because the Sprite used is not generated with Full Rect. To fix this, change the Mesh Type in the Sprite's import setting to Full Rect
UnityEngine.StackTraceUtility:ExtractStackTrace ()
ProjectAPlus.StageManager:Platform (UnityEngine.Vector2,UnityEngine.Vector2,UnityEngine.Color) (at Assets/ProjectAPlus/Scripts/Core/StageManager.cs:118)
ProjectAPlus.StageManager:BuildEnvironment () (at Assets/ProjectAPlus/Scripts/Core/StageManager.cs:75)
ProjectAPlus.StageManager:Load (ProjectAPlus.StageData) (at Assets/ProjectAPlus/Scripts/Core/StageManager.cs:36)
ProjectAPlus.GameManager:LoadStage (int) (at Assets/ProjectAPlus/Scripts/Core/GameManager.cs:108)
ProjectAPlus.Editor.ProjectAPlusAssetGenerator:AllStagesSmokeUpdate () (at Assets/ProjectAPlus/Editor/ProjectAPlusAssetGenerator.cs:157)
UnityEditor.EditorApplication:Internal_CallUpdateFunctions ()

[Assets/ProjectAPlus/Scripts/Core/StageManager.cs line 75]

Project A+ Stage 2 runtime smoke: True, enemies=5, bosses=0
UnityEngine.StackTraceUtility:ExtractStackTrace ()
UnityEngine.DebugLogHandler:LogFormat (UnityEngine.LogType,UnityEngine.Object,string,object[])
UnityEngine.Logger:Log (UnityEngine.LogType,object)
UnityEngine.Debug:Log (object)
ProjectAPlus.Editor.ProjectAPlusAssetGenerator:AllStagesSmokeUpdate () (at Assets/ProjectAPlus/Editor/ProjectAPlusAssetGenerator.cs:171)
UnityEditor.EditorApplication:Internal_CallUpdateFunctions ()

(Filename: Assets/ProjectAPlus/Editor/ProjectAPlusAssetGenerator.cs Line: 171)

Sprite Tiling might not appear correctly because the Sprite used is not generated with Full Rect. To fix this, change the Mesh Type in the Sprite's import setting to Full Rect
UnityEngine.StackTraceUtility:ExtractStackTrace ()
ProjectAPlus.StageManager:Platform (UnityEngine.Vector2,UnityEngine.Vector2,UnityEngine.Color) (at Assets/ProjectAPlus/Scripts/Core/StageManager.cs:118)
ProjectAPlus.StageManager:BuildEnvironment () (at Assets/ProjectAPlus/Scripts/Core/StageManager.cs:68)
ProjectAPlus.StageManager:Load (ProjectAPlus.StageData) (at Assets/ProjectAPlus/Scripts/Core/StageManager.cs:36)
ProjectAPlus.GameManager:LoadStage (int) (at Assets/ProjectAPlus/Scripts/Core/GameManager.cs:108)
ProjectAPlus.Editor.ProjectAPlusAssetGenerator:AllStagesSmokeUpdate () (at Assets/ProjectAPlus/Editor/ProjectAPlusAssetGenerator.cs:157)
UnityEditor.EditorApplication:Internal_CallUpdateFunctions ()

[Assets/ProjectAPlus/Scripts/Core/StageManager.cs line 68]

Sprite Tiling might not appear correctly because the Sprite used is not generated with Full Rect. To fix this, change the Mesh Type in the Sprite's import setting to Full Rect
UnityEngine.StackTraceUtility:ExtractStackTrace ()
ProjectAPlus.StageManager:Platform (UnityEngine.Vector2,UnityEngine.Vector2,UnityEngine.Color) (at Assets/ProjectAPlus/Scripts/Core/StageManager.cs:118)
ProjectAPlus.StageManager:BuildEnvironment () (at Assets/ProjectAPlus/Scripts/Core/StageManager.cs:69)
ProjectAPlus.StageManager:Load (ProjectAPlus.StageData) (at Assets/ProjectAPlus/Scripts/Core/StageManager.cs:36)
ProjectAPlus.GameManager:LoadStage (int) (at Assets/ProjectAPlus/Scripts/Core/GameManager.cs:108)
ProjectAPlus.Editor.ProjectAPlusAssetGenerator:AllStagesSmokeUpdate () (at Assets/ProjectAPlus/Editor/ProjectAPlusAssetGenerator.cs:157)
UnityEditor.EditorApplication:Internal_CallUpdateFunctions ()

[Assets/ProjectAPlus/Scripts/Core/StageManager.cs line 69]

Sprite Tiling might not appear correctly because the Sprite used is not generated with Full Rect. To fix this, change the Mesh Type in the Sprite's import setting to Full Rect
UnityEngine.StackTraceUtility:ExtractStackTrace ()
ProjectAPlus.StageManager:Platform (UnityEngine.Vector2,UnityEngine.Vector2,UnityEngine.Color) (at Assets/ProjectAPlus/Scripts/Core/StageManager.cs:118)
ProjectAPlus.StageManager:BuildEnvironment () (at Assets/ProjectAPlus/Scripts/Core/StageManager.cs:70)
ProjectAPlus.StageManager:Load (ProjectAPlus.StageData) (at Assets/ProjectAPlus/Scripts/Core/StageManager.cs:36)
ProjectAPlus.GameManager:LoadStage (int) (at Assets/ProjectAPlus/Scripts/Core/GameManager.cs:108)
ProjectAPlus.Editor.ProjectAPlusAssetGenerator:AllStagesSmokeUpdate () (at Assets/ProjectAPlus/Editor/ProjectAPlusAssetGenerator.cs:157)
UnityEditor.EditorApplication:Internal_CallUpdateFunctions ()

[Assets/ProjectAPlus/Scripts/Core/StageManager.cs line 70]

Sprite Tiling might not appear correctly because the Sprite used is not generated with Full Rect. To fix this, change the Mesh Type in the Sprite's import setting to Full Rect
UnityEngine.StackTraceUtility:ExtractStackTrace ()
ProjectAPlus.StageManager:Platform (UnityEngine.Vector2,UnityEngine.Vector2,UnityEngine.Color) (at Assets/ProjectAPlus/Scripts/Core/StageManager.cs:118)
ProjectAPlus.StageManager:BuildEnvironment () (at Assets/ProjectAPlus/Scripts/Core/StageManager.cs:72)
ProjectAPlus.StageManager:Load (ProjectAPlus.StageData) (at Assets/ProjectAPlus/Scripts/Core/StageManager.cs:36)
ProjectAPlus.GameManager:LoadStage (int) (at Assets/ProjectAPlus/Scripts/Core/GameManager.cs:108)
ProjectAPlus.Editor.ProjectAPlusAssetGenerator:AllStagesSmokeUpdate () (at Assets/ProjectAPlus/Editor/ProjectAPlusAssetGenerator.cs:157)
UnityEditor.EditorApplication:Internal_CallUpdateFunctions ()

[Assets/ProjectAPlus/Scripts/Core/StageManager.cs line 72]

Sprite Tiling might not appear correctly because the Sprite used is not generated with Full Rect. To fix this, change the Mesh Type in the Sprite's import setting to Full Rect
UnityEngine.StackTraceUtility:ExtractStackTrace ()
ProjectAPlus.StageManager:Platform (UnityEngine.Vector2,UnityEngine.Vector2,UnityEngine.Color) (at Assets/ProjectAPlus/Scripts/Core/StageManager.cs:118)
ProjectAPlus.StageManager:BuildEnvironment () (at Assets/ProjectAPlus/Scripts/Core/StageManager.cs:73)
ProjectAPlus.StageManager:Load (ProjectAPlus.StageData) (at Assets/ProjectAPlus/Scripts/Core/StageManager.cs:36)
ProjectAPlus.GameManager:LoadStage (int) (at Assets/ProjectAPlus/Scripts/Core/GameManager.cs:108)
ProjectAPlus.Editor.ProjectAPlusAssetGenerator:AllStagesSmokeUpdate () (at Assets/ProjectAPlus/Editor/ProjectAPlusAssetGenerator.cs:157)
UnityEditor.EditorApplication:Internal_CallUpdateFunctions ()

[Assets/ProjectAPlus/Scripts/Core/StageManager.cs line 73]

Sprite Tiling might not appear correctly because the Sprite used is not generated with Full Rect. To fix this, change the Mesh Type in the Sprite's import setting to Full Rect
UnityEngine.StackTraceUtility:ExtractStackTrace ()
ProjectAPlus.StageManager:Platform (UnityEngine.Vector2,UnityEngine.Vector2,UnityEngine.Color) (at Assets/ProjectAPlus/Scripts/Core/StageManager.cs:118)
ProjectAPlus.StageManager:BuildEnvironment () (at Assets/ProjectAPlus/Scripts/Core/StageManager.cs:74)
ProjectAPlus.StageManager:Load (ProjectAPlus.StageData) (at Assets/ProjectAPlus/Scripts/Core/StageManager.cs:36)
ProjectAPlus.GameManager:LoadStage (int) (at Assets/ProjectAPlus/Scripts/Core/GameManager.cs:108)
ProjectAPlus.Editor.ProjectAPlusAssetGenerator:AllStagesSmokeUpdate () (at Assets/ProjectAPlus/Editor/ProjectAPlusAssetGenerator.cs:157)
UnityEditor.EditorApplication:Internal_CallUpdateFunctions ()

[Assets/ProjectAPlus/Scripts/Core/StageManager.cs line 74]

Sprite Tiling might not appear correctly because the Sprite used is not generated with Full Rect. To fix this, change the Mesh Type in the Sprite's import setting to Full Rect
UnityEngine.StackTraceUtility:ExtractStackTrace ()
ProjectAPlus.StageManager:Platform (UnityEngine.Vector2,UnityEngine.Vector2,UnityEngine.Color) (at Assets/ProjectAPlus/Scripts/Core/StageManager.cs:118)
ProjectAPlus.StageManager:BuildEnvironment () (at Assets/ProjectAPlus/Scripts/Core/StageManager.cs:75)
ProjectAPlus.StageManager:Load (ProjectAPlus.StageData) (at Assets/ProjectAPlus/Scripts/Core/StageManager.cs:36)
ProjectAPlus.GameManager:LoadStage (int) (at Assets/ProjectAPlus/Scripts/Core/GameManager.cs:108)
ProjectAPlus.Editor.ProjectAPlusAssetGenerator:AllStagesSmokeUpdate () (at Assets/ProjectAPlus/Editor/ProjectAPlusAssetGenerator.cs:157)
UnityEditor.EditorApplication:Internal_CallUpdateFunctions ()

[Assets/ProjectAPlus/Scripts/Core/StageManager.cs line 75]

Project A+ Stage 3 runtime smoke: True, enemies=4, bosses=0
UnityEngine.StackTraceUtility:ExtractStackTrace ()
UnityEngine.DebugLogHandler:LogFormat (UnityEngine.LogType,UnityEngine.Object,string,object[])
UnityEngine.Logger:Log (UnityEngine.LogType,object)
UnityEngine.Debug:Log (object)
ProjectAPlus.Editor.ProjectAPlusAssetGenerator:AllStagesSmokeUpdate () (at Assets/ProjectAPlus/Editor/ProjectAPlusAssetGenerator.cs:171)
UnityEditor.EditorApplication:Internal_CallUpdateFunctions ()

(Filename: Assets/ProjectAPlus/Editor/ProjectAPlusAssetGenerator.cs Line: 171)

Sprite Tiling might not appear correctly because the Sprite used is not generated with Full Rect. To fix this, change the Mesh Type in the Sprite's import setting to Full Rect
UnityEngine.StackTraceUtility:ExtractStackTrace ()
ProjectAPlus.StageManager:Platform (UnityEngine.Vector2,UnityEngine.Vector2,UnityEngine.Color) (at Assets/ProjectAPlus/Scripts/Core/StageManager.cs:118)
ProjectAPlus.StageManager:BuildEnvironment () (at Assets/ProjectAPlus/Scripts/Core/StageManager.cs:68)
ProjectAPlus.StageManager:Load (ProjectAPlus.StageData) (at Assets/ProjectAPlus/Scripts/Core/StageManager.cs:36)
ProjectAPlus.GameManager:LoadStage (int) (at Assets/ProjectAPlus/Scripts/Core/GameManager.cs:108)
ProjectAPlus.Editor.ProjectAPlusAssetGenerator:AllStagesSmokeUpdate () (at Assets/ProjectAPlus/Editor/ProjectAPlusAssetGenerator.cs:157)
UnityEditor.EditorApplication:Internal_CallUpdateFunctions ()

[Assets/ProjectAPlus/Scripts/Core/StageManager.cs line 68]

Sprite Tiling might not appear correctly because the Sprite used is not generated with Full Rect. To fix this, change the Mesh Type in the Sprite's import setting to Full Rect
UnityEngine.StackTraceUtility:ExtractStackTrace ()
ProjectAPlus.StageManager:Platform (UnityEngine.Vector2,UnityEngine.Vector2,UnityEngine.Color) (at Assets/ProjectAPlus/Scripts/Core/StageManager.cs:118)
ProjectAPlus.StageManager:BuildEnvironment () (at Assets/ProjectAPlus/Scripts/Core/StageManager.cs:69)
ProjectAPlus.StageManager:Load (ProjectAPlus.StageData) (at Assets/ProjectAPlus/Scripts/Core/StageManager.cs:36)
ProjectAPlus.GameManager:LoadStage (int) (at Assets/ProjectAPlus/Scripts/Core/GameManager.cs:108)
ProjectAPlus.Editor.ProjectAPlusAssetGenerator:AllStagesSmokeUpdate () (at Assets/ProjectAPlus/Editor/ProjectAPlusAssetGenerator.cs:157)
UnityEditor.EditorApplication:Internal_CallUpdateFunctions ()

[Assets/ProjectAPlus/Scripts/Core/StageManager.cs line 69]

Sprite Tiling might not appear correctly because the Sprite used is not generated with Full Rect. To fix this, change the Mesh Type in the Sprite's import setting to Full Rect
UnityEngine.StackTraceUtility:ExtractStackTrace ()
ProjectAPlus.StageManager:Platform (UnityEngine.Vector2,UnityEngine.Vector2,UnityEngine.Color) (at Assets/ProjectAPlus/Scripts/Core/StageManager.cs:118)
ProjectAPlus.StageManager:BuildEnvironment () (at Assets/ProjectAPlus/Scripts/Core/StageManager.cs:70)
ProjectAPlus.StageManager:Load (ProjectAPlus.StageData) (at Assets/ProjectAPlus/Scripts/Core/StageManager.cs:36)
ProjectAPlus.GameManager:LoadStage (int) (at Assets/ProjectAPlus/Scripts/Core/GameManager.cs:108)
ProjectAPlus.Editor.ProjectAPlusAssetGenerator:AllStagesSmokeUpdate () (at Assets/ProjectAPlus/Editor/ProjectAPlusAssetGenerator.cs:157)
UnityEditor.EditorApplication:Internal_CallUpdateFunctions ()

[Assets/ProjectAPlus/Scripts/Core/StageManager.cs line 70]

Sprite Tiling might not appear correctly because the Sprite used is not generated with Full Rect. To fix this, change the Mesh Type in the Sprite's import setting to Full Rect
UnityEngine.StackTraceUtility:ExtractStackTrace ()
ProjectAPlus.StageManager:Platform (UnityEngine.Vector2,UnityEngine.Vector2,UnityEngine.Color) (at Assets/ProjectAPlus/Scripts/Core/StageManager.cs:118)
ProjectAPlus.StageManager:BuildEnvironment () (at Assets/ProjectAPlus/Scripts/Core/StageManager.cs:72)
ProjectAPlus.StageManager:Load (ProjectAPlus.StageData) (at Assets/ProjectAPlus/Scripts/Core/StageManager.cs:36)
ProjectAPlus.GameManager:LoadStage (int) (at Assets/ProjectAPlus/Scripts/Core/GameManager.cs:108)
ProjectAPlus.Editor.ProjectAPlusAssetGenerator:AllStagesSmokeUpdate () (at Assets/ProjectAPlus/Editor/ProjectAPlusAssetGenerator.cs:157)
UnityEditor.EditorApplication:Internal_CallUpdateFunctions ()

[Assets/ProjectAPlus/Scripts/Core/StageManager.cs line 72]

Sprite Tiling might not appear correctly because the Sprite used is not generated with Full Rect. To fix this, change the Mesh Type in the Sprite's import setting to Full Rect
UnityEngine.StackTraceUtility:ExtractStackTrace ()
ProjectAPlus.StageManager:Platform (UnityEngine.Vector2,UnityEngine.Vector2,UnityEngine.Color) (at Assets/ProjectAPlus/Scripts/Core/StageManager.cs:118)
ProjectAPlus.StageManager:BuildEnvironment () (at Assets/ProjectAPlus/Scripts/Core/StageManager.cs:73)
ProjectAPlus.StageManager:Load (ProjectAPlus.StageData) (at Assets/ProjectAPlus/Scripts/Core/StageManager.cs:36)
ProjectAPlus.GameManager:LoadStage (int) (at Assets/ProjectAPlus/Scripts/Core/GameManager.cs:108)
ProjectAPlus.Editor.ProjectAPlusAssetGenerator:AllStagesSmokeUpdate () (at Assets/ProjectAPlus/Editor/ProjectAPlusAssetGenerator.cs:157)
UnityEditor.EditorApplication:Internal_CallUpdateFunctions ()

[Assets/ProjectAPlus/Scripts/Core/StageManager.cs line 73]

Sprite Tiling might not appear correctly because the Sprite used is not generated with Full Rect. To fix this, change the Mesh Type in the Sprite's import setting to Full Rect
UnityEngine.StackTraceUtility:ExtractStackTrace ()
ProjectAPlus.StageManager:Platform (UnityEngine.Vector2,UnityEngine.Vector2,UnityEngine.Color) (at Assets/ProjectAPlus/Scripts/Core/StageManager.cs:118)
ProjectAPlus.StageManager:BuildEnvironment () (at Assets/ProjectAPlus/Scripts/Core/StageManager.cs:74)
ProjectAPlus.StageManager:Load (ProjectAPlus.StageData) (at Assets/ProjectAPlus/Scripts/Core/StageManager.cs:36)
ProjectAPlus.GameManager:LoadStage (int) (at Assets/ProjectAPlus/Scripts/Core/GameManager.cs:108)
ProjectAPlus.Editor.ProjectAPlusAssetGenerator:AllStagesSmokeUpdate () (at Assets/ProjectAPlus/Editor/ProjectAPlusAssetGenerator.cs:157)
UnityEditor.EditorApplication:Internal_CallUpdateFunctions ()

[Assets/ProjectAPlus/Scripts/Core/StageManager.cs line 74]

Sprite Tiling might not appear correctly because the Sprite used is not generated with Full Rect. To fix this, change the Mesh Type in the Sprite's import setting to Full Rect
UnityEngine.StackTraceUtility:ExtractStackTrace ()
ProjectAPlus.StageManager:Platform (UnityEngine.Vector2,UnityEngine.Vector2,UnityEngine.Color) (at Assets/ProjectAPlus/Scripts/Core/StageManager.cs:118)
ProjectAPlus.StageManager:BuildEnvironment () (at Assets/ProjectAPlus/Scripts/Core/StageManager.cs:75)
ProjectAPlus.StageManager:Load (ProjectAPlus.StageData) (at Assets/ProjectAPlus/Scripts/Core/StageManager.cs:36)
ProjectAPlus.GameManager:LoadStage (int) (at Assets/ProjectAPlus/Scripts/Core/GameManager.cs:108)
ProjectAPlus.Editor.ProjectAPlusAssetGenerator:AllStagesSmokeUpdate () (at Assets/ProjectAPlus/Editor/ProjectAPlusAssetGenerator.cs:157)
UnityEditor.EditorApplication:Internal_CallUpdateFunctions ()

[Assets/ProjectAPlus/Scripts/Core/StageManager.cs line 75]

Project A+ Stage 4 runtime smoke: True, enemies=6, bosses=0
UnityEngine.StackTraceUtility:ExtractStackTrace ()
UnityEngine.DebugLogHandler:LogFormat (UnityEngine.LogType,UnityEngine.Object,string,object[])
UnityEngine.Logger:Log (UnityEngine.LogType,object)
UnityEngine.Debug:Log (object)
ProjectAPlus.Editor.ProjectAPlusAssetGenerator:AllStagesSmokeUpdate () (at Assets/ProjectAPlus/Editor/ProjectAPlusAssetGenerator.cs:171)
UnityEditor.EditorApplication:Internal_CallUpdateFunctions ()

(Filename: Assets/ProjectAPlus/Editor/ProjectAPlusAssetGenerator.cs Line: 171)

Sprite Tiling might not appear correctly because the Sprite used is not generated with Full Rect. To fix this, change the Mesh Type in the Sprite's import setting to Full Rect
UnityEngine.StackTraceUtility:ExtractStackTrace ()
ProjectAPlus.StageManager:Platform (UnityEngine.Vector2,UnityEngine.Vector2,UnityEngine.Color) (at Assets/ProjectAPlus/Scripts/Core/StageManager.cs:118)
ProjectAPlus.StageManager:BuildEnvironment () (at Assets/ProjectAPlus/Scripts/Core/StageManager.cs:63)
ProjectAPlus.StageManager:Load (ProjectAPlus.StageData) (at Assets/ProjectAPlus/Scripts/Core/StageManager.cs:36)
ProjectAPlus.GameManager:LoadStage (int) (at Assets/ProjectAPlus/Scripts/Core/GameManager.cs:108)
ProjectAPlus.Editor.ProjectAPlusAssetGenerator:AllStagesSmokeUpdate () (at Assets/ProjectAPlus/Editor/ProjectAPlusAssetGenerator.cs:157)
UnityEditor.EditorApplication:Internal_CallUpdateFunctions ()

[Assets/ProjectAPlus/Scripts/Core/StageManager.cs line 63]

Sprite Tiling might not appear correctly because the Sprite used is not generated with Full Rect. To fix this, change the Mesh Type in the Sprite's import setting to Full Rect
UnityEngine.StackTraceUtility:ExtractStackTrace ()
ProjectAPlus.StageManager:Platform (UnityEngine.Vector2,UnityEngine.Vector2,UnityEngine.Color) (at Assets/ProjectAPlus/Scripts/Core/StageManager.cs:118)
ProjectAPlus.StageManager:BuildEnvironment () (at Assets/ProjectAPlus/Scripts/Core/StageManager.cs:64)
ProjectAPlus.StageManager:Load (ProjectAPlus.StageData) (at Assets/ProjectAPlus/Scripts/Core/StageManager.cs:36)
ProjectAPlus.GameManager:LoadStage (int) (at Assets/ProjectAPlus/Scripts/Core/GameManager.cs:108)
ProjectAPlus.Editor.ProjectAPlusAssetGenerator:AllStagesSmokeUpdate () (at Assets/ProjectAPlus/Editor/ProjectAPlusAssetGenerator.cs:157)
UnityEditor.EditorApplication:Internal_CallUpdateFunctions ()

[Assets/ProjectAPlus/Scripts/Core/StageManager.cs line 64]

Sprite Tiling might not appear correctly because the Sprite used is not generated with Full Rect. To fix this, change the Mesh Type in the Sprite's import setting to Full Rect
UnityEngine.StackTraceUtility:ExtractStackTrace ()
ProjectAPlus.StageManager:Platform (UnityEngine.Vector2,UnityEngine.Vector2,UnityEngine.Color) (at Assets/ProjectAPlus/Scripts/Core/StageManager.cs:118)
ProjectAPlus.StageManager:BuildEnvironment () (at Assets/ProjectAPlus/Scripts/Core/StageManager.cs:65)
ProjectAPlus.StageManager:Load (ProjectAPlus.StageData) (at Assets/ProjectAPlus/Scripts/Core/StageManager.cs:36)
ProjectAPlus.GameManager:LoadStage (int) (at Assets/ProjectAPlus/Scripts/Core/GameManager.cs:108)
ProjectAPlus.Editor.ProjectAPlusAssetGenerator:AllStagesSmokeUpdate () (at Assets/ProjectAPlus/Editor/ProjectAPlusAssetGenerator.cs:157)
UnityEditor.EditorApplication:Internal_CallUpdateFunctions ()

[Assets/ProjectAPlus/Scripts/Core/StageManager.cs line 65]

Project A+ Stage 5 runtime smoke: True, enemies=0, bosses=1
UnityEngine.StackTraceUtility:ExtractStackTrace ()
UnityEngine.DebugLogHandler:LogFormat (UnityEngine.LogType,UnityEngine.Object,string,object[])
UnityEngine.Logger:Log (UnityEngine.LogType,object)
UnityEngine.Debug:Log (object)
ProjectAPlus.Editor.ProjectAPlusAssetGenerator:AllStagesSmokeUpdate () (at Assets/ProjectAPlus/Editor/ProjectAPlusAssetGenerator.cs:171)
UnityEditor.EditorApplication:Internal_CallUpdateFunctions ()

(Filename: Assets/ProjectAPlus/Editor/ProjectAPlusAssetGenerator.cs Line: 171)

Sprite Tiling might not appear correctly because the Sprite used is not generated with Full Rect. To fix this, change the Mesh Type in the Sprite's import setting to Full Rect
UnityEngine.StackTraceUtility:ExtractStackTrace ()
ProjectAPlus.StageManager:Platform (UnityEngine.Vector2,UnityEngine.Vector2,UnityEngine.Color) (at Assets/ProjectAPlus/Scripts/Core/StageManager.cs:118)
ProjectAPlus.StageManager:BuildEnvironment () (at Assets/ProjectAPlus/Scripts/Core/StageManager.cs:68)
ProjectAPlus.StageManager:Load (ProjectAPlus.StageData) (at Assets/ProjectAPlus/Scripts/Core/StageManager.cs:36)
ProjectAPlus.GameManager:LoadStage (int) (at Assets/ProjectAPlus/Scripts/Core/GameManager.cs:108)
ProjectAPlus.Editor.ProjectAPlusAssetGenerator:AllStagesSmokeUpdate () (at Assets/ProjectAPlus/Editor/ProjectAPlusAssetGenerator.cs:157)
UnityEditor.EditorApplication:Internal_CallUpdateFunctions ()

[Assets/ProjectAPlus/Scripts/Core/StageManager.cs line 68]

Sprite Tiling might not appear correctly because the Sprite used is not generated with Full Rect. To fix this, change the Mesh Type in the Sprite's import setting to Full Rect
UnityEngine.StackTraceUtility:ExtractStackTrace ()
ProjectAPlus.StageManager:Platform (UnityEngine.Vector2,UnityEngine.Vector2,UnityEngine.Color) (at Assets/ProjectAPlus/Scripts/Core/StageManager.cs:118)
ProjectAPlus.StageManager:BuildEnvironment () (at Assets/ProjectAPlus/Scripts/Core/StageManager.cs:69)
ProjectAPlus.StageManager:Load (ProjectAPlus.StageData) (at Assets/ProjectAPlus/Scripts/Core/StageManager.cs:36)
ProjectAPlus.GameManager:LoadStage (int) (at Assets/ProjectAPlus/Scripts/Core/GameManager.cs:108)
ProjectAPlus.Editor.ProjectAPlusAssetGenerator:AllStagesSmokeUpdate () (at Assets/ProjectAPlus/Editor/ProjectAPlusAssetGenerator.cs:157)
UnityEditor.EditorApplication:Internal_CallUpdateFunctions ()

[Assets/ProjectAPlus/Scripts/Core/StageManager.cs line 69]

Sprite Tiling might not appear correctly because the Sprite used is not generated with Full Rect. To fix this, change the Mesh Type in the Sprite's import setting to Full Rect
UnityEngine.StackTraceUtility:ExtractStackTrace ()
ProjectAPlus.StageManager:Platform (UnityEngine.Vector2,UnityEngine.Vector2,UnityEngine.Color) (at Assets/ProjectAPlus/Scripts/Core/StageManager.cs:118)
ProjectAPlus.StageManager:BuildEnvironment () (at Assets/ProjectAPlus/Scripts/Core/StageManager.cs:70)
ProjectAPlus.StageManager:Load (ProjectAPlus.StageData) (at Assets/ProjectAPlus/Scripts/Core/StageManager.cs:36)
ProjectAPlus.GameManager:LoadStage (int) (at Assets/ProjectAPlus/Scripts/Core/GameManager.cs:108)
ProjectAPlus.Editor.ProjectAPlusAssetGenerator:AllStagesSmokeUpdate () (at Assets/ProjectAPlus/Editor/ProjectAPlusAssetGenerator.cs:157)
UnityEditor.EditorApplication:Internal_CallUpdateFunctions ()

[Assets/ProjectAPlus/Scripts/Core/StageManager.cs line 70]

Sprite Tiling might not appear correctly because the Sprite used is not generated with Full Rect. To fix this, change the Mesh Type in the Sprite's import setting to Full Rect
UnityEngine.StackTraceUtility:ExtractStackTrace ()
ProjectAPlus.StageManager:Platform (UnityEngine.Vector2,UnityEngine.Vector2,UnityEngine.Color) (at Assets/ProjectAPlus/Scripts/Core/StageManager.cs:118)
ProjectAPlus.StageManager:BuildEnvironment () (at Assets/ProjectAPlus/Scripts/Core/StageManager.cs:72)
ProjectAPlus.StageManager:Load (ProjectAPlus.StageData) (at Assets/ProjectAPlus/Scripts/Core/StageManager.cs:36)
ProjectAPlus.GameManager:LoadStage (int) (at Assets/ProjectAPlus/Scripts/Core/GameManager.cs:108)
ProjectAPlus.Editor.ProjectAPlusAssetGenerator:AllStagesSmokeUpdate () (at Assets/ProjectAPlus/Editor/ProjectAPlusAssetGenerator.cs:157)
UnityEditor.EditorApplication:Internal_CallUpdateFunctions ()

[Assets/ProjectAPlus/Scripts/Core/StageManager.cs line 72]

Sprite Tiling might not appear correctly because the Sprite used is not generated with Full Rect. To fix this, change the Mesh Type in the Sprite's import setting to Full Rect
UnityEngine.StackTraceUtility:ExtractStackTrace ()
ProjectAPlus.StageManager:Platform (UnityEngine.Vector2,UnityEngine.Vector2,UnityEngine.Color) (at Assets/ProjectAPlus/Scripts/Core/StageManager.cs:118)
ProjectAPlus.StageManager:BuildEnvironment () (at Assets/ProjectAPlus/Scripts/Core/StageManager.cs:73)
ProjectAPlus.StageManager:Load (ProjectAPlus.StageData) (at Assets/ProjectAPlus/Scripts/Core/StageManager.cs:36)
ProjectAPlus.GameManager:LoadStage (int) (at Assets/ProjectAPlus/Scripts/Core/GameManager.cs:108)
ProjectAPlus.Editor.ProjectAPlusAssetGenerator:AllStagesSmokeUpdate () (at Assets/ProjectAPlus/Editor/ProjectAPlusAssetGenerator.cs:157)
UnityEditor.EditorApplication:Internal_CallUpdateFunctions ()

[Assets/ProjectAPlus/Scripts/Core/StageManager.cs line 73]

Sprite Tiling might not appear correctly because the Sprite used is not generated with Full Rect. To fix this, change the Mesh Type in the Sprite's import setting to Full Rect
UnityEngine.StackTraceUtility:ExtractStackTrace ()
ProjectAPlus.StageManager:Platform (UnityEngine.Vector2,UnityEngine.Vector2,UnityEngine.Color) (at Assets/ProjectAPlus/Scripts/Core/StageManager.cs:118)
ProjectAPlus.StageManager:BuildEnvironment () (at Assets/ProjectAPlus/Scripts/Core/StageManager.cs:74)
ProjectAPlus.StageManager:Load (ProjectAPlus.StageData) (at Assets/ProjectAPlus/Scripts/Core/StageManager.cs:36)
ProjectAPlus.GameManager:LoadStage (int) (at Assets/ProjectAPlus/Scripts/Core/GameManager.cs:108)
ProjectAPlus.Editor.ProjectAPlusAssetGenerator:AllStagesSmokeUpdate () (at Assets/ProjectAPlus/Editor/ProjectAPlusAssetGenerator.cs:157)
UnityEditor.EditorApplication:Internal_CallUpdateFunctions ()

[Assets/ProjectAPlus/Scripts/Core/StageManager.cs line 74]

Sprite Tiling might not appear correctly because the Sprite used is not generated with Full Rect. To fix this, change the Mesh Type in the Sprite's import setting to Full Rect
UnityEngine.StackTraceUtility:ExtractStackTrace ()
ProjectAPlus.StageManager:Platform (UnityEngine.Vector2,UnityEngine.Vector2,UnityEngine.Color) (at Assets/ProjectAPlus/Scripts/Core/StageManager.cs:118)
ProjectAPlus.StageManager:BuildEnvironment () (at Assets/ProjectAPlus/Scripts/Core/StageManager.cs:75)
ProjectAPlus.StageManager:Load (ProjectAPlus.StageData) (at Assets/ProjectAPlus/Scripts/Core/StageManager.cs:36)
ProjectAPlus.GameManager:LoadStage (int) (at Assets/ProjectAPlus/Scripts/Core/GameManager.cs:108)
ProjectAPlus.Editor.ProjectAPlusAssetGenerator:AllStagesSmokeUpdate () (at Assets/ProjectAPlus/Editor/ProjectAPlusAssetGenerator.cs:157)
UnityEditor.EditorApplication:Internal_CallUpdateFunctions ()

[Assets/ProjectAPlus/Scripts/Core/StageManager.cs line 75]

Project A+ Stage 6 runtime smoke: True, enemies=5, bosses=0
UnityEngine.StackTraceUtility:ExtractStackTrace ()
UnityEngine.DebugLogHandler:LogFormat (UnityEngine.LogType,UnityEngine.Object,string,object[])
UnityEngine.Logger:Log (UnityEngine.LogType,object)
UnityEngine.Debug:Log (object)
ProjectAPlus.Editor.ProjectAPlusAssetGenerator:AllStagesSmokeUpdate () (at Assets/ProjectAPlus/Editor/ProjectAPlusAssetGenerator.cs:171)
UnityEditor.EditorApplication:Internal_CallUpdateFunctions ()

(Filename: Assets/ProjectAPlus/Editor/ProjectAPlusAssetGenerator.cs Line: 171)

Sprite Tiling might not appear correctly because the Sprite used is not generated with Full Rect. To fix this, change the Mesh Type in the Sprite's import setting to Full Rect
UnityEngine.StackTraceUtility:ExtractStackTrace ()
ProjectAPlus.StageManager:Platform (UnityEngine.Vector2,UnityEngine.Vector2,UnityEngine.Color) (at Assets/ProjectAPlus/Scripts/Core/StageManager.cs:118)
ProjectAPlus.StageManager:BuildEnvironment () (at Assets/ProjectAPlus/Scripts/Core/StageManager.cs:68)
ProjectAPlus.StageManager:Load (ProjectAPlus.StageData) (at Assets/ProjectAPlus/Scripts/Core/StageManager.cs:36)
ProjectAPlus.GameManager:LoadStage (int) (at Assets/ProjectAPlus/Scripts/Core/GameManager.cs:108)
ProjectAPlus.Editor.ProjectAPlusAssetGenerator:AllStagesSmokeUpdate () (at Assets/ProjectAPlus/Editor/ProjectAPlusAssetGenerator.cs:157)
UnityEditor.EditorApplication:Internal_CallUpdateFunctions ()

[Assets/ProjectAPlus/Scripts/Core/StageManager.cs line 68]

Sprite Tiling might not appear correctly because the Sprite used is not generated with Full Rect. To fix this, change the Mesh Type in the Sprite's import setting to Full Rect
UnityEngine.StackTraceUtility:ExtractStackTrace ()
ProjectAPlus.StageManager:Platform (UnityEngine.Vector2,UnityEngine.Vector2,UnityEngine.Color) (at Assets/ProjectAPlus/Scripts/Core/StageManager.cs:118)
ProjectAPlus.StageManager:BuildEnvironment () (at Assets/ProjectAPlus/Scripts/Core/StageManager.cs:69)
ProjectAPlus.StageManager:Load (ProjectAPlus.StageData) (at Assets/ProjectAPlus/Scripts/Core/StageManager.cs:36)
ProjectAPlus.GameManager:LoadStage (int) (at Assets/ProjectAPlus/Scripts/Core/GameManager.cs:108)
ProjectAPlus.Editor.ProjectAPlusAssetGenerator:AllStagesSmokeUpdate () (at Assets/ProjectAPlus/Editor/ProjectAPlusAssetGenerator.cs:157)
UnityEditor.EditorApplication:Internal_CallUpdateFunctions ()

[Assets/ProjectAPlus/Scripts/Core/StageManager.cs line 69]

Sprite Tiling might not appear correctly because the Sprite used is not generated with Full Rect. To fix this, change the Mesh Type in the Sprite's import setting to Full Rect
UnityEngine.StackTraceUtility:ExtractStackTrace ()
ProjectAPlus.StageManager:Platform (UnityEngine.Vector2,UnityEngine.Vector2,UnityEngine.Color) (at Assets/ProjectAPlus/Scripts/Core/StageManager.cs:118)
ProjectAPlus.StageManager:BuildEnvironment () (at Assets/ProjectAPlus/Scripts/Core/StageManager.cs:70)
ProjectAPlus.StageManager:Load (ProjectAPlus.StageData) (at Assets/ProjectAPlus/Scripts/Core/StageManager.cs:36)
ProjectAPlus.GameManager:LoadStage (int) (at Assets/ProjectAPlus/Scripts/Core/GameManager.cs:108)
ProjectAPlus.Editor.ProjectAPlusAssetGenerator:AllStagesSmokeUpdate () (at Assets/ProjectAPlus/Editor/ProjectAPlusAssetGenerator.cs:157)
UnityEditor.EditorApplication:Internal_CallUpdateFunctions ()

[Assets/ProjectAPlus/Scripts/Core/StageManager.cs line 70]

Sprite Tiling might not appear correctly because the Sprite used is not generated with Full Rect. To fix this, change the Mesh Type in the Sprite's import setting to Full Rect
UnityEngine.StackTraceUtility:ExtractStackTrace ()
ProjectAPlus.StageManager:Platform (UnityEngine.Vector2,UnityEngine.Vector2,UnityEngine.Color) (at Assets/ProjectAPlus/Scripts/Core/StageManager.cs:118)
ProjectAPlus.StageManager:BuildEnvironment () (at Assets/ProjectAPlus/Scripts/Core/StageManager.cs:72)
ProjectAPlus.StageManager:Load (ProjectAPlus.StageData) (at Assets/ProjectAPlus/Scripts/Core/StageManager.cs:36)
ProjectAPlus.GameManager:LoadStage (int) (at Assets/ProjectAPlus/Scripts/Core/GameManager.cs:108)
ProjectAPlus.Editor.ProjectAPlusAssetGenerator:AllStagesSmokeUpdate () (at Assets/ProjectAPlus/Editor/ProjectAPlusAssetGenerator.cs:157)
UnityEditor.EditorApplication:Internal_CallUpdateFunctions ()

[Assets/ProjectAPlus/Scripts/Core/StageManager.cs line 72]

Sprite Tiling might not appear correctly because the Sprite used is not generated with Full Rect. To fix this, change the Mesh Type in the Sprite's import setting to Full Rect
UnityEngine.StackTraceUtility:ExtractStackTrace ()
ProjectAPlus.StageManager:Platform (UnityEngine.Vector2,UnityEngine.Vector2,UnityEngine.Color) (at Assets/ProjectAPlus/Scripts/Core/StageManager.cs:118)
ProjectAPlus.StageManager:BuildEnvironment () (at Assets/ProjectAPlus/Scripts/Core/StageManager.cs:73)
ProjectAPlus.StageManager:Load (ProjectAPlus.StageData) (at Assets/ProjectAPlus/Scripts/Core/StageManager.cs:36)
ProjectAPlus.GameManager:LoadStage (int) (at Assets/ProjectAPlus/Scripts/Core/GameManager.cs:108)
ProjectAPlus.Editor.ProjectAPlusAssetGenerator:AllStagesSmokeUpdate () (at Assets/ProjectAPlus/Editor/ProjectAPlusAssetGenerator.cs:157)
UnityEditor.EditorApplication:Internal_CallUpdateFunctions ()

[Assets/ProjectAPlus/Scripts/Core/StageManager.cs line 73]

Sprite Tiling might not appear correctly because the Sprite used is not generated with Full Rect. To fix this, change the Mesh Type in the Sprite's import setting to Full Rect
UnityEngine.StackTraceUtility:ExtractStackTrace ()
ProjectAPlus.StageManager:Platform (UnityEngine.Vector2,UnityEngine.Vector2,UnityEngine.Color) (at Assets/ProjectAPlus/Scripts/Core/StageManager.cs:118)
ProjectAPlus.StageManager:BuildEnvironment () (at Assets/ProjectAPlus/Scripts/Core/StageManager.cs:74)
ProjectAPlus.StageManager:Load (ProjectAPlus.StageData) (at Assets/ProjectAPlus/Scripts/Core/StageManager.cs:36)
ProjectAPlus.GameManager:LoadStage (int) (at Assets/ProjectAPlus/Scripts/Core/GameManager.cs:108)
ProjectAPlus.Editor.ProjectAPlusAssetGenerator:AllStagesSmokeUpdate () (at Assets/ProjectAPlus/Editor/ProjectAPlusAssetGenerator.cs:157)
UnityEditor.EditorApplication:Internal_CallUpdateFunctions ()

[Assets/ProjectAPlus/Scripts/Core/StageManager.cs line 74]

Sprite Tiling might not appear correctly because the Sprite used is not generated with Full Rect. To fix this, change the Mesh Type in the Sprite's import setting to Full Rect
UnityEngine.StackTraceUtility:ExtractStackTrace ()
ProjectAPlus.StageManager:Platform (UnityEngine.Vector2,UnityEngine.Vector2,UnityEngine.Color) (at Assets/ProjectAPlus/Scripts/Core/StageManager.cs:118)
ProjectAPlus.StageManager:BuildEnvironment () (at Assets/ProjectAPlus/Scripts/Core/StageManager.cs:75)
ProjectAPlus.StageManager:Load (ProjectAPlus.StageData) (at Assets/ProjectAPlus/Scripts/Core/StageManager.cs:36)
ProjectAPlus.GameManager:LoadStage (int) (at Assets/ProjectAPlus/Scripts/Core/GameManager.cs:108)
ProjectAPlus.Editor.ProjectAPlusAssetGenerator:AllStagesSmokeUpdate () (at Assets/ProjectAPlus/Editor/ProjectAPlusAssetGenerator.cs:157)
UnityEditor.EditorApplication:Internal_CallUpdateFunctions ()

[Assets/ProjectAPlus/Scripts/Core/StageManager.cs line 75]

Project A+ Stage 7 runtime smoke: True, enemies=5, bosses=0
UnityEngine.StackTraceUtility:ExtractStackTrace ()
UnityEngine.DebugLogHandler:LogFormat (UnityEngine.LogType,UnityEngine.Object,string,object[])
UnityEngine.Logger:Log (UnityEngine.LogType,object)
UnityEngine.Debug:Log (object)
ProjectAPlus.Editor.ProjectAPlusAssetGenerator:AllStagesSmokeUpdate () (at Assets/ProjectAPlus/Editor/ProjectAPlusAssetGenerator.cs:171)
UnityEditor.EditorApplication:Internal_CallUpdateFunctions ()

(Filename: Assets/ProjectAPlus/Editor/ProjectAPlusAssetGenerator.cs Line: 171)

Sprite Tiling might not appear correctly because the Sprite used is not generated with Full Rect. To fix this, change the Mesh Type in the Sprite's import setting to Full Rect
UnityEngine.StackTraceUtility:ExtractStackTrace ()
ProjectAPlus.StageManager:Platform (UnityEngine.Vector2,UnityEngine.Vector2,UnityEngine.Color) (at Assets/ProjectAPlus/Scripts/Core/StageManager.cs:118)
ProjectAPlus.StageManager:BuildEnvironment () (at Assets/ProjectAPlus/Scripts/Core/StageManager.cs:68)
ProjectAPlus.StageManager:Load (ProjectAPlus.StageData) (at Assets/ProjectAPlus/Scripts/Core/StageManager.cs:36)
ProjectAPlus.GameManager:LoadStage (int) (at Assets/ProjectAPlus/Scripts/Core/GameManager.cs:108)
ProjectAPlus.Editor.ProjectAPlusAssetGenerator:AllStagesSmokeUpdate () (at Assets/ProjectAPlus/Editor/ProjectAPlusAssetGenerator.cs:157)
UnityEditor.EditorApplication:Internal_CallUpdateFunctions ()

[Assets/ProjectAPlus/Scripts/Core/StageManager.cs line 68]

Sprite Tiling might not appear correctly because the Sprite used is not generated with Full Rect. To fix this, change the Mesh Type in the Sprite's import setting to Full Rect
UnityEngine.StackTraceUtility:ExtractStackTrace ()
ProjectAPlus.StageManager:Platform (UnityEngine.Vector2,UnityEngine.Vector2,UnityEngine.Color) (at Assets/ProjectAPlus/Scripts/Core/StageManager.cs:118)
ProjectAPlus.StageManager:BuildEnvironment () (at Assets/ProjectAPlus/Scripts/Core/StageManager.cs:69)
ProjectAPlus.StageManager:Load (ProjectAPlus.StageData) (at Assets/ProjectAPlus/Scripts/Core/StageManager.cs:36)
ProjectAPlus.GameManager:LoadStage (int) (at Assets/ProjectAPlus/Scripts/Core/GameManager.cs:108)
ProjectAPlus.Editor.ProjectAPlusAssetGenerator:AllStagesSmokeUpdate () (at Assets/ProjectAPlus/Editor/ProjectAPlusAssetGenerator.cs:157)
UnityEditor.EditorApplication:Internal_CallUpdateFunctions ()

[Assets/ProjectAPlus/Scripts/Core/StageManager.cs line 69]

Sprite Tiling might not appear correctly because the Sprite used is not generated with Full Rect. To fix this, change the Mesh Type in the Sprite's import setting to Full Rect
UnityEngine.StackTraceUtility:ExtractStackTrace ()
ProjectAPlus.StageManager:Platform (UnityEngine.Vector2,UnityEngine.Vector2,UnityEngine.Color) (at Assets/ProjectAPlus/Scripts/Core/StageManager.cs:118)
ProjectAPlus.StageManager:BuildEnvironment () (at Assets/ProjectAPlus/Scripts/Core/StageManager.cs:70)
ProjectAPlus.StageManager:Load (ProjectAPlus.StageData) (at Assets/ProjectAPlus/Scripts/Core/StageManager.cs:36)
ProjectAPlus.GameManager:LoadStage (int) (at Assets/ProjectAPlus/Scripts/Core/GameManager.cs:108)
ProjectAPlus.Editor.ProjectAPlusAssetGenerator:AllStagesSmokeUpdate () (at Assets/ProjectAPlus/Editor/ProjectAPlusAssetGenerator.cs:157)
UnityEditor.EditorApplication:Internal_CallUpdateFunctions ()

[Assets/ProjectAPlus/Scripts/Core/StageManager.cs line 70]

Sprite Tiling might not appear correctly because the Sprite used is not generated with Full Rect. To fix this, change the Mesh Type in the Sprite's import setting to Full Rect
UnityEngine.StackTraceUtility:ExtractStackTrace ()
ProjectAPlus.StageManager:Platform (UnityEngine.Vector2,UnityEngine.Vector2,UnityEngine.Color) (at Assets/ProjectAPlus/Scripts/Core/StageManager.cs:118)
ProjectAPlus.StageManager:BuildEnvironment () (at Assets/ProjectAPlus/Scripts/Core/StageManager.cs:72)
ProjectAPlus.StageManager:Load (ProjectAPlus.StageData) (at Assets/ProjectAPlus/Scripts/Core/StageManager.cs:36)
ProjectAPlus.GameManager:LoadStage (int) (at Assets/ProjectAPlus/Scripts/Core/GameManager.cs:108)
ProjectAPlus.Editor.ProjectAPlusAssetGenerator:AllStagesSmokeUpdate () (at Assets/ProjectAPlus/Editor/ProjectAPlusAssetGenerator.cs:157)
UnityEditor.EditorApplication:Internal_CallUpdateFunctions ()

[Assets/ProjectAPlus/Scripts/Core/StageManager.cs line 72]

Sprite Tiling might not appear correctly because the Sprite used is not generated with Full Rect. To fix this, change the Mesh Type in the Sprite's import setting to Full Rect
UnityEngine.StackTraceUtility:ExtractStackTrace ()
ProjectAPlus.StageManager:Platform (UnityEngine.Vector2,UnityEngine.Vector2,UnityEngine.Color) (at Assets/ProjectAPlus/Scripts/Core/StageManager.cs:118)
ProjectAPlus.StageManager:BuildEnvironment () (at Assets/ProjectAPlus/Scripts/Core/StageManager.cs:73)
ProjectAPlus.StageManager:Load (ProjectAPlus.StageData) (at Assets/ProjectAPlus/Scripts/Core/StageManager.cs:36)
ProjectAPlus.GameManager:LoadStage (int) (at Assets/ProjectAPlus/Scripts/Core/GameManager.cs:108)
ProjectAPlus.Editor.ProjectAPlusAssetGenerator:AllStagesSmokeUpdate () (at Assets/ProjectAPlus/Editor/ProjectAPlusAssetGenerator.cs:157)
UnityEditor.EditorApplication:Internal_CallUpdateFunctions ()

[Assets/ProjectAPlus/Scripts/Core/StageManager.cs line 73]

Sprite Tiling might not appear correctly because the Sprite used is not generated with Full Rect. To fix this, change the Mesh Type in the Sprite's import setting to Full Rect
UnityEngine.StackTraceUtility:ExtractStackTrace ()
ProjectAPlus.StageManager:Platform (UnityEngine.Vector2,UnityEngine.Vector2,UnityEngine.Color) (at Assets/ProjectAPlus/Scripts/Core/StageManager.cs:118)
ProjectAPlus.StageManager:BuildEnvironment () (at Assets/ProjectAPlus/Scripts/Core/StageManager.cs:74)
ProjectAPlus.StageManager:Load (ProjectAPlus.StageData) (at Assets/ProjectAPlus/Scripts/Core/StageManager.cs:36)
ProjectAPlus.GameManager:LoadStage (int) (at Assets/ProjectAPlus/Scripts/Core/GameManager.cs:108)
ProjectAPlus.Editor.ProjectAPlusAssetGenerator:AllStagesSmokeUpdate () (at Assets/ProjectAPlus/Editor/ProjectAPlusAssetGenerator.cs:157)
UnityEditor.EditorApplication:Internal_CallUpdateFunctions ()

[Assets/ProjectAPlus/Scripts/Core/StageManager.cs line 74]

Sprite Tiling might not appear correctly because the Sprite used is not generated with Full Rect. To fix this, change the Mesh Type in the Sprite's import setting to Full Rect
UnityEngine.StackTraceUtility:ExtractStackTrace ()
ProjectAPlus.StageManager:Platform (UnityEngine.Vector2,UnityEngine.Vector2,UnityEngine.Color) (at Assets/ProjectAPlus/Scripts/Core/StageManager.cs:118)
ProjectAPlus.StageManager:BuildEnvironment () (at Assets/ProjectAPlus/Scripts/Core/StageManager.cs:75)
ProjectAPlus.StageManager:Load (ProjectAPlus.StageData) (at Assets/ProjectAPlus/Scripts/Core/StageManager.cs:36)
ProjectAPlus.GameManager:LoadStage (int) (at Assets/ProjectAPlus/Scripts/Core/GameManager.cs:108)
ProjectAPlus.Editor.ProjectAPlusAssetGenerator:AllStagesSmokeUpdate () (at Assets/ProjectAPlus/Editor/ProjectAPlusAssetGenerator.cs:157)
UnityEditor.EditorApplication:Internal_CallUpdateFunctions ()

[Assets/ProjectAPlus/Scripts/Core/StageManager.cs line 75]

Project A+ Stage 8 runtime smoke: True, enemies=5, bosses=0
UnityEngine.StackTraceUtility:ExtractStackTrace ()
UnityEngine.DebugLogHandler:LogFormat (UnityEngine.LogType,UnityEngine.Object,string,object[])
UnityEngine.Logger:Log (UnityEngine.LogType,object)
UnityEngine.Debug:Log (object)
ProjectAPlus.Editor.ProjectAPlusAssetGenerator:AllStagesSmokeUpdate () (at Assets/ProjectAPlus/Editor/ProjectAPlusAssetGenerator.cs:171)
UnityEditor.EditorApplication:Internal_CallUpdateFunctions ()

(Filename: Assets/ProjectAPlus/Editor/ProjectAPlusAssetGenerator.cs Line: 171)

Sprite Tiling might not appear correctly because the Sprite used is not generated with Full Rect. To fix this, change the Mesh Type in the Sprite's import setting to Full Rect
UnityEngine.StackTraceUtility:ExtractStackTrace ()
ProjectAPlus.StageManager:Platform (UnityEngine.Vector2,UnityEngine.Vector2,UnityEngine.Color) (at Assets/ProjectAPlus/Scripts/Core/StageManager.cs:118)
ProjectAPlus.StageManager:BuildEnvironment () (at Assets/ProjectAPlus/Scripts/Core/StageManager.cs:68)
ProjectAPlus.StageManager:Load (ProjectAPlus.StageData) (at Assets/ProjectAPlus/Scripts/Core/StageManager.cs:36)
ProjectAPlus.GameManager:LoadStage (int) (at Assets/ProjectAPlus/Scripts/Core/GameManager.cs:108)
ProjectAPlus.Editor.ProjectAPlusAssetGenerator:AllStagesSmokeUpdate () (at Assets/ProjectAPlus/Editor/ProjectAPlusAssetGenerator.cs:157)
UnityEditor.EditorApplication:Internal_CallUpdateFunctions ()

[Assets/ProjectAPlus/Scripts/Core/StageManager.cs line 68]

Sprite Tiling might not appear correctly because the Sprite used is not generated with Full Rect. To fix this, change the Mesh Type in the Sprite's import setting to Full Rect
UnityEngine.StackTraceUtility:ExtractStackTrace ()
ProjectAPlus.StageManager:Platform (UnityEngine.Vector2,UnityEngine.Vector2,UnityEngine.Color) (at Assets/ProjectAPlus/Scripts/Core/StageManager.cs:118)
ProjectAPlus.StageManager:BuildEnvironment () (at Assets/ProjectAPlus/Scripts/Core/StageManager.cs:69)
ProjectAPlus.StageManager:Load (ProjectAPlus.StageData) (at Assets/ProjectAPlus/Scripts/Core/StageManager.cs:36)
ProjectAPlus.GameManager:LoadStage (int) (at Assets/ProjectAPlus/Scripts/Core/GameManager.cs:108)
ProjectAPlus.Editor.ProjectAPlusAssetGenerator:AllStagesSmokeUpdate () (at Assets/ProjectAPlus/Editor/ProjectAPlusAssetGenerator.cs:157)
UnityEditor.EditorApplication:Internal_CallUpdateFunctions ()

[Assets/ProjectAPlus/Scripts/Core/StageManager.cs line 69]

Sprite Tiling might not appear correctly because the Sprite used is not generated with Full Rect. To fix this, change the Mesh Type in the Sprite's import setting to Full Rect
UnityEngine.StackTraceUtility:ExtractStackTrace ()
ProjectAPlus.StageManager:Platform (UnityEngine.Vector2,UnityEngine.Vector2,UnityEngine.Color) (at Assets/ProjectAPlus/Scripts/Core/StageManager.cs:118)
ProjectAPlus.StageManager:BuildEnvironment () (at Assets/ProjectAPlus/Scripts/Core/StageManager.cs:70)
ProjectAPlus.StageManager:Load (ProjectAPlus.StageData) (at Assets/ProjectAPlus/Scripts/Core/StageManager.cs:36)
ProjectAPlus.GameManager:LoadStage (int) (at Assets/ProjectAPlus/Scripts/Core/GameManager.cs:108)
ProjectAPlus.Editor.ProjectAPlusAssetGenerator:AllStagesSmokeUpdate () (at Assets/ProjectAPlus/Editor/ProjectAPlusAssetGenerator.cs:157)
UnityEditor.EditorApplication:Internal_CallUpdateFunctions ()

[Assets/ProjectAPlus/Scripts/Core/StageManager.cs line 70]

Sprite Tiling might not appear correctly because the Sprite used is not generated with Full Rect. To fix this, change the Mesh Type in the Sprite's import setting to Full Rect
UnityEngine.StackTraceUtility:ExtractStackTrace ()
ProjectAPlus.StageManager:Platform (UnityEngine.Vector2,UnityEngine.Vector2,UnityEngine.Color) (at Assets/ProjectAPlus/Scripts/Core/StageManager.cs:118)
ProjectAPlus.StageManager:BuildEnvironment () (at Assets/ProjectAPlus/Scripts/Core/StageManager.cs:72)
ProjectAPlus.StageManager:Load (ProjectAPlus.StageData) (at Assets/ProjectAPlus/Scripts/Core/StageManager.cs:36)
ProjectAPlus.GameManager:LoadStage (int) (at Assets/ProjectAPlus/Scripts/Core/GameManager.cs:108)
ProjectAPlus.Editor.ProjectAPlusAssetGenerator:AllStagesSmokeUpdate () (at Assets/ProjectAPlus/Editor/ProjectAPlusAssetGenerator.cs:157)
UnityEditor.EditorApplication:Internal_CallUpdateFunctions ()

[Assets/ProjectAPlus/Scripts/Core/StageManager.cs line 72]

Sprite Tiling might not appear correctly because the Sprite used is not generated with Full Rect. To fix this, change the Mesh Type in the Sprite's import setting to Full Rect
UnityEngine.StackTraceUtility:ExtractStackTrace ()
ProjectAPlus.StageManager:Platform (UnityEngine.Vector2,UnityEngine.Vector2,UnityEngine.Color) (at Assets/ProjectAPlus/Scripts/Core/StageManager.cs:118)
ProjectAPlus.StageManager:BuildEnvironment () (at Assets/ProjectAPlus/Scripts/Core/StageManager.cs:73)
ProjectAPlus.StageManager:Load (ProjectAPlus.StageData) (at Assets/ProjectAPlus/Scripts/Core/StageManager.cs:36)
ProjectAPlus.GameManager:LoadStage (int) (at Assets/ProjectAPlus/Scripts/Core/GameManager.cs:108)
ProjectAPlus.Editor.ProjectAPlusAssetGenerator:AllStagesSmokeUpdate () (at Assets/ProjectAPlus/Editor/ProjectAPlusAssetGenerator.cs:157)
UnityEditor.EditorApplication:Internal_CallUpdateFunctions ()

[Assets/ProjectAPlus/Scripts/Core/StageManager.cs line 73]

Sprite Tiling might not appear correctly because the Sprite used is not generated with Full Rect. To fix this, change the Mesh Type in the Sprite's import setting to Full Rect
UnityEngine.StackTraceUtility:ExtractStackTrace ()
ProjectAPlus.StageManager:Platform (UnityEngine.Vector2,UnityEngine.Vector2,UnityEngine.Color) (at Assets/ProjectAPlus/Scripts/Core/StageManager.cs:118)
ProjectAPlus.StageManager:BuildEnvironment () (at Assets/ProjectAPlus/Scripts/Core/StageManager.cs:74)
ProjectAPlus.StageManager:Load (ProjectAPlus.StageData) (at Assets/ProjectAPlus/Scripts/Core/StageManager.cs:36)
ProjectAPlus.GameManager:LoadStage (int) (at Assets/ProjectAPlus/Scripts/Core/GameManager.cs:108)
ProjectAPlus.Editor.ProjectAPlusAssetGenerator:AllStagesSmokeUpdate () (at Assets/ProjectAPlus/Editor/ProjectAPlusAssetGenerator.cs:157)
UnityEditor.EditorApplication:Internal_CallUpdateFunctions ()

[Assets/ProjectAPlus/Scripts/Core/StageManager.cs line 74]

Sprite Tiling might not appear correctly because the Sprite used is not generated with Full Rect. To fix this, change the Mesh Type in the Sprite's import setting to Full Rect
UnityEngine.StackTraceUtility:ExtractStackTrace ()
ProjectAPlus.StageManager:Platform (UnityEngine.Vector2,UnityEngine.Vector2,UnityEngine.Color) (at Assets/ProjectAPlus/Scripts/Core/StageManager.cs:118)
ProjectAPlus.StageManager:BuildEnvironment () (at Assets/ProjectAPlus/Scripts/Core/StageManager.cs:75)
ProjectAPlus.StageManager:Load (ProjectAPlus.StageData) (at Assets/ProjectAPlus/Scripts/Core/StageManager.cs:36)
ProjectAPlus.GameManager:LoadStage (int) (at Assets/ProjectAPlus/Scripts/Core/GameManager.cs:108)
ProjectAPlus.Editor.ProjectAPlusAssetGenerator:AllStagesSmokeUpdate () (at Assets/ProjectAPlus/Editor/ProjectAPlusAssetGenerator.cs:157)
UnityEditor.EditorApplication:Internal_CallUpdateFunctions ()

[Assets/ProjectAPlus/Scripts/Core/StageManager.cs line 75]

Project A+ Stage 9 runtime smoke: True, enemies=7, bosses=0
UnityEngine.StackTraceUtility:ExtractStackTrace ()
UnityEngine.DebugLogHandler:LogFormat (UnityEngine.LogType,UnityEngine.Object,string,object[])
UnityEngine.Logger:Log (UnityEngine.LogType,object)
UnityEngine.Debug:Log (object)
ProjectAPlus.Editor.ProjectAPlusAssetGenerator:AllStagesSmokeUpdate () (at Assets/ProjectAPlus/Editor/ProjectAPlusAssetGenerator.cs:171)
UnityEditor.EditorApplication:Internal_CallUpdateFunctions ()

(Filename: Assets/ProjectAPlus/Editor/ProjectAPlusAssetGenerator.cs Line: 171)

Sprite Tiling might not appear correctly because the Sprite used is not generated with Full Rect. To fix this, change the Mesh Type in the Sprite's import setting to Full Rect
UnityEngine.StackTraceUtility:ExtractStackTrace ()
ProjectAPlus.StageManager:Platform (UnityEngine.Vector2,UnityEngine.Vector2,UnityEngine.Color) (at Assets/ProjectAPlus/Scripts/Core/StageManager.cs:118)
ProjectAPlus.StageManager:BuildEnvironment () (at Assets/ProjectAPlus/Scripts/Core/StageManager.cs:63)
ProjectAPlus.StageManager:Load (ProjectAPlus.StageData) (at Assets/ProjectAPlus/Scripts/Core/StageManager.cs:36)
ProjectAPlus.GameManager:LoadStage (int) (at Assets/ProjectAPlus/Scripts/Core/GameManager.cs:108)
ProjectAPlus.Editor.ProjectAPlusAssetGenerator:AllStagesSmokeUpdate () (at Assets/ProjectAPlus/Editor/ProjectAPlusAssetGenerator.cs:157)
UnityEditor.EditorApplication:Internal_CallUpdateFunctions ()

[Assets/ProjectAPlus/Scripts/Core/StageManager.cs line 63]

Sprite Tiling might not appear correctly because the Sprite used is not generated with Full Rect. To fix this, change the Mesh Type in the Sprite's import setting to Full Rect
UnityEngine.StackTraceUtility:ExtractStackTrace ()
ProjectAPlus.StageManager:Platform (UnityEngine.Vector2,UnityEngine.Vector2,UnityEngine.Color) (at Assets/ProjectAPlus/Scripts/Core/StageManager.cs:118)
ProjectAPlus.StageManager:BuildEnvironment () (at Assets/ProjectAPlus/Scripts/Core/StageManager.cs:64)
ProjectAPlus.StageManager:Load (ProjectAPlus.StageData) (at Assets/ProjectAPlus/Scripts/Core/StageManager.cs:36)
ProjectAPlus.GameManager:LoadStage (int) (at Assets/ProjectAPlus/Scripts/Core/GameManager.cs:108)
ProjectAPlus.Editor.ProjectAPlusAssetGenerator:AllStagesSmokeUpdate () (at Assets/ProjectAPlus/Editor/ProjectAPlusAssetGenerator.cs:157)
UnityEditor.EditorApplication:Internal_CallUpdateFunctions ()

[Assets/ProjectAPlus/Scripts/Core/StageManager.cs line 64]

Sprite Tiling might not appear correctly because the Sprite used is not generated with Full Rect. To fix this, change the Mesh Type in the Sprite's import setting to Full Rect
UnityEngine.StackTraceUtility:ExtractStackTrace ()
ProjectAPlus.StageManager:Platform (UnityEngine.Vector2,UnityEngine.Vector2,UnityEngine.Color) (at Assets/ProjectAPlus/Scripts/Core/StageManager.cs:118)
ProjectAPlus.StageManager:BuildEnvironment () (at Assets/ProjectAPlus/Scripts/Core/StageManager.cs:65)
ProjectAPlus.StageManager:Load (ProjectAPlus.StageData) (at Assets/ProjectAPlus/Scripts/Core/StageManager.cs:36)
ProjectAPlus.GameManager:LoadStage (int) (at Assets/ProjectAPlus/Scripts/Core/GameManager.cs:108)
ProjectAPlus.Editor.ProjectAPlusAssetGenerator:AllStagesSmokeUpdate () (at Assets/ProjectAPlus/Editor/ProjectAPlusAssetGenerator.cs:157)
UnityEditor.EditorApplication:Internal_CallUpdateFunctions ()

[Assets/ProjectAPlus/Scripts/Core/StageManager.cs line 65]

Project A+ Stage 10 runtime smoke: True, enemies=0, bosses=1
UnityEngine.StackTraceUtility:ExtractStackTrace ()
UnityEngine.DebugLogHandler:LogFormat (UnityEngine.LogType,UnityEngine.Object,string,object[])
UnityEngine.Logger:Log (UnityEngine.LogType,object)
UnityEngine.Debug:Log (object)
ProjectAPlus.Editor.ProjectAPlusAssetGenerator:AllStagesSmokeUpdate () (at Assets/ProjectAPlus/Editor/ProjectAPlusAssetGenerator.cs:171)
UnityEditor.EditorApplication:Internal_CallUpdateFunctions ()

(Filename: Assets/ProjectAPlus/Editor/ProjectAPlusAssetGenerator.cs Line: 171)

Project A+ all 10 stages runtime smoke passed.
UnityEngine.StackTraceUtility:ExtractStackTrace ()
UnityEngine.DebugLogHandler:LogFormat (UnityEngine.LogType,UnityEngine.Object,string,object[])
UnityEngine.Logger:Log (UnityEngine.LogType,object)
UnityEngine.Debug:Log (object)
ProjectAPlus.Editor.ProjectAPlusAssetGenerator:AllStagesSmokeUpdate () (at Assets/ProjectAPlus/Editor/ProjectAPlusAssetGenerator.cs:184)
UnityEditor.EditorApplication:Internal_CallUpdateFunctions ()

(Filename: Assets/ProjectAPlus/Editor/ProjectAPlusAssetGenerator.cs Line: 184)

[PhysX] Initialized MultithreadedTaskDispatcher with 16 workers.
Input System module state changed to: ShutdownInProgress.
Input System polling thread exited.
Input System module state changed to: Shutdown.
[Licensing::IpcConnector] LicenseClient-ryu-notifications channel disconnected successfully.
[Licensing::IpcConnector] LicenseClient-ryu channel disconnected successfully.
Cleanup mono
abort_threads: Failed aborting id: 00000000000011D4, mono_thread_manage will ignore it

abort_threads: Failed aborting id: 00000000000011D4, mono_thread_manage will ignore it

debugger-agent: Unable to listen on 4624
[Performance] WinEditorMain                                                                                                        :        1 samples, Peak.   612 ms (1.0x), Avg.   612 ms, Total. 612.5 ms (5.6%)
[Performance] WinEditorMain.ConfigureCrashHandler                                                                                  :        1 samples, Peak.  30.5 us (1.0x), Avg.  30.5 us, Total. 30.50 us (0.0%)
[Performance] WinEditorMain.CurlRequestInitialize                                                                                  :        1 samples, Peak.   576 us (1.0x), Avg.   576 us, Total. 576.0 us (0.0%)
[Performance] WinEditorMain.SetupLogFile                                                                                           :        1 samples, Peak.   698 us (1.0x), Avg.   698 us, Total. 697.7 us (0.0%)
[Performance] WinEditorMain.RunNativeTestsIfRequiredAndExit                                                                        :        1 samples, Peak. 100.0 ns (1.0x), Avg. 100.0 ns, Total. 100.00 ns (0.0%)
[Performance] WinEditorMain.Licensing                                                                                              :        1 samples, Peak.   595 ms (1.0x), Avg.   595 ms, Total. 595.1 ms (5.4%)
[Performance] WinEditorMain.InitializeCrashHandler                                                                                 :        1 samples, Peak.  13.0 ms (1.0x), Avg.  13.0 ms, Total. 12.97 ms (0.1%)
[Performance] WinEditorMain.CreateApplication                                                                                      :        1 samples, Peak.   168 us (1.0x), Avg.   168 us, Total. 168.2 us (0.0%)
[Performance] Application.InitializeProject                                                                                        :        1 samples, Peak.  5.40 s (1.0x), Avg.  5.40 s, Total. 5.400 s (49.1%)
[Performance] Application.PackageManager.StartServer                                                                               :        1 samples, Peak.  3.51 ms (1.0x), Avg.  3.51 ms, Total. 3.512 ms (0.0%)
[Performance] Application.AcquireProjectLock                                                                                       :        1 samples, Peak.  6.49 ms (1.0x), Avg.  6.49 ms, Total. 6.492 ms (0.1%)
[Performance] Application.InitializeEngineNoGraphics                                                                               :        1 samples, Peak.  61.5 ms (1.0x), Avg.  61.5 ms, Total. 61.55 ms (0.6%)
[Performance] Application.PackageManager.Initialize                                                                                :        1 samples, Peak.   400 ms (1.0x), Avg.   400 ms, Total. 400.3 ms (3.6%)
[Performance] Connecting to Package Manager                                                                                        :       41 samples, Peak.   167 us (26.0x), Avg.  6.45 us, Total. 264.3 us (0.0%)
[Performance] Application.EngineGraphics.Initialize                                                                                :        1 samples, Peak.  20.9 ms (1.0x), Avg.  20.9 ms, Total. 20.91 ms (0.2%)
[Performance] Application.GI.Initialize                                                                                            :        1 samples, Peak.  3.11 ms (1.0x), Avg.  3.11 ms, Total. 3.107 ms (0.0%)
[Performance] Application.LoadAllDefaultResourcesFromEditor                                                                        :        1 samples, Peak.  2.10 ms (1.0x), Avg.  2.10 ms, Total. 2.103 ms (0.0%)
[Performance] Application.LoadMonoAssemblies                                                                                       :        1 samples, Peak.   664 ms (1.0x), Avg.   664 ms, Total. 663.6 ms (6.0%)
[Performance] RestoreManagedReferences                                                                                             :        3 samples, Peak.  55.7 ms (1.6x), Avg.  34.1 ms, Total. 102.3 ms (0.9%)
[Performance] InitializeOnLoad DrivenRectTransformUndo                                                                             :        3 samples, Peak.   466 us (1.1x), Avg.   420 us, Total. 1.260 ms (0.0%)
[Performance] InitializeOnLoad SceneSearch                                                                                         :        3 samples, Peak.   155 us (1.2x), Avg.   134 us, Total. 403.4 us (0.0%)
[Performance] InitializeOnLoad CloudBuild                                                                                          :        3 samples, Peak.  7.00 us (1.2x), Avg.  5.63 us, Total. 16.90 us (0.0%)
[Performance] InitializeOnLoad NativeFormatImporterUtility                                                                         :        3 samples, Peak.  2.90 ms (1.2x), Avg.  2.45 ms, Total. 7.358 ms (0.1%)
[Performance] InitializeOnLoad SearchService                                                                                       :        3 samples, Peak.   379 us (1.9x), Avg.   200 us, Total. 599.8 us (0.0%)
[Performance] InitializeOnLoad SettingsService                                                                                     :        3 samples, Peak.  16.9 us (1.4x), Avg.  11.7 us, Total. 35.00 us (0.0%)
[Performance] InitializeOnLoad WindowLayout                                                                                        :        3 samples, Peak.   777 us (1.2x), Avg.   669 us, Total. 2.006 ms (0.0%)
[Performance] InitializeOnLoad AssetStoreContext                                                                                   :        3 samples, Peak.  28.7 ms (1.1x), Avg.  26.2 ms, Total. 78.58 ms (0.7%)
[Performance] InitializeOnLoad PoolManager                                                                                         :        3 samples, Peak.   648 us (1.1x), Avg.   602 us, Total. 1.806 ms (0.0%)
[Performance] InitializeOnLoad MixerEffectDefinitionReloader                                                                       :        3 samples, Peak.  2.76 ms (1.4x), Avg.  2.02 ms, Total. 6.059 ms (0.1%)
[Performance] InitializeOnLoad ProjectSearch                                                                                       :        3 samples, Peak.   223 us (1.8x), Avg.   122 us, Total. 366.0 us (0.0%)
[Performance] InitializeOnLoad UISystemProfilerRenderService                                                                       :        3 samples, Peak.  10.9 us (1.1x), Avg.  9.63 us, Total. 28.90 us (0.0%)
[Performance] InitializeOnLoad EditMode                                                                                            :        3 samples, Peak.   434 us (1.1x), Avg.   401 us, Total. 1.202 ms (0.0%)
[Performance] InitializeOnLoad UnityConnect                                                                                        :        3 samples, Peak.  62.1 us (1.1x), Avg.  55.9 us, Total. 167.6 us (0.0%)
[Performance] InitializeOnLoad ManagedDebugger                                                                                     :        3 samples, Peak.   795 us (1.1x), Avg.   696 us, Total. 2.089 ms (0.0%)
[Performance] InitializeOnLoad ShortcutIntegration                                                                                 :        3 samples, Peak.  65.6 us (1.0x), Avg.  63.3 us, Total. 190.0 us (0.0%)
[Performance] InitializeOnLoad AddComponentWindow                                                                                  :        3 samples, Peak.   133 us (1.1x), Avg.   121 us, Total. 364.0 us (0.0%)
[Performance] InitializeOnLoad ManagedDebuggerWindow                                                                               :        3 samples, Peak.   147 us (1.1x), Avg.   135 us, Total. 406.5 us (0.0%)
[Performance] InitializeOnLoad CacheServerWindow                                                                                   :        3 samples, Peak.  13.7 us (1.2x), Avg.  11.2 us, Total. 33.50 us (0.0%)
[Performance] InitializeOnLoad PlayModeDownload                                                                                    :        3 samples, Peak.  4.37 ms (2.7x), Avg.  1.64 ms, Total. 4.917 ms (0.0%)
[Performance] InitializeOnLoad MenuItems                                                                                           :        3 samples, Peak.  95.4 us (1.0x), Avg.  91.4 us, Total. 274.1 us (0.0%)
[Performance] InitializeOnLoad PrefabInstanceChangedListener                                                                       :        3 samples, Peak.   170 us (1.1x), Avg.   150 us, Total. 449.3 us (0.0%)
[Performance] InitializeOnLoad ObjectSelectorSearch                                                                                :        3 samples, Peak.  60.2 us (1.2x), Avg.  51.2 us, Total. 153.6 us (0.0%)
[Performance] InitializeOnLoad EditorMonitor                                                                                       :        3 samples, Peak.  1.17 ms (1.5x), Avg.   757 us, Total. 2.272 ms (0.0%)
[Performance] InitializeOnLoad RetainedMode                                                                                        :        3 samples, Peak.  3.59 ms (1.3x), Avg.  2.67 ms, Total. 7.997 ms (0.1%)
[Performance] InitializeOnLoad EditorShaderLoader                                                                                  :        3 samples, Peak.   959 us (1.2x), Avg.   787 us, Total. 2.362 ms (0.0%)
[Performance] InitializeOnLoad EditorDelegateRegistration                                                                          :        3 samples, Peak.   900 us (1.3x), Avg.   695 us, Total. 2.084 ms (0.0%)
[Performance] InitializeOnLoad UIDocumentHierarchyWatcher                                                                          :        3 samples, Peak.   112 us (1.2x), Avg.  96.0 us, Total. 288.1 us (0.0%)
[Performance] InitializeOnLoad LiveReloadTrackerCreator                                                                            :        3 samples, Peak.   341 us (1.4x), Avg.   243 us, Total. 729.2 us (0.0%)
[Performance] InitializeOnLoad UxmlObjectEditorFactories                                                                           :        3 samples, Peak.   901 us (1.5x), Avg.   606 us, Total. 1.819 ms (0.0%)
[Performance] InitializeOnLoad UXMLEditorFactories                                                                                 :        3 samples, Peak.  70.9 ms (1.1x), Avg.  64.5 ms, Total. 193.5 ms (1.8%)
[Performance] InitializeOnLoad PurchasingService                                                                                   :        3 samples, Peak.  7.66 ms (1.1x), Avg.  7.00 ms, Total. 21.01 ms (0.2%)
[Performance] InitializeOnLoad CloudBuildPoller                                                                                    :        3 samples, Peak.   115 us (1.0x), Avg.   112 us, Total. 337.0 us (0.0%)
[Performance] InitializeOnLoad EditorGameServicesAnalytics                                                                         :        3 samples, Peak.  3.25 ms (1.8x), Avg.  1.79 ms, Total. 5.372 ms (0.0%)
[Performance] InitializeOnLoad AnalyticsService                                                                                    :        3 samples, Peak.   228 us (1.2x), Avg.   195 us, Total. 584.4 us (0.0%)
[Performance] InitializeOnLoad BuildService                                                                                        :        3 samples, Peak.   163 us (1.0x), Avg.   158 us, Total. 474.4 us (0.0%)
[Performance] InitializeOnLoad AdsService                                                                                          :        3 samples, Peak.   536 us (1.2x), Avg.   447 us, Total. 1.342 ms (0.0%)
[Performance] InitializeOnLoad UDPService                                                                                          :        3 samples, Peak.   233 us (1.3x), Avg.   182 us, Total. 546.5 us (0.0%)
[Performance] InitializeOnLoad CrashService                                                                                        :        3 samples, Peak.   214 us (1.2x), Avg.   175 us, Total. 525.7 us (0.0%)
[Performance] InitializeOnLoad ServicesRepository                                                                                  :        3 samples, Peak.   700 ns (1.2x), Avg.   567 ns, Total. 1.700 us (0.0%)
[Performance] InitializeOnLoad SearchWindow                                                                                        :        3 samples, Peak.   137 us (1.1x), Avg.   125 us, Total. 374.8 us (0.0%)
[Performance] InitializeOnLoad CustomIndexers                                                                                      :        3 samples, Peak.  19.7 ms (1.1x), Avg.  17.6 ms, Total. 52.74 ms (0.5%)
[Performance] InitializeOnLoad SearchMonitor                                                                                       :        3 samples, Peak.  1.50 ms (1.4x), Avg.  1.09 ms, Total. 3.257 ms (0.0%)
[Performance] InitializeOnLoad ParameterControllerEditor                                                                           :        3 samples, Peak.  26.1 us (1.4x), Avg.  18.3 us, Total. 54.90 us (0.0%)
[Performance] InitializeOnLoad LayerSettingsWindow                                                                                 :        3 samples, Peak.  37.0 us (1.8x), Avg.  20.9 us, Total. 62.70 us (0.0%)
[Performance] InitializeOnLoad PackageManagerHookGUIDConverter.RegisterPackagesEventHandler                                        :        3 samples, Peak.   809 us (1.3x), Avg.   620 us, Total. 1.859 ms (0.0%)
[Performance] InitializeOnLoad EditorDragAndDrop.RegisterEditorClient                                                              :        3 samples, Peak.   371 us (1.4x), Avg.   267 us, Total. 800.8 us (0.0%)
[Performance] InitializeOnLoad EditorEventCallbacks.InitializeFontAssetResourceChangeCallBacks                                     :        3 samples, Peak.  1.83 ms (1.3x), Avg.  1.40 ms, Total. 4.200 ms (0.0%)
[Performance] InitializeOnLoad SceneTemplateService.Init                                                                           :        3 samples, Peak.  2.06 ms (1.4x), Avg.  1.50 ms, Total. 4.504 ms (0.0%)
[Performance] InitializeOnLoad DiagnosticSwitchesConsoleMessage.Init                                                               :        3 samples, Peak.  6.91 ms (1.4x), Avg.  4.83 ms, Total. 14.50 ms (0.1%)
[Performance] InitializeOnLoad PackageManagerWindow.EditorInitializedInSafeMode                                                    :        3 samples, Peak.  26.8 ms (3.0x), Avg.  9.08 ms, Total. 27.24 ms (0.2%)
[Performance] InitializeOnLoad ToolShortcutContext.Init                                                                            :        3 samples, Peak.   201 us (1.2x), Avg.   162 us, Total. 486.4 us (0.0%)
[Performance] InitializeOnLoad MemoryProfilerCompilationGuard.InjectCompileGuard                                                   :        3 samples, Peak.   243 us (1.3x), Avg.   184 us, Total. 552.1 us (0.0%)
[Performance] InitializeOnLoad AssetPostprocessingInternal.RefreshCustomDependencies                                               :        3 samples, Peak.  3.43 ms (1.3x), Avg.  2.63 ms, Total. 7.879 ms (0.1%)
[Performance] InitializeOnLoad SysrootManager.Initialize                                                                           :        3 samples, Peak.   498 us (1.1x), Avg.   472 us, Total. 1.416 ms (0.0%)
[Performance] InitializeOnLoad ScopedRegistryAddedPopup.SubscribeToRegistriesAdded                                                 :        3 samples, Peak.  12.6 ms (1.8x), Avg.  7.05 ms, Total. 21.16 ms (0.2%)
[Performance] InitializeOnLoad SceneVisibilityManager.Initialize                                                                   :        3 samples, Peak.  7.95 ms (2.5x), Avg.  3.23 ms, Total. 9.694 ms (0.1%)
[Performance] InitializeOnLoad EditorWindow.Initialize                                                                             :        3 samples, Peak.   584 us (1.7x), Avg.   347 us, Total. 1.040 ms (0.0%)
[Performance] AssemblyReloadEvents.afterAssemblyReload: UnityEditor.SceneTemplate.SceneTemplateService.AfterAssemblyReload         :        3 samples, Peak.  5.73 ms (1.8x), Avg.  3.18 ms, Total. 9.527 ms (0.1%)
[Performance] ProcessService.EditorAfterLoadAllAssemblies                                                                          :        3 samples, Peak.   351 us (1.1x), Avg.   319 us, Total. 956.9 us (0.0%)
[Performance] Application.ReadLicenseInfo                                                                                          :        1 samples, Peak.  13.8 ms (1.0x), Avg.  13.8 ms, Total. 13.81 ms (0.1%)
[Performance] Application.InitialRefresh                                                                                           :        1 samples, Peak.  3.75 s (1.0x), Avg.  3.75 s, Total. 3.750 s (34.1%)
[Performance] ShaderImporter.SourceAssetModified                                                                                   :        2 samples, Peak.   800 ns (1.1x), Avg.   750 ns, Total. 1.500 us (0.0%)
[Performance] ShaderIncludeImporter.SourceAssetModified                                                                            :        2 samples, Peak.   800 ns (1.0x), Avg.   800 ns, Total. 1.600 us (0.0%)
[Performance] Compiling Scripts                                                                                                    :        1 samples, Peak.  2.40 s (1.0x), Avg.  2.40 s, Total. 2.395 s (21.8%)
[Performance] AssemblyReloadEvents.beforeAssemblyReload: UnityEditor.SceneTemplate.SceneTemplateService.BeforeAssemblyReload       :        2 samples, Peak.   451 us (1.1x), Avg.   399 us, Total. 798.2 us (0.0%)
[Performance] PresetManagerPostProcessor.OnPreprocessAsset                                                                         :        2 samples, Peak.  1.56 ms (2.0x), Avg.   788 us, Total. 1.575 ms (0.0%)
[Performance] CancelSplashScreenOnAssetChange.OnPreprocessAsset                                                                    :        2 samples, Peak.   148 us (2.0x), Avg.  75.7 us, Total. 151.3 us (0.0%)
[Performance] InitializeOnLoad ProjectAPlusAssetGenerator                                                                          :        2 samples, Peak.   579 us (1.2x), Avg.   495 us, Total. 989.5 us (0.0%)
[Performance] InitializeOnLoad PrefabLayoutRebuilder                                                                               :        2 samples, Peak.   379 us (1.3x), Avg.   300 us, Total. 599.8 us (0.0%)
[Performance] DidReloadScriptsAdvancedDropdownWindow.OnScriptReload                                                                :        2 samples, Peak.   261 us (1.1x), Avg.   232 us, Total. 463.9 us (0.0%)
[Performance] AssetDatabase.ImportAssets                                                                                           :        3 samples, Peak.  2.70 us (2.3x), Avg.  1.20 us, Total. 3.600 us (0.0%)
[Performance] VersionControl.Task.Wait                                                                                             :        1 samples, Peak.  15.4 us (1.0x), Avg.  15.4 us, Total. 15.40 us (0.0%)
[Performance] BuilderAssetPostprocessor.OnPostprocessAllAssets                                                                     :        2 samples, Peak.  5.10 ms (1.0x), Avg.  5.03 ms, Total. 10.07 ms (0.1%)
[Performance] ArtifactBrowserPostProcessor.OnPostprocessAllAssets                                                                  :        2 samples, Peak.   834 us (1.0x), Avg.   830 us, Total. 1.659 ms (0.0%)
[Performance] AssetEvents.OnPostprocessAllAssets                                                                                   :        4 samples, Peak.   193 us (1.3x), Avg.   144 us, Total. 576.3 us (0.0%)
[Performance] AudioMixerPostprocessor.OnPostprocessAllAssets                                                                       :        2 samples, Peak.   470 us (1.0x), Avg.   466 us, Total. 932.6 us (0.0%)
[Performance] StyleCatalogPostProcessor.OnPostprocessAllAssets                                                                     :        2 samples, Peak.  24.6 ms (1.0x), Avg.  24.6 ms, Total. 49.19 ms (0.4%)
[Performance] BuildCatalog                                                                                                         :        1 samples, Peak.  23.0 ms (1.0x), Avg.  23.0 ms, Total. 23.02 ms (0.2%)
[Performance] ModelImporterPostProcessor.OnPostprocessAllAssets                                                                    :        2 samples, Peak.  1.06 ms (1.0x), Avg.  1.06 ms, Total. 2.122 ms (0.0%)
[Performance] RetainedModeAssetPostprocessor.OnPostprocessAllAssets                                                                :        2 samples, Peak.  3.94 ms (1.0x), Avg.  3.94 ms, Total. 7.880 ms (0.1%)
[Performance] AssetChangedListener.OnPostprocessAllAssets                                                                          :        2 samples, Peak.  3.05 ms (1.0x), Avg.  3.04 ms, Total. 6.089 ms (0.1%)
[Performance] SpeedTreePostProcessor.OnPostprocessAllAssets                                                                        :        2 samples, Peak.   343 us (1.0x), Avg.   340 us, Total. 679.5 us (0.0%)
[Performance] TextAssetPostProcessor.OnPostprocessAllAssets                                                                        :        2 samples, Peak.   553 us (1.0x), Avg.   551 us, Total. 1.102 ms (0.0%)
[Performance] SyncVS.PostprocessSyncProject                                                                                        :        2 samples, Peak.  1.85 ms (1.1x), Avg.  1.63 ms, Total. 3.261 ms (0.0%)
[Performance] Application.ImportPackagesAndSetTemplateWhenCreatingProject                                                          :        1 samples, Peak.  17.7 ms (1.0x), Avg.  17.7 ms, Total. 17.67 ms (0.2%)
[Performance] Application.SyncCurrentColorSpace                                                                                    :        1 samples, Peak.  8.00 ms (1.0x), Avg.  8.00 ms, Total. 7.998 ms (0.1%)
[Performance] Application.OnUsbDevicesChanged                                                                                      :        1 samples, Peak.  5.27 ms (1.0x), Avg.  5.27 ms, Total. 5.273 ms (0.0%)
[Performance] Application.AssetInstanceCacheUpdate                                                                                 :        1 samples, Peak.   300 ns (1.0x), Avg.   300 ns, Total. 300.0 ns (0.0%)
[Performance] Application.UnityExtensions.Initialize                                                                               :        1 samples, Peak.   647 us (1.0x), Avg.   647 us, Total. 646.8 us (0.0%)
[Performance] CodeEditorProjectSync.SyncEditorProject                                                                              :        1 samples, Peak.   195 us (1.0x), Avg.   195 us, Total. 194.5 us (0.0%)
[Performance] Application.ExecuteStartups                                                                                          :        1 samples, Peak.  43.9 ms (1.0x), Avg.  43.9 ms, Total. 43.88 ms (0.4%)
[Performance] Menu.RegisterMenuInterface                                                                                           :       26 samples, Peak.  1.10 us (4.8x), Avg.   231 ns, Total. 6.000 us (0.0%)
[Performance] Gizmo.RebuildRenderers                                                                                               :        3 samples, Peak.  43.2 ms (1.8x), Avg.  23.7 ms, Total. 71.18 ms (0.6%)
[Performance] Gizmo.AddGizmoRenderers                                                                                              :       66 samples, Peak.  2.14 ms (27.3x), Avg.  78.4 us, Total. 5.173 ms (0.0%)
[Performance] Application.editorInitializingProject                                                                                :        1 samples, Peak.   135 ms (1.0x), Avg.   135 ms, Total. 134.8 ms (1.2%)
[Performance] Application.FinishLoadingProject                                                                                     :        1 samples, Peak.   126 ms (1.0x), Avg.   126 ms, Total. 126.2 ms (1.1%)
[Performance] Application.InitializeMenu                                                                                           :        1 samples, Peak.  70.1 ms (1.0x), Avg.  70.1 ms, Total. 70.08 ms (0.6%)
[Performance] Menu.RebuildAll                                                                                                      :        1 samples, Peak.  70.1 ms (1.0x), Avg.  70.1 ms, Total. 70.06 ms (0.6%)
[Performance] Menu.BuildRegisteredMenuInterfaces                                                                                   :        1 samples, Peak.  67.8 ms (1.0x), Avg.  67.8 ms, Total. 67.78 ms (0.6%)
[Performance] Menu.FilterMenuItem                                                                                                  :      480 samples, Peak.  18.3 ms (470.5x), Avg.  38.9 us, Total. 18.66 ms (0.2%)
[Performance] UpdateAllMenus                                                                                                       :        1 samples, Peak.   496 us (1.0x), Avg.   496 us, Total. 495.7 us (0.0%)
[Performance] Menu.RebuildOSMainMenu                                                                                               :        2 samples, Peak.  1.97 ms (1.1x), Avg.  1.78 ms, Total. 3.570 ms (0.0%)
[Performance] EditorSceneManager.sceneClosing: UnityEditor.SceneVisibilityManager.EditorSceneManagerOnSceneClosing                 :        3 samples, Peak.   474 us (1.9x), Avg.   245 us, Total. 736.0 us (0.0%)
[Performance] GUIView.RepaintAll.PlayerLoopController                                                                              :    18016 samples, Peak.  15.3 us (51.7x), Avg.   296 ns, Total. 5.331 ms (0.0%)
[Performance] EditorSceneManager.newSceneCreated: UnityEditor.SceneTemplate.SceneTemplateService.OnNewSceneCreated                 :        1 samples, Peak.   275 us (1.0x), Avg.   275 us, Total. 274.5 us (0.0%)
[Performance] EditorSceneManager.newSceneCreated: UnityEditor.SceneVisibilityManager.EditorSceneManagerOnNewSceneCreated           :        1 samples, Peak.   195 us (1.0x), Avg.   195 us, Total. 195.3 us (0.0%)
[Performance] EditorSceneManager.newSceneCreated: UnityEditor.SceneManagement.StageNavigationManager.OnNewSceneCreated             :        1 samples, Peak.  52.2 us (1.0x), Avg.  52.2 us, Total. 52.20 us (0.0%)
[Performance] Application.InvokeFinishedLoadingProject                                                                             :        1 samples, Peak.   674 us (1.0x), Avg.   674 us, Total. 674.5 us (0.0%)
[Performance] ProcessService.OnProjectLoaded                                                                                       :        1 samples, Peak.  34.4 us (1.0x), Avg.  34.4 us, Total. 34.40 us (0.0%)
[Performance] EditorSceneManager.sceneOpening: UnityEditor.SceneVisibilityManager.EditorSceneManagerOnSceneOpening                 :        1 samples, Peak.   142 us (1.0x), Avg.   142 us, Total. 142.0 us (0.0%)
[Performance] Inspector.InitOrRebuild                                                                                              :        2 samples, Peak.   378 us (1.1x), Avg.   340 us, Total. 679.7 us (0.0%)
[Performance] EditorSceneManager.sceneOpened: UnityEditor.SceneTemplate.SceneTemplateService.OnSceneOpened                         :        1 samples, Peak.   196 us (1.0x), Avg.   196 us, Total. 196.2 us (0.0%)
[Performance] EditorSceneManager.sceneOpened: UnityEditor.SceneVisibilityManager.EditorSceneManagerOnSceneOpened                   :        1 samples, Peak.  85.7 us (1.0x), Avg.  85.7 us, Total. 85.70 us (0.0%)
[Performance] EditorSceneManager.sceneOpened: UnityEditor.SceneManagement.StageNavigationManager.OnSceneOpened                     :        1 samples, Peak.  48.6 us (1.0x), Avg.  48.6 us, Total. 48.60 us (0.0%)
[Performance] EditorApplication.playModeStateChanged                                                                               :        1 samples, Peak.  1.11 ms (1.0x), Avg.  1.11 ms, Total. 1.107 ms (0.0%)
[Performance] EditorApplication.playModeStateChanged: UnityEditor.ObjectPool.PoolManager.OnEditorStateChange                       :        2 samples, Peak.   149 us (1.0x), Avg.   143 us, Total. 286.2 us (0.0%)
[Performance] EditorApplication.playModeStateChanged: UnityEditor.PackageManager.UI.Internal.PlayModeDownload.PlayModeStateChanged :        2 samples, Peak.   275 us (1.4x), Avg.   195 us, Total. 390.5 us (0.0%)
[Performance] EditorApplication.playModeStateChanged: UnityEditor.SceneManagement.EditorSceneManager.PlayModeStateChangedCallback  :        2 samples, Peak.  35.6 us (1.0x), Avg.  35.2 us, Total. 70.50 us (0.0%)
[Performance] EditorApplication.playModeStateChanged: UnityEditor.PackageManager.UI.Internal.ApplicationProxy.PlayModeStateChanged :        2 samples, Peak.   191 us (1.1x), Avg.   173 us, Total. 346.1 us (0.0%)
[Performance] EditorApplication.playModeStateChanged: UnityEditor.SceneVisibilityManager.EditorApplicationPlayModeStateChanged     :        2 samples, Peak.  35.8 us (1.1x), Avg.  33.9 us, Total. 67.80 us (0.0%)
[Performance] Application.InvokeProjectWasLoaded                                                                                   :        1 samples, Peak.  74.1 us (1.0x), Avg.  74.1 us, Total. 74.10 us (0.0%)
[Performance] Application.Message                                                                                                  :    18015 samples, Peak.  26.2 us (153.5x), Avg.   171 ns, Total. 3.074 ms (0.0%)
[Performance] Application.Message.WM_0031F                                                                                         :        1 samples, Peak.  5.10 us (1.0x), Avg.  5.10 us, Total. 5.100 us (0.0%)
[Performance] Application.Tick                                                                                                     :    18014 samples, Peak.  1.02 s (4196.3x), Avg.   244 us, Total. 4.394 s (39.9%)
[Performance] CheckLicensingClient                                                                                                 :        1 samples, Peak.  8.80 us (1.0x), Avg.  8.80 us, Total. 8.800 us (0.0%)
[Performance] CheckLicensingClientNotification                                                                                     :        1 samples, Peak.  13.9 us (1.0x), Avg.  13.9 us, Total. 13.90 us (0.0%)
[Performance] LicenseActivated.Tick                                                                                                :        1 samples, Peak.  6.90 us (1.0x), Avg.  6.90 us, Total. 6.900 us (0.0%)
[Performance] Application.TickVersionControl                                                                                       :    18015 samples, Peak.  2.60 us (9.0x), Avg.   289 ns, Total. 5.205 ms (0.0%)
[Performance] MonoCompiler.Tick                                                                                                    :       19 samples, Peak.   892 ms (19.0x), Avg.  47.0 ms, Total. 892.6 ms (8.1%)
[Performance] Application.EnterPlayMode                                                                                            :        1 samples, Peak.   879 ms (1.0x), Avg.   879 ms, Total. 878.8 ms (8.0%)
[Performance] Application.Reload                                                                                                   :        1 samples, Peak.   639 ms (1.0x), Avg.   639 ms, Total. 639.2 ms (5.8%)
[Performance] SceneDataContainer.TransformHierarchyChangedSetParentCallback                                                        :     1521 samples, Peak.  27.5 us (63.3x), Avg.   435 ns, Total. 661.1 us (0.0%)
[Performance] SceneVisibilityState.IsFlagSetInParents                                                                              :     2253 samples, Peak.  1.40 us (8.3x), Avg.   168 ns, Total. 378.3 us (0.0%)
[Performance] UnityBuildPostprocessor.OnProcessScene                                                                               :        1 samples, Peak.   972 us (1.0x), Avg.   972 us, Total. 972.1 us (0.0%)
[Performance] UnityConnect.Tick                                                                                                    :        1 samples, Peak.  6.63 ms (1.0x), Avg.  6.63 ms, Total. 6.628 ms (0.1%)
[Performance] UnityVersionControl.Tick                                                                                             :        1 samples, Peak.   800 ns (1.0x), Avg.   800 ns, Total. 800.0 ns (0.0%)
[Performance] CurlRequest.Tick                                                                                                     :       37 samples, Peak.  82.4 us (26.9x), Avg.  3.06 us, Total. 113.2 us (0.0%)
[Performance] HubClient.Tick                                                                                                       :       37 samples, Peak.  2.60 us (8.3x), Avg.   314 ns, Total. 11.60 us (0.0%)
[Performance] AssetDatabase.Tick                                                                                                   :       37 samples, Peak.  65.2 us (32.4x), Avg.  2.01 us, Total. 74.50 us (0.0%)
[Performance] SceneBackgroundTask.Tick                                                                                             :       25 samples, Peak.   300 ns (1.9x), Avg.   156 ns, Total. 3.900 us (0.0%)
[Performance] Scheduler.Tick                                                                                                       :      347 samples, Peak.  2.58 ms (230.5x), Avg.  11.2 us, Total. 3.882 ms (0.0%)
[Performance] RepaintAllProfilerWindows                                                                                            :        8 samples, Peak.   347 us (7.8x), Avg.  44.5 us, Total. 356.0 us (0.0%)
[Performance] PlayerUpdates.Tick                                                                                                   :       71 samples, Peak.  25.9 us (2.7x), Avg.  9.77 us, Total. 693.6 us (0.0%)
[Performance] Application.TickGlobalCallbacks                                                                                      :    18015 samples, Peak.  54.1 ms (4643.6x), Avg.  11.6 us, Total. 209.8 ms (1.9%)
[Performance] EditorAnalytics.Tick                                                                                                 :       15 samples, Peak.  47.3 us (7.1x), Avg.  6.67 us, Total. 100.0 us (0.0%)
[Performance] Video.Update                                                                                                         :    18015 samples, Peak.  35.3 us (158.8x), Avg.   222 ns, Total. 4.004 ms (0.0%)
[Performance] Application.TickProgress                                                                                             :    18015 samples, Peak.  2.54 ms (7249.0x), Avg.   350 ns, Total. 6.306 ms (0.1%)
[Performance] Application.TickSceneTracker                                                                                         :    18014 samples, Peak.  21.6 ms (2298.0x), Avg.  9.40 us, Total. 169.3 ms (1.5%)
[Performance] EditorApplication.update                                                                                             :    18014 samples, Peak.  21.5 ms (2768.8x), Avg.  7.77 us, Total. 140.0 ms (1.3%)
[Performance] EditorApplication.update: ProjectAPlus.Editor.ProjectAPlusAssetGenerator.AllStagesSmokeUpdate                        :    18014 samples, Peak.  19.6 ms (3637.2x), Avg.  5.38 us, Total. 96.83 ms (0.9%)
[Performance] EditorApplication.update: UnityEditor.PackageManager.UI.Internal.ApplicationProxy.OnUpdate                           :    18014 samples, Peak.   542 us (945.4x), Avg.   573 ns, Total. 10.32 ms (0.1%)
[Performance] EditorApplication.update: UnityEditor.SceneManagement.StageNavigationManager.Update                                  :    18014 samples, Peak.   457 us (2106.0x), Avg.   217 ns, Total. 3.912 ms (0.0%)
[Performance] ConsoleLog.Tick                                                                                                      :       18 samples, Peak.   645 us (16.8x), Avg.  38.3 us, Total. 689.9 us (0.0%)
[Performance] HierarchyWindow.Tick                                                                                                 :       24 samples, Peak.   489 us (5.7x), Avg.  85.7 us, Total. 2.057 ms (0.0%)
[Performance] EditorApplication.hierarchyChanged: Unity.UIElements.Editor.UIDocumentHierarchyWatcher.OnHierarchyChanged            :       16 samples, Peak.   124 us (15.0x), Avg.  8.30 us, Total. 132.8 us (0.0%)
[Performance] Inspector.Tick                                                                                                       :       24 samples, Peak.  33.3 ms (24.0x), Avg.  1.39 ms, Total. 33.35 ms (0.3%)
[Performance] EditorApplication.delayCall: UnityEditor.ShortcutManagement.ShortcutIntegration.EnsureShortcutsAreInitialized        :        1 samples, Peak.  30.6 ms (1.0x), Avg.  30.6 ms, Total. 30.59 ms (0.3%)
[Performance] EditorApplication.delayCall: ProjectAPlus.Editor.ProjectAPlusAssetGenerator.EnsureScenes                             :        1 samples, Peak.  1.16 ms (1.0x), Avg.  1.16 ms, Total. 1.158 ms (0.0%)
[Performance] EditorApplication.delayCall: callback in UnityEditor.EditorTools.ToolShortcutContext                                 :        1 samples, Peak.  1.18 ms (1.0x), Avg.  1.18 ms, Total. 1.179 ms (0.0%)
[Performance] EditorApplication.delayCall: callback in UnityEditor.SceneVisibilityManager                                          :        1 samples, Peak.  88.8 us (1.0x), Avg.  88.8 us, Total. 88.80 us (0.0%)
[Performance] EditorApplication.delayCall: callback in UnityEditor.EditorWindow                                                    :        1 samples, Peak.  42.8 us (1.0x), Avg.  42.8 us, Total. 42.80 us (0.0%)
[Performance] Tooltip.Tick                                                                                                         :       71 samples, Peak.  28.7 us (28.5x), Avg.  1.01 us, Total. 71.60 us (0.0%)
[Performance] Application.RequestRepaintForPanels                                                                                  :    18014 samples, Peak.   325 us (370.3x), Avg.   877 ns, Total. 15.80 ms (0.1%)
[Performance] Application.UpdateScene                                                                                              :    18014 samples, Peak.  7.03 ms (43.0x), Avg.   163 us, Total. 2.943 s (26.7%)
[Performance] PackageImporter.Tick                                                                                                 :       18 samples, Peak.   600 ns (1.8x), Avg.   328 ns, Total. 5.900 us (0.0%)
[Performance] InspectorBackground.Tick                                                                                             :       24 samples, Peak.   700 ns (2.4x), Avg.   296 ns, Total. 7.100 us (0.0%)
[Performance] BurstDebug.Tick                                                                                                      :        8 samples, Peak.   600 ns (1.4x), Avg.   437 ns, Total. 3.500 us (0.0%)
[Performance] Application.ChangeLayoutIfNeeded                                                                                     :    18014 samples, Peak.   600 ns (11.6x), Avg.  51.6 ns, Total. 930.0 us (0.0%)
[Performance] AsyncReadManager.ForceCloseFiles                                                                                     :        4 samples, Peak.  47.2 us (3.7x), Avg.  12.6 us, Total. 50.40 us (0.0%)
[Performance] Application.Shutdown.SaveDefaultWindowPreferences                                                                    :        1 samples, Peak.  95.1 us (1.0x), Avg.  95.1 us, Total. 95.10 us (0.0%)
[Performance] Application.Shutdown.SaveSceneManagerSetup                                                                           :        1 samples, Peak.   294 us (1.0x), Avg.   294 us, Total. 293.9 us (0.0%)
[Performance] Application.Shutdown.CleanupAllContainerWindows                                                                      :        1 samples, Peak.   700 ns (1.0x), Avg.   700 ns, Total. 700.0 ns (0.0%)
[Performance] EditorApplication.quitting: callback in UnityEditor.TextCore.Text.EditorEventCallbacks                               :        1 samples, Peak.  5.10 ms (1.0x), Avg.  5.10 ms, Total. 5.102 ms (0.0%)
[Performance] Application.Shutdown.PauseProfilerSession                                                                            :        1 samples, Peak.  22.0 us (1.0x), Avg.  22.0 us, Total. 22.00 us (0.0%)
[Performance] Application.Shutdown.PauseAssetImportWorkers                                                                         :        1 samples, Peak.  96.7 us (1.0x), Avg.  96.7 us, Total. 96.70 us (0.0%)
[Performance] Application.Shutdown.SaveAssets                                                                                      :        1 samples, Peak.  4.68 ms (1.0x), Avg.  4.68 ms, Total. 4.676 ms (0.0%)
[Performance] BuilderAssetModificationProcessor.OnWillSaveAssets                                                                   :        1 samples, Peak.   433 us (1.0x), Avg.   433 us, Total. 432.5 us (0.0%)
[Performance] TerrainModificationProcessor.OnWillSaveAssets                                                                        :        1 samples, Peak.   620 us (1.0x), Avg.   620 us, Total. 619.9 us (0.0%)
[Performance] Application.Shutdown.CleanupRenderPipeline                                                                           :        1 samples, Peak.   146 us (1.0x), Avg.   146 us, Total. 145.7 us (0.0%)
[Performance] Application.Shutdown.StopPreloadManager                                                                              :        1 samples, Peak.  9.69 ms (1.0x), Avg.  9.69 ms, Total. 9.694 ms (0.1%)
[Performance] Application.Shutdown.DestroyWorld                                                                                    :        1 samples, Peak.  3.98 ms (1.0x), Avg.  3.98 ms, Total. 3.979 ms (0.0%)
[Performance] Application.Shutdown.CleanupAfterLoad                                                                                :        1 samples, Peak.  1.73 ms (1.0x), Avg.  1.73 ms, Total. 1.728 ms (0.0%)
[Performance] Application.Shutdown.Progress                                                                                        :        1 samples, Peak.  6.30 us (1.0x), Avg.  6.30 us, Total. 6.300 us (0.0%)
[Performance] Application.Shutdown.GICleanupManagers                                                                               :        1 samples, Peak.   402 us (1.0x), Avg.   402 us, Total. 401.6 us (0.0%)
[Performance] Application.Shutdown.MenuCleanupClass                                                                                :        1 samples, Peak.   119 us (1.0x), Avg.   119 us, Total. 118.8 us (0.0%)
[Performance] Application.Shutdown.ADBSaveStateBeforeShutdown                                                                      :        1 samples, Peak.  5.10 us (1.0x), Avg.  5.10 us, Total. 5.100 us (0.0%)
[Performance] Application.Shutdown.RemoteShutdown                                                                                  :        1 samples, Peak.   600 ns (1.0x), Avg.   600 ns, Total. 600.0 ns (0.0%)
[Performance] Application.Shutdown.CleanupVCProvider                                                                               :        1 samples, Peak.  9.40 us (1.0x), Avg.  9.40 us, Total. 9.400 us (0.0%)
[Performance] Application.Shutdown.InputShutdown                                                                                   :        1 samples, Peak.  2.40 us (1.0x), Avg.  2.40 us, Total. 2.400 us (0.0%)
[Performance] Application.Shutdown.GizmoManagerDestroy                                                                             :        1 samples, Peak.   884 us (1.0x), Avg.   884 us, Total. 883.6 us (0.0%)
[Performance] Application.Shutdown.ProfilerSession                                                                                 :        1 samples, Peak.   119 us (1.0x), Avg.   119 us, Total. 119.0 us (0.0%)
[Performance] Application.Shutdown.ReleaseGfxWindowOnAllGUIViews                                                                   :        1 samples, Peak.   200 ns (1.0x), Avg.   200 ns, Total. 200.0 ns (0.0%)
[Performance] Application.Shutdown.CleanupEngine                                                                                   :        1 samples, Peak.   125 ms (1.0x), Avg.   125 ms, Total. 125.1 ms (1.1%)
[Performance] Application.Shutdown.CleanupAssetDatabase                                                                            :        1 samples, Peak.  3.15 ms (1.0x), Avg.  3.15 ms, Total. 3.149 ms (0.0%)
[Performance] Application.Shutdown.ScriptCompilationCleanUp                                                                        :        1 samples, Peak.  19.7 ms (1.0x), Avg.  19.7 ms, Total. 19.68 ms (0.2%)
[Performance] Application.Shutdown.DestroyJobSystem                                                                                :        1 samples, Peak.   136 us (1.0x), Avg.   136 us, Total. 135.6 us (0.0%)
[Performance] Application.Shutdown.CleanupPersistentManager                                                                        :        1 samples, Peak.  1.32 ms (1.0x), Avg.  1.32 ms, Total. 1.321 ms (0.0%)
[Performance] Application.Shutdown.CleanupAsyncReadManager                                                                         :        1 samples, Peak.   181 us (1.0x), Avg.   181 us, Total. 181.1 us (0.0%)
[Performance] Application.Shutdown.CleanupProgressBar                                                                              :        1 samples, Peak.   300 ns (1.0x), Avg.   300 ns, Total. 300.0 ns (0.0%)
[Performance] Application.Shutdown.CleanupMono                                                                                     :        1 samples, Peak.  47.0 ms (1.0x), Avg.  47.0 ms, Total. 47.03 ms (0.4%)
[Performance] Application.Shutdown.CleanupStdConverters                                                                            :        1 samples, Peak.  14.5 us (1.0x), Avg.  14.5 us, Total. 14.50 us (0.0%)
[Performance] Application.Shutdown.UnloadAllPlatformSupportModuleNativeDlls                                                        :        1 samples, Peak.  1.10 us (1.0x), Avg.  1.10 us, Total. 1.100 us (0.0%)
[Performance] Application.Shutdown.UnloadAllPlatformSupportNativeLibraries                                                         :        1 samples, Peak. 100.0 ns (1.0x), Avg. 100.0 ns, Total. 100.00 ns (0.0%)
[Performance] Application.Shutdown.CleanupAutoDocumentation                                                                        :        1 samples, Peak.   690 us (1.0x), Avg.   690 us, Total. 690.1 us (0.0%)
[Performance] Application.Shutdown.ShaderNameManagerDestroy                                                                        :        1 samples, Peak.  80.1 us (1.0x), Avg.  80.1 us, Total. 80.10 us (0.0%)
[Performance] Application.Shutdown.CleanupCacheServer                                                                              :        1 samples, Peak. 100.0 ns (1.0x), Avg. 100.0 ns, Total. 100.00 ns (0.0%)
[Performance] Application.Shutdown.Virtualization_Shutdown                                                                         :        1 samples, Peak.   400 ns (1.0x), Avg.   400 ns, Total. 400.0 ns (0.0%)
[Performance] Application.Shutdown.DevConnections                                                                                  :        1 samples, Peak.   136 us (1.0x), Avg.   136 us, Total. 136.2 us (0.0%)
Checking for leaked weakptr:
  Found no leaked weakptrs.
[Package Manager] Server::Kill -- Server was shutdown
Memory Statistics:
[ALLOC_TEMP_TLS] TLS Allocator
  StackAllocators : 
    [ALLOC_TEMP_CurlRequest]
      Initial Block Size 64.0 KB
      Current Block Size 64.0 KB
      Peak Allocated Bytes 0 B
      Overflow Count 0
    [ALLOC_TEMP_MAIN]
      Peak usage frame count: [4.0 KB-8.0 KB]: 17867 frames, [8.0 KB-16.0 KB]: 4 frames, [16.0 KB-32.0 KB]: 142 frames, [8.0 MB-16.0 MB]: 1 frames
      Initial Block Size 16.0 MB
      Current Block Size 16.0 MB
      Peak Allocated Bytes 9.4 MB
      Overflow Count 0
    [ALLOC_TEMP_Background Job.Worker 8]
      Initial Block Size 32.0 KB
      Current Block Size 32.0 KB
      Peak Allocated Bytes 54 B
      Overflow Count 0
    [ALLOC_TEMP_Job.Worker 4]
      Initial Block Size 256.0 KB
      Current Block Size 256.0 KB
      Peak Allocated Bytes 1.4 KB
      Overflow Count 0
    [ALLOC_TEMP_AUDIO_FMOD mixer thread]
      Initial Block Size 64.0 KB
      Current Block Size 64.0 KB
      Peak Allocated Bytes 54 B
      Overflow Count 0
    [ALLOC_TEMP_BakingJobs.Worker 5]
      Initial Block Size 256.0 KB
      Current Block Size 256.0 KB
      Peak Allocated Bytes 54 B
      Overflow Count 0
    [ALLOC_TEMP_Background Job.Worker 11]
      Initial Block Size 32.0 KB
      Current Block Size 32.0 KB
      Peak Allocated Bytes 54 B
      Overflow Count 0
    [ALLOC_TEMP_Background Job.Worker 3]
      Initial Block Size 32.0 KB
      Current Block Size 32.0 KB
      Peak Allocated Bytes 54 B
      Overflow Count 0
    [ALLOC_TEMP_BatchDeleteObjects]
      Initial Block Size 64.0 KB
      Current Block Size 64.0 KB
      Peak Allocated Bytes 54 B
      Overflow Count 0
    [ALLOC_TEMP_CoreBusinessMetricsCache]
      Initial Block Size 64.0 KB
      Current Block Size 64.0 KB
      Peak Allocated Bytes 8.0 KB
      Overflow Count 0
    [ALLOC_TEMP_REST Message Handler]
      Initial Block Size 64.0 KB
      Current Block Size 64.0 KB
      Peak Allocated Bytes 54 B
      Overflow Count 0
    [ALLOC_TEMP_Job.Worker 13]
      Initial Block Size 256.0 KB
      Current Block Size 296.0 KB
      Peak Allocated Bytes 292.6 KB
      Overflow Count 0
    [ALLOC_TEMP_Background Job.Worker 2]
      Initial Block Size 32.0 KB
      Current Block Size 32.0 KB
      Peak Allocated Bytes 1.5 KB
      Overflow Count 0
    [ALLOC_TEMP_AssetDatabase.IOService]
      Initial Block Size 64.0 KB
      Current Block Size 64.0 KB
      Peak Allocated Bytes 54 B
      Overflow Count 0
    [ALLOC_TEMP_Job.Worker 10]
      Initial Block Size 256.0 KB
      Current Block Size 296.0 KB
      Peak Allocated Bytes 292.6 KB
      Overflow Count 0
    [ALLOC_TEMP_Job.Worker 12]
      Initial Block Size 256.0 KB
      Current Block Size 296.0 KB
      Peak Allocated Bytes 292.6 KB
      Overflow Count 0
    [ALLOC_TEMP_Loading.PreloadManager] x 2
      Initial Block Size 32.0 MB
      Current Block Size 32.0 MB
      Peak Allocated Bytes 2.0 MB
      Overflow Count 0
    [ALLOC_TEMP_Profiler.Dispatcher]
      Initial Block Size 64.0 KB
      Current Block Size 64.0 KB
      Peak Allocated Bytes 0 B
      Overflow Count 0
    [ALLOC_TEMP_Job.Worker 14]
      Initial Block Size 256.0 KB
      Current Block Size 296.0 KB
      Peak Allocated Bytes 292.6 KB
      Overflow Count 0
    [ALLOC_TEMP_Job.Worker 3]
      Initial Block Size 256.0 KB
      Current Block Size 296.0 KB
      Peak Allocated Bytes 292.6 KB
      Overflow Count 0
    [ALLOC_TEMP_BakingJobs.Worker 7]
      Initial Block Size 256.0 KB
      Current Block Size 256.0 KB
      Peak Allocated Bytes 54 B
      Overflow Count 0
    [ALLOC_TEMP_Background Job.Worker 5]
      Initial Block Size 32.0 KB
      Current Block Size 32.0 KB
      Peak Allocated Bytes 54 B
      Overflow Count 0
    [ALLOC_TEMP_CurlRequest]
      Initial Block Size 64.0 KB
      Current Block Size 64.0 KB
      Peak Allocated Bytes 0 B
      Overflow Count 0
    [ALLOC_TEMP_Background Job.Worker 13]
      Initial Block Size 32.0 KB
      Current Block Size 32.0 KB
      Peak Allocated Bytes 54 B
      Overflow Count 0
    [ALLOC_TEMP_Job.Worker 2]
      Initial Block Size 256.0 KB
      Current Block Size 296.0 KB
      Peak Allocated Bytes 292.6 KB
      Overflow Count 0
    [ALLOC_TEMP_BakingJobs.Worker 6]
      Initial Block Size 256.0 KB
      Current Block Size 256.0 KB
      Peak Allocated Bytes 54 B
      Overflow Count 0
    [ALLOC_TEMP_Job.Worker 11]
      Initial Block Size 256.0 KB
      Current Block Size 296.0 KB
      Peak Allocated Bytes 292.6 KB
      Overflow Count 0
    [ALLOC_TEMP_Job.Worker 0]
      Initial Block Size 256.0 KB
      Current Block Size 296.0 KB
      Peak Allocated Bytes 292.6 KB
      Overflow Count 0
    [ALLOC_TEMP_Job.Worker 6]
      Initial Block Size 256.0 KB
      Current Block Size 296.0 KB
      Peak Allocated Bytes 292.6 KB
      Overflow Count 0
    [ALLOC_TEMP_Job.Worker 5]
      Initial Block Size 256.0 KB
      Current Block Size 296.0 KB
      Peak Allocated Bytes 292.6 KB
      Overflow Count 0
    [ALLOC_TEMP_ReadCacheIndex] x 2
      Initial Block Size 64.0 KB
      Current Block Size 64.0 KB
      Peak Allocated Bytes 0.5 KB
      Overflow Count 0
    [ALLOC_TEMP_EnlightenWorker] x 8
      Initial Block Size 64.0 KB
      Current Block Size 64.0 KB
      Peak Allocated Bytes 54 B
      Overflow Count 0
    [ALLOC_TEMP_DirMonitor]
      Initial Block Size 64.0 KB
      Current Block Size 64.0 KB
      Peak Allocated Bytes 0.9 KB
      Overflow Count 0
    [ALLOC_TEMP_Job.Worker 9]
      Initial Block Size 256.0 KB
      Current Block Size 296.0 KB
      Peak Allocated Bytes 292.6 KB
      Overflow Count 0
    [ALLOC_TEMP_Background Job.Worker 9]
      Initial Block Size 32.0 KB
      Current Block Size 32.0 KB
      Peak Allocated Bytes 54 B
      Overflow Count 0
    [ALLOC_TEMP_BakingJobs.Worker 1]
      Initial Block Size 256.0 KB
      Current Block Size 256.0 KB
      Peak Allocated Bytes 0.6 KB
      Overflow Count 0
    [ALLOC_TEMP_Loading.AsyncRead]
      Initial Block Size 64.0 KB
      Current Block Size 64.0 KB
      Peak Allocated Bytes 128 B
      Overflow Count 0
    [ALLOC_TEMP_Background Job.Worker 10]
      Initial Block Size 32.0 KB
      Current Block Size 32.0 KB
      Peak Allocated Bytes 54 B
      Overflow Count 0
    [ALLOC_TEMP_Background Job.Worker 6]
      Initial Block Size 32.0 KB
      Current Block Size 32.0 KB
      Peak Allocated Bytes 54 B
      Overflow Count 0
    [ALLOC_TEMP_AUDIO_FMOD (WASAPI) feeder thread]
      Initial Block Size 64.0 KB
      Current Block Size 64.0 KB
      Peak Allocated Bytes 168 B
      Overflow Count 0
    [ALLOC_TEMP_Background Job.Worker 1]
      Initial Block Size 32.0 KB
      Current Block Size 144.0 KB
      Peak Allocated Bytes 111.5 KB
      Overflow Count 0
    [ALLOC_TEMP_AUDIO_FMOD stream thread]
      Initial Block Size 64.0 KB
      Current Block Size 64.0 KB
      Peak Allocated Bytes 54 B
      Overflow Count 0
    [ALLOC_TEMP_BakingJobs.Worker 2]
      Initial Block Size 256.0 KB
      Current Block Size 256.0 KB
      Peak Allocated Bytes 54 B
      Overflow Count 0
    [ALLOC_TEMP_Background Job.Worker 7]
      Initial Block Size 32.0 KB
      Current Block Size 32.0 KB
      Peak Allocated Bytes 54 B
      Overflow Count 0
    [ALLOC_TEMP_Job.Worker 8]
      Initial Block Size 256.0 KB
      Current Block Size 296.0 KB
      Peak Allocated Bytes 292.6 KB
      Overflow Count 0
    [ALLOC_TEMP_Job.Worker 1]
      Initial Block Size 256.0 KB
      Current Block Size 1.0 MB
      Peak Allocated Bytes 1.0 MB
      Overflow Count 0
    [ALLOC_TEMP_BakingJobs.Worker 0]
      Initial Block Size 256.0 KB
      Current Block Size 256.0 KB
      Peak Allocated Bytes 54 B
      Overflow Count 0
    [ALLOC_TEMP_BakingJobs.Worker 3]
      Initial Block Size 256.0 KB
      Current Block Size 256.0 KB
      Peak Allocated Bytes 54 B
      Overflow Count 0
    [ALLOC_TEMP_EditorTaskManager]
      Initial Block Size 64.0 KB
      Current Block Size 68.0 KB
      Peak Allocated Bytes 64.0 KB
      Overflow Count 0
    [ALLOC_TEMP_Background Job.Worker 15]
      Initial Block Size 32.0 KB
      Current Block Size 32.0 KB
      Peak Allocated Bytes 54 B
      Overflow Count 0
    [ALLOC_TEMP_BakingJobs.Worker 4]
      Initial Block Size 256.0 KB
      Current Block Size 256.0 KB
      Peak Allocated Bytes 54 B
      Overflow Count 0
    [ALLOC_TEMP_Background Job.Worker 12]
      Initial Block Size 32.0 KB
      Current Block Size 32.0 KB
      Peak Allocated Bytes 54 B
      Overflow Count 0
    [ALLOC_TEMP_HTTP REST Server]
      Initial Block Size 64.0 KB
      Current Block Size 64.0 KB
      Peak Allocated Bytes 74 B
      Overflow Count 0
    [ALLOC_TEMP_AssetGarbageCollectorHelper] x 15
      Initial Block Size 64.0 KB
      Current Block Size 64.0 KB
      Peak Allocated Bytes 0 B
      Overflow Count 0
    [ALLOC_TEMP_Background Job.Worker 0]
      Initial Block Size 32.0 KB
      Current Block Size 32.0 KB
      Peak Allocated Bytes 54 B
      Overflow Count 0
    [ALLOC_TEMP_Background Job.Worker 4]
      Initial Block Size 32.0 KB
      Current Block Size 32.0 KB
      Peak Allocated Bytes 54 B
      Overflow Count 0
    [ALLOC_TEMP_Background Job.Worker 14]
      Initial Block Size 32.0 KB
      Current Block Size 32.0 KB
      Peak Allocated Bytes 54 B
      Overflow Count 0
    [ALLOC_TEMP_Job.Worker 7]
      Initial Block Size 256.0 KB
      Current Block Size 296.0 KB
      Peak Allocated Bytes 292.6 KB
      Overflow Count 0
    [ALLOC_TEMP_CloudJob.Worker 0]
      Initial Block Size 32.0 KB
      Current Block Size 36.0 KB
      Peak Allocated Bytes 17.2 KB
      Overflow Count 0
[ALLOC_MEMORYPROFILER]
  Peak usage frame count: [32.0 KB-64.0 KB]: 18013 frames, [64.0 KB-128.0 KB]: 1 frames
  Requested Block Size 1.0 MB
  Peak Block count 1
  Peak Allocated memory 74.1 KB
  Peak Large allocation bytes 0 B
[ALLOC_DEFAULT] Dual Thread Allocator
  Peak main deferred allocation count 1313
    [ALLOC_BUCKET]
      Large Block size 32.0 MB
      Used Block count 1
      Peak Allocated bytes 6.9 MB
    [ALLOC_DEFAULT_MAIN]
      Peak usage frame count: [32.0 MB-64.0 MB]: 18014 frames
      Requested Block Size 16.0 MB
      Peak Block count 3
      Peak Allocated memory 44.9 MB
      Peak Large allocation bytes 0 B
    [ALLOC_DEFAULT_THREAD]
      Peak usage frame count: [4.0 MB-8.0 MB]: 18014 frames
      Requested Block Size 16.0 MB
      Peak Block count 1
      Peak Allocated memory 4.2 MB
      Peak Large allocation bytes 0 B
[ALLOC_TEMP_JOB_1_FRAME]
  Initial Block Size 2.0 MB
  Used Block Count 0
  Overflow Count (too large) 0
  Overflow Count (full) 0
[ALLOC_TEMP_JOB_2_FRAMES]
  Initial Block Size 2.0 MB
  Used Block Count 0
  Overflow Count (too large) 0
  Overflow Count (full) 0
[ALLOC_TEMP_JOB_4_FRAMES (JobTemp)]
  Initial Block Size 2.0 MB
  Used Block Count 1
  Overflow Count (too large) 0
  Overflow Count (full) 0
[ALLOC_TEMP_JOB_ASYNC (Background)]
  Initial Block Size 1.0 MB
  Used Block Count 1
  Overflow Count (too large) 0
  Overflow Count (full) 0
[ALLOC_GFX] Dual Thread Allocator
  Peak main deferred allocation count 0
    [ALLOC_BUCKET]
      Large Block size 32.0 MB
      Used Block count 1
      Peak Allocated bytes 6.9 MB
    [ALLOC_GFX_MAIN]
      Peak usage frame count: [4.0 MB-8.0 MB]: 18014 frames
      Requested Block Size 16.0 MB
      Peak Block count 1
      Peak Allocated memory 6.2 MB
      Peak Large allocation bytes 0 B
    [ALLOC_GFX_THREAD]
      Peak usage frame count: [0-1.0 KB]: 18014 frames
      Requested Block Size 16.0 MB
      Peak Block count 1
      Peak Allocated memory 80 B
      Peak Large allocation bytes 0 B
[ALLOC_CACHEOBJECTS] Dual Thread Allocator
  Peak main deferred allocation count 55
    [ALLOC_BUCKET]
      Large Block size 32.0 MB
      Used Block count 1
      Peak Allocated bytes 6.9 MB
    [ALLOC_CACHEOBJECTS_MAIN]
      Peak usage frame count: [8.0 MB-16.0 MB]: 18013 frames, [32.0 MB-64.0 MB]: 1 frames
      Requested Block Size 4.0 MB
      Peak Block count 4
      Peak Allocated memory 33.4 MB
      Peak Large allocation bytes 20.1 MB
    [ALLOC_CACHEOBJECTS_THREAD]
      Peak usage frame count: [1.0 KB-2.0 KB]: 18013 frames, [16.0 KB-32.0 KB]: 1 frames
      Requested Block Size 4.0 MB
      Peak Block count 1
      Peak Allocated memory 30.2 KB
      Peak Large allocation bytes 0 B
[ALLOC_TYPETREE] Dual Thread Allocator
  Peak main deferred allocation count 497
    [ALLOC_BUCKET]
      Large Block size 32.0 MB
      Used Block count 1
      Peak Allocated bytes 6.9 MB
    [ALLOC_TYPETREE_MAIN]
      Peak usage frame count: [0.5 MB-1.0 MB]: 18013 frames, [2.0 MB-4.0 MB]: 1 frames
      Requested Block Size 2.0 MB
      Peak Block count 2
      Peak Allocated memory 2.4 MB
      Peak Large allocation bytes 0 B
    [ALLOC_TYPETREE_THREAD]
      Peak usage frame count: [16.0 KB-32.0 KB]: 18014 frames
      Requested Block Size 2.0 MB
      Peak Block count 1
      Peak Allocated memory 19.8 KB
      Peak Large allocation bytes 0 B
[ALLOC_PROFILER]
  Peak usage frame count: [256.0 KB-0.5 MB]: 18014 frames
  Requested Block Size 16.0 MB
  Peak Block count 1
  Peak Allocated memory 416.2 KB
  Peak Large allocation bytes 0 B
    [ALLOC_PROFILER_BUCKET]
      Large Block size 32.0 MB
      Used Block count 1
      Peak Allocated bytes 4.3 KB
[ALLOC_PROFILER_EDITOR]
  Peak usage frame count: [0-1.0 KB]: 18014 frames
  Requested Block Size 1.0 MB
  Peak Block count 0
  Peak Allocated memory 0 B
  Peak Large allocation bytes 0 B
    [ALLOC_PROFILER_BUCKET]
      Large Block size 32.0 MB
      Used Block count 1
      Peak Allocated bytes 4.3 KB
##utp:{"type":"MemoryLeaks","version":2,"phase":"Immediate","time":1781104306670,"processId":28596,"allocatedMemory":10347764,"memoryLabels":[{"Default":20335},{"Permanent":15615},{"NewDelete":80904},{"Thread":4229300},{"Manager":32879},{"VertexData":12},{"Geometry":560},{"Texture":480},{"Shader":68850},{"Material":24},{"GfxDevice":57048},{"Animation":296},{"Audio":3928},{"FontEngine":272},{"Physics":513},{"Serialization":948},{"Input":14744},{"JobScheduler":33480},{"Mono":40},{"ScriptingNativeRuntime":191848},{"BaseObject":1627276},{"Resource":1360},{"Renderer":2304},{"Transform":16},{"File":3805},{"WebCam":96},{"Culling":40},{"Terrain":1137},{"Wind":24},{"STL":48},{"String":20299},{"DynamicArray":53301},{"HashMap":59119},{"Utility":2663810},{"Curl":1424},{"PoolAlloc":1728},{"AI":104},{"TypeTree":5077},{"ScriptManager":640},{"RuntimeInitializeOnLoadManager":80},{"SpriteAtlas":128},{"GI":4072},{"Director":7960},{"CloudService":2368},{"WebRequest":688},{"VR":46081},{"SceneManager":568},{"Video":72},{"LazyScriptCache":40},{"NativeArray":12},{"Camera":25},{"Secure":1},{"SerializationCache":1584},{"APIUpdating":11872},{"Subsystems":392},{"VirtualTexturing":57896},{"StaticSafetyDebugInfo":327680},{"EditorGui":56},{"EditorUtility":16391},{"VersionControl":4},{"Undo":704},{"AssetDatabase":626830},{"RestService":1414},{"EditorGi":376},{"License":3584},{"UnityConnect":25344},{"Collab":593},{"Upm":2032},{"DrivenProperties":96},{"LocalIPC":272},{"ProfilerEditor":10943},{"CoreBusinessMetrics":3842},{"AssetReference":40},{"IPCStream":40}]}
